split,class,filename,path
train,Aloevera,4278.jpg,C:\Users\Kushal A\OneDrive\Desktop\MAINPROJECT\PhytoVisionAI_Research\dataset\final_split\train\Aloevera\4278.jpg
train,Aloevera,4321.jpg,C:\Users\Kushal A\OneDrive\Desktop\MAINPROJECT\PhytoVisionAI_Research\dataset\final_split\train\Aloevera\4321.jpg
train,Aloevera,4322.jpg,C:\Users\Kushal A\OneDrive\Desktop\MAINPROJECT\PhytoVisionAI_Research\dataset\final_split\train\Aloevera\4322.jpg
train,Aloevera,4259.jpg,C:\Users\Kushal A\OneDrive\Desktop\MAINPROJECT\PhytoVisionAI_Research\dataset\final_split\train\Aloevera\4259.jpg
train,Aloevera,4362.jpg,C:\Users\Kushal A\OneDrive\Desktop\MAINPROJECT\PhytoVisionAI_Research\dataset\final_split\train\Aloevera\4362.jpg
train,Aloevera,4347.jpg,C:\Users\Kushal A\OneDrive\Desktop\MAINPROJECT\PhytoVisionAI_Research\dataset\final_split\train\Aloevera\4347.jpg
train,Aloevera,4305.jpg,C:\Users\Kushal A\OneDrive\Desktop\MAINPROJECT\PhytoVisionAI_Research\dataset\final_split\train\Aloevera\4305.jpg
train,Aloevera,350.jpg,C:\Users\Kushal A\OneDrive\Desktop\MAINPROJECT\PhytoVisionAI_Research\dataset\final_split\train\Aloevera\350.jpg
train,Aloevera,4354.jpg,C:\Users\Kushal A\OneDrive\Desktop\MAINPROJECT\PhytoVisionAI_Research\dataset\final_split\train\Aloevera\4354.jpg
train,Aloevera,4283.jpg,C:\Users\Kushal A\OneDrive\Desktop\MAINPROJECT\PhytoVisionAI_Research\dataset\final_split\train\Aloevera\4283.jpg
train,Aloevera,4247.jpg,C:\Users\Kushal A\OneDrive\Desktop\MAINPROJECT\PhytoVisionAI_Research\dataset\final_split\train\Aloevera\4247.jpg
train,Aloevera,4341.jpg,C:\Users\Kushal A\OneDrive\Desktop\MAINPROJECT\PhytoVisionAI_Research\dataset\final_split\train\Aloevera\4341.jpg
train,Aloevera,862.jpg,C:\Users\Kushal A\OneDrive\Desktop\MAINPROJECT\PhytoVisionAI_Research\dataset\final_split\train\Aloevera\862.jpg
train,Aloevera,4235.jpg,C:\Users\Kushal A\OneDrive\Desktop\MAINPROJECT\PhytoVisionAI_Research\dataset\final_split\train\Aloevera\4235.jpg
train,Aloevera,4344.jpg,C:\Users\Kushal A\OneDrive\Desktop\MAINPROJECT\PhytoVisionAI_Research\dataset\final_split\train\Aloevera\4344.jpg
train,Aloevera,4338.jpg,C:\Users\Kushal A\OneDrive\Desktop\MAINPROJECT\PhytoVisionAI_Research\dataset\final_split\train\Aloevera\4338.jpg
train,Aloevera,339.jpg,C:\Users\Kushal A\OneDrive\Desktop\MAINPROJECT\PhytoVisionAI_Research\dataset\final_split\train\Aloevera\339.jpg
train,Aloevera,4234.jpg,C:\Users\Kushal A\OneDrive\Desktop\MAINPROJECT\PhytoVisionAI_Research\dataset\final_split\train\Aloevera\4234.jpg
train,Aloevera,4269.jpg,C:\Users\Kushal A\OneDrive\Desktop\MAINPROJECT\PhytoVisionAI_Research\dataset\final_split\train\Aloevera\4269.jpg
train,Aloevera,4340.jpg,C:\Users\Kushal A\OneDrive\Desktop\MAINPROJECT\PhytoVisionAI_Research\dataset\final_split\train\Aloevera\4340.jpg
train,Aloevera,4255.jpg,C:\Users\Kushal A\OneDrive\Desktop\MAINPROJECT\PhytoVisionAI_Research\dataset\final_split\train\Aloevera\4255.jpg
train,Aloevera,4289.jpg,C:\Users\Kushal A\OneDrive\Desktop\MAINPROJECT\PhytoVisionAI_Research\dataset\final_split\train\Aloevera\4289.jpg
train,Aloevera,4349.jpg,C:\Users\Kushal A\OneDrive\Desktop\MAINPROJECT\PhytoVisionAI_Research\dataset\final_split\train\Aloevera\4349.jpg
train,Aloevera,4312.jpg,C:\Users\Kushal A\OneDrive\Desktop\MAINPROJECT\PhytoVisionAI_Research\dataset\final_split\train\Aloevera\4312.jpg
train,Aloevera,341.jpg,C:\Users\Kushal A\OneDrive\Desktop\MAINPROJECT\PhytoVisionAI_Research\dataset\final_split\train\Aloevera\341.jpg
train,Aloevera,4236.jpg,C:\Users\Kushal A\OneDrive\Desktop\MAINPROJECT\PhytoVisionAI_Research\dataset\final_split\train\Aloevera\4236.jpg
train,Aloevera,4293.jpg,C:\Users\Kushal A\OneDrive\Desktop\MAINPROJECT\PhytoVisionAI_Research\dataset\final_split\train\Aloevera\4293.jpg
train,Aloevera,4326.jpg,C:\Users\Kushal A\OneDrive\Desktop\MAINPROJECT\PhytoVisionAI_Research\dataset\final_split\train\Aloevera\4326.jpg
train,Aloevera,4284.jpg,C:\Users\Kushal A\OneDrive\Desktop\MAINPROJECT\PhytoVisionAI_Research\dataset\final_split\train\Aloevera\4284.jpg
train,Aloevera,867.jpg,C:\Users\Kushal A\OneDrive\Desktop\MAINPROJECT\PhytoVisionAI_Research\dataset\final_split\train\Aloevera\867.jpg
train,Aloevera,866.jpg,C:\Users\Kushal A\OneDrive\Desktop\MAINPROJECT\PhytoVisionAI_Research\dataset\final_split\train\Aloevera\866.jpg
train,Aloevera,4361.jpg,C:\Users\Kushal A\OneDrive\Desktop\MAINPROJECT\PhytoVisionAI_Research\dataset\final_split\train\Aloevera\4361.jpg
train,Aloevera,4329.jpg,C:\Users\Kushal A\OneDrive\Desktop\MAINPROJECT\PhytoVisionAI_Research\dataset\final_split\train\Aloevera\4329.jpg
train,Aloevera,342.jpg,C:\Users\Kushal A\OneDrive\Desktop\MAINPROJECT\PhytoVisionAI_Research\dataset\final_split\train\Aloevera\342.jpg
train,Aloevera,4319.jpg,C:\Users\Kushal A\OneDrive\Desktop\MAINPROJECT\PhytoVisionAI_Research\dataset\final_split\train\Aloevera\4319.jpg
train,Aloevera,4271.jpg,C:\Users\Kushal A\OneDrive\Desktop\MAINPROJECT\PhytoVisionAI_Research\dataset\final_split\train\Aloevera\4271.jpg
train,Aloevera,4249.jpg,C:\Users\Kushal A\OneDrive\Desktop\MAINPROJECT\PhytoVisionAI_Research\dataset\final_split\train\Aloevera\4249.jpg
train,Aloevera,4292.jpg,C:\Users\Kushal A\OneDrive\Desktop\MAINPROJECT\PhytoVisionAI_Research\dataset\final_split\train\Aloevera\4292.jpg
train,Aloevera,4231.jpg,C:\Users\Kushal A\OneDrive\Desktop\MAINPROJECT\PhytoVisionAI_Research\dataset\final_split\train\Aloevera\4231.jpg
train,Aloevera,4345.jpg,C:\Users\Kushal A\OneDrive\Desktop\MAINPROJECT\PhytoVisionAI_Research\dataset\final_split\train\Aloevera\4345.jpg
train,Aloevera,4270.jpg,C:\Users\Kushal A\OneDrive\Desktop\MAINPROJECT\PhytoVisionAI_Research\dataset\final_split\train\Aloevera\4270.jpg
train,Aloevera,4260.jpg,C:\Users\Kushal A\OneDrive\Desktop\MAINPROJECT\PhytoVisionAI_Research\dataset\final_split\train\Aloevera\4260.jpg
train,Aloevera,4280.jpg,C:\Users\Kushal A\OneDrive\Desktop\MAINPROJECT\PhytoVisionAI_Research\dataset\final_split\train\Aloevera\4280.jpg
train,Aloevera,4316.jpg,C:\Users\Kushal A\OneDrive\Desktop\MAINPROJECT\PhytoVisionAI_Research\dataset\final_split\train\Aloevera\4316.jpg
train,Aloevera,4266.jpg,C:\Users\Kushal A\OneDrive\Desktop\MAINPROJECT\PhytoVisionAI_Research\dataset\final_split\train\Aloevera\4266.jpg
train,Aloevera,4282.jpg,C:\Users\Kushal A\OneDrive\Desktop\MAINPROJECT\PhytoVisionAI_Research\dataset\final_split\train\Aloevera\4282.jpg
train,Aloevera,4335.jpg,C:\Users\Kushal A\OneDrive\Desktop\MAINPROJECT\PhytoVisionAI_Research\dataset\final_split\train\Aloevera\4335.jpg
train,Aloevera,4332.jpg,C:\Users\Kushal A\OneDrive\Desktop\MAINPROJECT\PhytoVisionAI_Research\dataset\final_split\train\Aloevera\4332.jpg
train,Aloevera,4281.jpg,C:\Users\Kushal A\OneDrive\Desktop\MAINPROJECT\PhytoVisionAI_Research\dataset\final_split\train\Aloevera\4281.jpg
train,Aloevera,4233.jpg,C:\Users\Kushal A\OneDrive\Desktop\MAINPROJECT\PhytoVisionAI_Research\dataset\final_split\train\Aloevera\4233.jpg
train,Aloevera,4300.jpg,C:\Users\Kushal A\OneDrive\Desktop\MAINPROJECT\PhytoVisionAI_Research\dataset\final_split\train\Aloevera\4300.jpg
train,Aloevera,4286.jpg,C:\Users\Kushal A\OneDrive\Desktop\MAINPROJECT\PhytoVisionAI_Research\dataset\final_split\train\Aloevera\4286.jpg
train,Aloevera,4348.jpg,C:\Users\Kushal A\OneDrive\Desktop\MAINPROJECT\PhytoVisionAI_Research\dataset\final_split\train\Aloevera\4348.jpg
train,Aloevera,4242.jpg,C:\Users\Kushal A\OneDrive\Desktop\MAINPROJECT\PhytoVisionAI_Research\dataset\final_split\train\Aloevera\4242.jpg
train,Aloevera,4295.jpg,C:\Users\Kushal A\OneDrive\Desktop\MAINPROJECT\PhytoVisionAI_Research\dataset\final_split\train\Aloevera\4295.jpg
train,Aloevera,4327.jpg,C:\Users\Kushal A\OneDrive\Desktop\MAINPROJECT\PhytoVisionAI_Research\dataset\final_split\train\Aloevera\4327.jpg
train,Aloevera,4230.jpg,C:\Users\Kushal A\OneDrive\Desktop\MAINPROJECT\PhytoVisionAI_Research\dataset\final_split\train\Aloevera\4230.jpg
train,Aloevera,4308.jpg,C:\Users\Kushal A\OneDrive\Desktop\MAINPROJECT\PhytoVisionAI_Research\dataset\final_split\train\Aloevera\4308.jpg
train,Aloevera,4351.jpg,C:\Users\Kushal A\OneDrive\Desktop\MAINPROJECT\PhytoVisionAI_Research\dataset\final_split\train\Aloevera\4351.jpg
train,Aloevera,4357.jpg,C:\Users\Kushal A\OneDrive\Desktop\MAINPROJECT\PhytoVisionAI_Research\dataset\final_split\train\Aloevera\4357.jpg
train,Aloevera,4253.jpg,C:\Users\Kushal A\OneDrive\Desktop\MAINPROJECT\PhytoVisionAI_Research\dataset\final_split\train\Aloevera\4253.jpg
train,Aloevera,4277.jpg,C:\Users\Kushal A\OneDrive\Desktop\MAINPROJECT\PhytoVisionAI_Research\dataset\final_split\train\Aloevera\4277.jpg
train,Aloevera,4309.jpg,C:\Users\Kushal A\OneDrive\Desktop\MAINPROJECT\PhytoVisionAI_Research\dataset\final_split\train\Aloevera\4309.jpg
train,Aloevera,4244.jpg,C:\Users\Kushal A\OneDrive\Desktop\MAINPROJECT\PhytoVisionAI_Research\dataset\final_split\train\Aloevera\4244.jpg
train,Aloevera,4337.jpg,C:\Users\Kushal A\OneDrive\Desktop\MAINPROJECT\PhytoVisionAI_Research\dataset\final_split\train\Aloevera\4337.jpg
train,Aloevera,4291.jpg,C:\Users\Kushal A\OneDrive\Desktop\MAINPROJECT\PhytoVisionAI_Research\dataset\final_split\train\Aloevera\4291.jpg
train,Aloevera,4268.jpg,C:\Users\Kushal A\OneDrive\Desktop\MAINPROJECT\PhytoVisionAI_Research\dataset\final_split\train\Aloevera\4268.jpg
train,Aloevera,4353.jpg,C:\Users\Kushal A\OneDrive\Desktop\MAINPROJECT\PhytoVisionAI_Research\dataset\final_split\train\Aloevera\4353.jpg
train,Aloevera,343.jpg,C:\Users\Kushal A\OneDrive\Desktop\MAINPROJECT\PhytoVisionAI_Research\dataset\final_split\train\Aloevera\343.jpg
train,Aloevera,4313.jpg,C:\Users\Kushal A\OneDrive\Desktop\MAINPROJECT\PhytoVisionAI_Research\dataset\final_split\train\Aloevera\4313.jpg
train,Aloevera,4367.jpg,C:\Users\Kushal A\OneDrive\Desktop\MAINPROJECT\PhytoVisionAI_Research\dataset\final_split\train\Aloevera\4367.jpg
train,Aloevera,4258.jpg,C:\Users\Kushal A\OneDrive\Desktop\MAINPROJECT\PhytoVisionAI_Research\dataset\final_split\train\Aloevera\4258.jpg
train,Aloevera,870.jpg,C:\Users\Kushal A\OneDrive\Desktop\MAINPROJECT\PhytoVisionAI_Research\dataset\final_split\train\Aloevera\870.jpg
train,Aloevera,4350.jpg,C:\Users\Kushal A\OneDrive\Desktop\MAINPROJECT\PhytoVisionAI_Research\dataset\final_split\train\Aloevera\4350.jpg
train,Aloevera,4318.jpg,C:\Users\Kushal A\OneDrive\Desktop\MAINPROJECT\PhytoVisionAI_Research\dataset\final_split\train\Aloevera\4318.jpg
train,Aloevera,4311.jpg,C:\Users\Kushal A\OneDrive\Desktop\MAINPROJECT\PhytoVisionAI_Research\dataset\final_split\train\Aloevera\4311.jpg
train,Aloevera,4364.jpg,C:\Users\Kushal A\OneDrive\Desktop\MAINPROJECT\PhytoVisionAI_Research\dataset\final_split\train\Aloevera\4364.jpg
train,Aloevera,4306.jpg,C:\Users\Kushal A\OneDrive\Desktop\MAINPROJECT\PhytoVisionAI_Research\dataset\final_split\train\Aloevera\4306.jpg
train,Aloevera,4248.jpg,C:\Users\Kushal A\OneDrive\Desktop\MAINPROJECT\PhytoVisionAI_Research\dataset\final_split\train\Aloevera\4248.jpg
train,Aloevera,4333.jpg,C:\Users\Kushal A\OneDrive\Desktop\MAINPROJECT\PhytoVisionAI_Research\dataset\final_split\train\Aloevera\4333.jpg
train,Aloevera,4238.jpg,C:\Users\Kushal A\OneDrive\Desktop\MAINPROJECT\PhytoVisionAI_Research\dataset\final_split\train\Aloevera\4238.jpg
train,Aloevera,4339.jpg,C:\Users\Kushal A\OneDrive\Desktop\MAINPROJECT\PhytoVisionAI_Research\dataset\final_split\train\Aloevera\4339.jpg
train,Aloevera,348.jpg,C:\Users\Kushal A\OneDrive\Desktop\MAINPROJECT\PhytoVisionAI_Research\dataset\final_split\train\Aloevera\348.jpg
train,Aloevera,4299.jpg,C:\Users\Kushal A\OneDrive\Desktop\MAINPROJECT\PhytoVisionAI_Research\dataset\final_split\train\Aloevera\4299.jpg
train,Aloevera,4251.jpg,C:\Users\Kushal A\OneDrive\Desktop\MAINPROJECT\PhytoVisionAI_Research\dataset\final_split\train\Aloevera\4251.jpg
train,Aloevera,4302.jpg,C:\Users\Kushal A\OneDrive\Desktop\MAINPROJECT\PhytoVisionAI_Research\dataset\final_split\train\Aloevera\4302.jpg
train,Aloevera,4363.jpg,C:\Users\Kushal A\OneDrive\Desktop\MAINPROJECT\PhytoVisionAI_Research\dataset\final_split\train\Aloevera\4363.jpg
train,Aloevera,4342.jpg,C:\Users\Kushal A\OneDrive\Desktop\MAINPROJECT\PhytoVisionAI_Research\dataset\final_split\train\Aloevera\4342.jpg
train,Aloevera,4264.jpg,C:\Users\Kushal A\OneDrive\Desktop\MAINPROJECT\PhytoVisionAI_Research\dataset\final_split\train\Aloevera\4264.jpg
train,Aloevera,4237.jpg,C:\Users\Kushal A\OneDrive\Desktop\MAINPROJECT\PhytoVisionAI_Research\dataset\final_split\train\Aloevera\4237.jpg
train,Aloevera,4358.jpg,C:\Users\Kushal A\OneDrive\Desktop\MAINPROJECT\PhytoVisionAI_Research\dataset\final_split\train\Aloevera\4358.jpg
train,Aloevera,4298.jpg,C:\Users\Kushal A\OneDrive\Desktop\MAINPROJECT\PhytoVisionAI_Research\dataset\final_split\train\Aloevera\4298.jpg
train,Aloevera,4334.jpg,C:\Users\Kushal A\OneDrive\Desktop\MAINPROJECT\PhytoVisionAI_Research\dataset\final_split\train\Aloevera\4334.jpg
train,Aloevera,865.jpg,C:\Users\Kushal A\OneDrive\Desktop\MAINPROJECT\PhytoVisionAI_Research\dataset\final_split\train\Aloevera\865.jpg
train,Aloevera,4359.jpg,C:\Users\Kushal A\OneDrive\Desktop\MAINPROJECT\PhytoVisionAI_Research\dataset\final_split\train\Aloevera\4359.jpg
train,Aloevera,4343.jpg,C:\Users\Kushal A\OneDrive\Desktop\MAINPROJECT\PhytoVisionAI_Research\dataset\final_split\train\Aloevera\4343.jpg
train,Aloevera,4317.jpg,C:\Users\Kushal A\OneDrive\Desktop\MAINPROJECT\PhytoVisionAI_Research\dataset\final_split\train\Aloevera\4317.jpg
train,Aloevera,4330.jpg,C:\Users\Kushal A\OneDrive\Desktop\MAINPROJECT\PhytoVisionAI_Research\dataset\final_split\train\Aloevera\4330.jpg
train,Aloevera,4328.jpg,C:\Users\Kushal A\OneDrive\Desktop\MAINPROJECT\PhytoVisionAI_Research\dataset\final_split\train\Aloevera\4328.jpg
train,Aloevera,4315.jpg,C:\Users\Kushal A\OneDrive\Desktop\MAINPROJECT\PhytoVisionAI_Research\dataset\final_split\train\Aloevera\4315.jpg
train,Aloevera,4246.jpg,C:\Users\Kushal A\OneDrive\Desktop\MAINPROJECT\PhytoVisionAI_Research\dataset\final_split\train\Aloevera\4246.jpg
train,Aloevera,4301.jpg,C:\Users\Kushal A\OneDrive\Desktop\MAINPROJECT\PhytoVisionAI_Research\dataset\final_split\train\Aloevera\4301.jpg
train,Aloevera,4336.jpg,C:\Users\Kushal A\OneDrive\Desktop\MAINPROJECT\PhytoVisionAI_Research\dataset\final_split\train\Aloevera\4336.jpg
train,Aloevera,861.jpg,C:\Users\Kushal A\OneDrive\Desktop\MAINPROJECT\PhytoVisionAI_Research\dataset\final_split\train\Aloevera\861.jpg
train,Aloevera,4307.jpg,C:\Users\Kushal A\OneDrive\Desktop\MAINPROJECT\PhytoVisionAI_Research\dataset\final_split\train\Aloevera\4307.jpg
train,Aloevera,4241.jpg,C:\Users\Kushal A\OneDrive\Desktop\MAINPROJECT\PhytoVisionAI_Research\dataset\final_split\train\Aloevera\4241.jpg
train,Aloevera,4290.jpg,C:\Users\Kushal A\OneDrive\Desktop\MAINPROJECT\PhytoVisionAI_Research\dataset\final_split\train\Aloevera\4290.jpg
train,Aloevera,4263.jpg,C:\Users\Kushal A\OneDrive\Desktop\MAINPROJECT\PhytoVisionAI_Research\dataset\final_split\train\Aloevera\4263.jpg
train,Aloevera,4296.jpg,C:\Users\Kushal A\OneDrive\Desktop\MAINPROJECT\PhytoVisionAI_Research\dataset\final_split\train\Aloevera\4296.jpg
train,Aloevera,4297.jpg,C:\Users\Kushal A\OneDrive\Desktop\MAINPROJECT\PhytoVisionAI_Research\dataset\final_split\train\Aloevera\4297.jpg
train,Aloevera,4323.jpg,C:\Users\Kushal A\OneDrive\Desktop\MAINPROJECT\PhytoVisionAI_Research\dataset\final_split\train\Aloevera\4323.jpg
train,Aloevera,4254.jpg,C:\Users\Kushal A\OneDrive\Desktop\MAINPROJECT\PhytoVisionAI_Research\dataset\final_split\train\Aloevera\4254.jpg
train,Aloevera,868.jpg,C:\Users\Kushal A\OneDrive\Desktop\MAINPROJECT\PhytoVisionAI_Research\dataset\final_split\train\Aloevera\868.jpg
train,Aloevera,349.jpg,C:\Users\Kushal A\OneDrive\Desktop\MAINPROJECT\PhytoVisionAI_Research\dataset\final_split\train\Aloevera\349.jpg
train,Amla,1406.jpg,C:\Users\Kushal A\OneDrive\Desktop\MAINPROJECT\PhytoVisionAI_Research\dataset\final_split\train\Amla\1406.jpg
train,Amla,1371.jpg,C:\Users\Kushal A\OneDrive\Desktop\MAINPROJECT\PhytoVisionAI_Research\dataset\final_split\train\Amla\1371.jpg
train,Amla,1337.jpg,C:\Users\Kushal A\OneDrive\Desktop\MAINPROJECT\PhytoVisionAI_Research\dataset\final_split\train\Amla\1337.jpg
train,Amla,1389.jpg,C:\Users\Kushal A\OneDrive\Desktop\MAINPROJECT\PhytoVisionAI_Research\dataset\final_split\train\Amla\1389.jpg
train,Amla,1332.jpg,C:\Users\Kushal A\OneDrive\Desktop\MAINPROJECT\PhytoVisionAI_Research\dataset\final_split\train\Amla\1332.jpg
train,Amla,1311.jpg,C:\Users\Kushal A\OneDrive\Desktop\MAINPROJECT\PhytoVisionAI_Research\dataset\final_split\train\Amla\1311.jpg
train,Amla,1401.jpg,C:\Users\Kushal A\OneDrive\Desktop\MAINPROJECT\PhytoVisionAI_Research\dataset\final_split\train\Amla\1401.jpg
train,Amla,27.jpg,C:\Users\Kushal A\OneDrive\Desktop\MAINPROJECT\PhytoVisionAI_Research\dataset\final_split\train\Amla\27.jpg
train,Amla,1319.jpg,C:\Users\Kushal A\OneDrive\Desktop\MAINPROJECT\PhytoVisionAI_Research\dataset\final_split\train\Amla\1319.jpg
train,Amla,1318.jpg,C:\Users\Kushal A\OneDrive\Desktop\MAINPROJECT\PhytoVisionAI_Research\dataset\final_split\train\Amla\1318.jpg
train,Amla,1324.jpg,C:\Users\Kushal A\OneDrive\Desktop\MAINPROJECT\PhytoVisionAI_Research\dataset\final_split\train\Amla\1324.jpg
train,Amla,1414.jpg,C:\Users\Kushal A\OneDrive\Desktop\MAINPROJECT\PhytoVisionAI_Research\dataset\final_split\train\Amla\1414.jpg
train,Amla,1403.jpg,C:\Users\Kushal A\OneDrive\Desktop\MAINPROJECT\PhytoVisionAI_Research\dataset\final_split\train\Amla\1403.jpg
train,Amla,1363.jpg,C:\Users\Kushal A\OneDrive\Desktop\MAINPROJECT\PhytoVisionAI_Research\dataset\final_split\train\Amla\1363.jpg
train,Amla,1358.jpg,C:\Users\Kushal A\OneDrive\Desktop\MAINPROJECT\PhytoVisionAI_Research\dataset\final_split\train\Amla\1358.jpg
train,Amla,554.jpg,C:\Users\Kushal A\OneDrive\Desktop\MAINPROJECT\PhytoVisionAI_Research\dataset\final_split\train\Amla\554.jpg
train,Amla,1344.jpg,C:\Users\Kushal A\OneDrive\Desktop\MAINPROJECT\PhytoVisionAI_Research\dataset\final_split\train\Amla\1344.jpg
train,Amla,1338.jpg,C:\Users\Kushal A\OneDrive\Desktop\MAINPROJECT\PhytoVisionAI_Research\dataset\final_split\train\Amla\1338.jpg
train,Amla,555.jpg,C:\Users\Kushal A\OneDrive\Desktop\MAINPROJECT\PhytoVisionAI_Research\dataset\final_split\train\Amla\555.jpg
train,Amla,1323.jpg,C:\Users\Kushal A\OneDrive\Desktop\MAINPROJECT\PhytoVisionAI_Research\dataset\final_split\train\Amla\1323.jpg
train,Amla,1320.jpg,C:\Users\Kushal A\OneDrive\Desktop\MAINPROJECT\PhytoVisionAI_Research\dataset\final_split\train\Amla\1320.jpg
train,Amla,1301.jpg,C:\Users\Kushal A\OneDrive\Desktop\MAINPROJECT\PhytoVisionAI_Research\dataset\final_split\train\Amla\1301.jpg
train,Amla,551.jpg,C:\Users\Kushal A\OneDrive\Desktop\MAINPROJECT\PhytoVisionAI_Research\dataset\final_split\train\Amla\551.jpg
train,Amla,1317.jpg,C:\Users\Kushal A\OneDrive\Desktop\MAINPROJECT\PhytoVisionAI_Research\dataset\final_split\train\Amla\1317.jpg
train,Amla,558.jpg,C:\Users\Kushal A\OneDrive\Desktop\MAINPROJECT\PhytoVisionAI_Research\dataset\final_split\train\Amla\558.jpg
train,Amla,547.jpg,C:\Users\Kushal A\OneDrive\Desktop\MAINPROJECT\PhytoVisionAI_Research\dataset\final_split\train\Amla\547.jpg
train,Amla,1374.jpg,C:\Users\Kushal A\OneDrive\Desktop\MAINPROJECT\PhytoVisionAI_Research\dataset\final_split\train\Amla\1374.jpg
train,Amla,1314.jpg,C:\Users\Kushal A\OneDrive\Desktop\MAINPROJECT\PhytoVisionAI_Research\dataset\final_split\train\Amla\1314.jpg
train,Amla,1386.jpg,C:\Users\Kushal A\OneDrive\Desktop\MAINPROJECT\PhytoVisionAI_Research\dataset\final_split\train\Amla\1386.jpg
train,Amla,1305.jpg,C:\Users\Kushal A\OneDrive\Desktop\MAINPROJECT\PhytoVisionAI_Research\dataset\final_split\train\Amla\1305.jpg
train,Amla,1313.jpg,C:\Users\Kushal A\OneDrive\Desktop\MAINPROJECT\PhytoVisionAI_Research\dataset\final_split\train\Amla\1313.jpg
train,Amla,30.jpg,C:\Users\Kushal A\OneDrive\Desktop\MAINPROJECT\PhytoVisionAI_Research\dataset\final_split\train\Amla\30.jpg
train,Amla,1417.jpg,C:\Users\Kushal A\OneDrive\Desktop\MAINPROJECT\PhytoVisionAI_Research\dataset\final_split\train\Amla\1417.jpg
train,Amla,1334.jpg,C:\Users\Kushal A\OneDrive\Desktop\MAINPROJECT\PhytoVisionAI_Research\dataset\final_split\train\Amla\1334.jpg
train,Amla,1353.jpg,C:\Users\Kushal A\OneDrive\Desktop\MAINPROJECT\PhytoVisionAI_Research\dataset\final_split\train\Amla\1353.jpg
train,Amla,1409.jpg,C:\Users\Kushal A\OneDrive\Desktop\MAINPROJECT\PhytoVisionAI_Research\dataset\final_split\train\Amla\1409.jpg
train,Amla,1340.jpg,C:\Users\Kushal A\OneDrive\Desktop\MAINPROJECT\PhytoVisionAI_Research\dataset\final_split\train\Amla\1340.jpg
train,Amla,1407.jpg,C:\Users\Kushal A\OneDrive\Desktop\MAINPROJECT\PhytoVisionAI_Research\dataset\final_split\train\Amla\1407.jpg
train,Amla,1415.jpg,C:\Users\Kushal A\OneDrive\Desktop\MAINPROJECT\PhytoVisionAI_Research\dataset\final_split\train\Amla\1415.jpg
train,Amla,1348.jpg,C:\Users\Kushal A\OneDrive\Desktop\MAINPROJECT\PhytoVisionAI_Research\dataset\final_split\train\Amla\1348.jpg
train,Amla,1349.jpg,C:\Users\Kushal A\OneDrive\Desktop\MAINPROJECT\PhytoVisionAI_Research\dataset\final_split\train\Amla\1349.jpg
train,Amla,550.jpg,C:\Users\Kushal A\OneDrive\Desktop\MAINPROJECT\PhytoVisionAI_Research\dataset\final_split\train\Amla\550.jpg
train,Amla,1303.jpg,C:\Users\Kushal A\OneDrive\Desktop\MAINPROJECT\PhytoVisionAI_Research\dataset\final_split\train\Amla\1303.jpg
train,Amla,1373.jpg,C:\Users\Kushal A\OneDrive\Desktop\MAINPROJECT\PhytoVisionAI_Research\dataset\final_split\train\Amla\1373.jpg
train,Amla,1352.jpg,C:\Users\Kushal A\OneDrive\Desktop\MAINPROJECT\PhytoVisionAI_Research\dataset\final_split\train\Amla\1352.jpg
train,Amla,1400.jpg,C:\Users\Kushal A\OneDrive\Desktop\MAINPROJECT\PhytoVisionAI_Research\dataset\final_split\train\Amla\1400.jpg
train,Amla,1322.jpg,C:\Users\Kushal A\OneDrive\Desktop\MAINPROJECT\PhytoVisionAI_Research\dataset\final_split\train\Amla\1322.jpg
train,Amla,1364.jpg,C:\Users\Kushal A\OneDrive\Desktop\MAINPROJECT\PhytoVisionAI_Research\dataset\final_split\train\Amla\1364.jpg
train,Amla,1380.jpg,C:\Users\Kushal A\OneDrive\Desktop\MAINPROJECT\PhytoVisionAI_Research\dataset\final_split\train\Amla\1380.jpg
train,Amla,1355.jpg,C:\Users\Kushal A\OneDrive\Desktop\MAINPROJECT\PhytoVisionAI_Research\dataset\final_split\train\Amla\1355.jpg
train,Amla,1306.jpg,C:\Users\Kushal A\OneDrive\Desktop\MAINPROJECT\PhytoVisionAI_Research\dataset\final_split\train\Amla\1306.jpg
train,Amla,1312.jpg,C:\Users\Kushal A\OneDrive\Desktop\MAINPROJECT\PhytoVisionAI_Research\dataset\final_split\train\Amla\1312.jpg
train,Amla,1326.jpg,C:\Users\Kushal A\OneDrive\Desktop\MAINPROJECT\PhytoVisionAI_Research\dataset\final_split\train\Amla\1326.jpg
train,Amla,1394.jpg,C:\Users\Kushal A\OneDrive\Desktop\MAINPROJECT\PhytoVisionAI_Research\dataset\final_split\train\Amla\1394.jpg
train,Amla,1413.jpg,C:\Users\Kushal A\OneDrive\Desktop\MAINPROJECT\PhytoVisionAI_Research\dataset\final_split\train\Amla\1413.jpg
train,Amla,553.jpg,C:\Users\Kushal A\OneDrive\Desktop\MAINPROJECT\PhytoVisionAI_Research\dataset\final_split\train\Amla\553.jpg
train,Amla,1387.jpg,C:\Users\Kushal A\OneDrive\Desktop\MAINPROJECT\PhytoVisionAI_Research\dataset\final_split\train\Amla\1387.jpg
train,Amla,1405.jpg,C:\Users\Kushal A\OneDrive\Desktop\MAINPROJECT\PhytoVisionAI_Research\dataset\final_split\train\Amla\1405.jpg
train,Amla,34.jpg,C:\Users\Kushal A\OneDrive\Desktop\MAINPROJECT\PhytoVisionAI_Research\dataset\final_split\train\Amla\34.jpg
train,Amla,1336.jpg,C:\Users\Kushal A\OneDrive\Desktop\MAINPROJECT\PhytoVisionAI_Research\dataset\final_split\train\Amla\1336.jpg
train,Amla,1390.jpg,C:\Users\Kushal A\OneDrive\Desktop\MAINPROJECT\PhytoVisionAI_Research\dataset\final_split\train\Amla\1390.jpg
train,Amla,1359.jpg,C:\Users\Kushal A\OneDrive\Desktop\MAINPROJECT\PhytoVisionAI_Research\dataset\final_split\train\Amla\1359.jpg
train,Amla,1346.jpg,C:\Users\Kushal A\OneDrive\Desktop\MAINPROJECT\PhytoVisionAI_Research\dataset\final_split\train\Amla\1346.jpg
train,Amla,1411.jpg,C:\Users\Kushal A\OneDrive\Desktop\MAINPROJECT\PhytoVisionAI_Research\dataset\final_split\train\Amla\1411.jpg
train,Amla,1402.jpg,C:\Users\Kushal A\OneDrive\Desktop\MAINPROJECT\PhytoVisionAI_Research\dataset\final_split\train\Amla\1402.jpg
train,Amla,1418.jpg,C:\Users\Kushal A\OneDrive\Desktop\MAINPROJECT\PhytoVisionAI_Research\dataset\final_split\train\Amla\1418.jpg
train,Amla,1335.jpg,C:\Users\Kushal A\OneDrive\Desktop\MAINPROJECT\PhytoVisionAI_Research\dataset\final_split\train\Amla\1335.jpg
train,Amla,39.jpg,C:\Users\Kushal A\OneDrive\Desktop\MAINPROJECT\PhytoVisionAI_Research\dataset\final_split\train\Amla\39.jpg
train,Amla,1365.jpg,C:\Users\Kushal A\OneDrive\Desktop\MAINPROJECT\PhytoVisionAI_Research\dataset\final_split\train\Amla\1365.jpg
train,Amla,559.jpg,C:\Users\Kushal A\OneDrive\Desktop\MAINPROJECT\PhytoVisionAI_Research\dataset\final_split\train\Amla\559.jpg
train,Amla,1342.jpg,C:\Users\Kushal A\OneDrive\Desktop\MAINPROJECT\PhytoVisionAI_Research\dataset\final_split\train\Amla\1342.jpg
train,Amla,38.jpg,C:\Users\Kushal A\OneDrive\Desktop\MAINPROJECT\PhytoVisionAI_Research\dataset\final_split\train\Amla\38.jpg
train,Amla,1410.jpg,C:\Users\Kushal A\OneDrive\Desktop\MAINPROJECT\PhytoVisionAI_Research\dataset\final_split\train\Amla\1410.jpg
train,Amla,1379.jpg,C:\Users\Kushal A\OneDrive\Desktop\MAINPROJECT\PhytoVisionAI_Research\dataset\final_split\train\Amla\1379.jpg
train,Amla,33.jpg,C:\Users\Kushal A\OneDrive\Desktop\MAINPROJECT\PhytoVisionAI_Research\dataset\final_split\train\Amla\33.jpg
train,Amla,1309.jpg,C:\Users\Kushal A\OneDrive\Desktop\MAINPROJECT\PhytoVisionAI_Research\dataset\final_split\train\Amla\1309.jpg
train,Amla,548.jpg,C:\Users\Kushal A\OneDrive\Desktop\MAINPROJECT\PhytoVisionAI_Research\dataset\final_split\train\Amla\548.jpg
train,Amla,1399.jpg,C:\Users\Kushal A\OneDrive\Desktop\MAINPROJECT\PhytoVisionAI_Research\dataset\final_split\train\Amla\1399.jpg
train,Amla,1381.jpg,C:\Users\Kushal A\OneDrive\Desktop\MAINPROJECT\PhytoVisionAI_Research\dataset\final_split\train\Amla\1381.jpg
train,Amla,1329.jpg,C:\Users\Kushal A\OneDrive\Desktop\MAINPROJECT\PhytoVisionAI_Research\dataset\final_split\train\Amla\1329.jpg
train,Amla,1408.jpg,C:\Users\Kushal A\OneDrive\Desktop\MAINPROJECT\PhytoVisionAI_Research\dataset\final_split\train\Amla\1408.jpg
train,Amla,1375.jpg,C:\Users\Kushal A\OneDrive\Desktop\MAINPROJECT\PhytoVisionAI_Research\dataset\final_split\train\Amla\1375.jpg
train,Amla,1302.jpg,C:\Users\Kushal A\OneDrive\Desktop\MAINPROJECT\PhytoVisionAI_Research\dataset\final_split\train\Amla\1302.jpg
train,Amla,1343.jpg,C:\Users\Kushal A\OneDrive\Desktop\MAINPROJECT\PhytoVisionAI_Research\dataset\final_split\train\Amla\1343.jpg
train,Amla,1416.jpg,C:\Users\Kushal A\OneDrive\Desktop\MAINPROJECT\PhytoVisionAI_Research\dataset\final_split\train\Amla\1416.jpg
train,Amla,37.jpg,C:\Users\Kushal A\OneDrive\Desktop\MAINPROJECT\PhytoVisionAI_Research\dataset\final_split\train\Amla\37.jpg
train,Amla,1331.jpg,C:\Users\Kushal A\OneDrive\Desktop\MAINPROJECT\PhytoVisionAI_Research\dataset\final_split\train\Amla\1331.jpg
train,Amla,1315.jpg,C:\Users\Kushal A\OneDrive\Desktop\MAINPROJECT\PhytoVisionAI_Research\dataset\final_split\train\Amla\1315.jpg
train,Amla,1357.jpg,C:\Users\Kushal A\OneDrive\Desktop\MAINPROJECT\PhytoVisionAI_Research\dataset\final_split\train\Amla\1357.jpg
train,Amla,1366.jpg,C:\Users\Kushal A\OneDrive\Desktop\MAINPROJECT\PhytoVisionAI_Research\dataset\final_split\train\Amla\1366.jpg
train,Amla,1356.jpg,C:\Users\Kushal A\OneDrive\Desktop\MAINPROJECT\PhytoVisionAI_Research\dataset\final_split\train\Amla\1356.jpg
train,Amla,1347.jpg,C:\Users\Kushal A\OneDrive\Desktop\MAINPROJECT\PhytoVisionAI_Research\dataset\final_split\train\Amla\1347.jpg
train,Amla,1383.jpg,C:\Users\Kushal A\OneDrive\Desktop\MAINPROJECT\PhytoVisionAI_Research\dataset\final_split\train\Amla\1383.jpg
train,Amla,1385.jpg,C:\Users\Kushal A\OneDrive\Desktop\MAINPROJECT\PhytoVisionAI_Research\dataset\final_split\train\Amla\1385.jpg
train,Amla,1351.jpg,C:\Users\Kushal A\OneDrive\Desktop\MAINPROJECT\PhytoVisionAI_Research\dataset\final_split\train\Amla\1351.jpg
train,Amla,552.jpg,C:\Users\Kushal A\OneDrive\Desktop\MAINPROJECT\PhytoVisionAI_Research\dataset\final_split\train\Amla\552.jpg
train,Amla,1391.jpg,C:\Users\Kushal A\OneDrive\Desktop\MAINPROJECT\PhytoVisionAI_Research\dataset\final_split\train\Amla\1391.jpg
train,Amla,1325.jpg,C:\Users\Kushal A\OneDrive\Desktop\MAINPROJECT\PhytoVisionAI_Research\dataset\final_split\train\Amla\1325.jpg
train,Amla,1388.jpg,C:\Users\Kushal A\OneDrive\Desktop\MAINPROJECT\PhytoVisionAI_Research\dataset\final_split\train\Amla\1388.jpg
train,Amla,1419.jpg,C:\Users\Kushal A\OneDrive\Desktop\MAINPROJECT\PhytoVisionAI_Research\dataset\final_split\train\Amla\1419.jpg
train,Amla,1396.jpg,C:\Users\Kushal A\OneDrive\Desktop\MAINPROJECT\PhytoVisionAI_Research\dataset\final_split\train\Amla\1396.jpg
train,Amla,1369.jpg,C:\Users\Kushal A\OneDrive\Desktop\MAINPROJECT\PhytoVisionAI_Research\dataset\final_split\train\Amla\1369.jpg
train,Amruta_Balli,2467.jpg,C:\Users\Kushal A\OneDrive\Desktop\MAINPROJECT\PhytoVisionAI_Research\dataset\final_split\train\Amruta_Balli\2467.jpg
train,Amruta_Balli,2417.jpg,C:\Users\Kushal A\OneDrive\Desktop\MAINPROJECT\PhytoVisionAI_Research\dataset\final_split\train\Amruta_Balli\2417.jpg
train,Amruta_Balli,2517.jpg,C:\Users\Kushal A\OneDrive\Desktop\MAINPROJECT\PhytoVisionAI_Research\dataset\final_split\train\Amruta_Balli\2517.jpg
train,Amruta_Balli,2456.jpg,C:\Users\Kushal A\OneDrive\Desktop\MAINPROJECT\PhytoVisionAI_Research\dataset\final_split\train\Amruta_Balli\2456.jpg
train,Amruta_Balli,2445.jpg,C:\Users\Kushal A\OneDrive\Desktop\MAINPROJECT\PhytoVisionAI_Research\dataset\final_split\train\Amruta_Balli\2445.jpg
train,Amruta_Balli,665.jpg,C:\Users\Kushal A\OneDrive\Desktop\MAINPROJECT\PhytoVisionAI_Research\dataset\final_split\train\Amruta_Balli\665.jpg
train,Amruta_Balli,672.jpg,C:\Users\Kushal A\OneDrive\Desktop\MAINPROJECT\PhytoVisionAI_Research\dataset\final_split\train\Amruta_Balli\672.jpg
train,Amruta_Balli,2505.jpg,C:\Users\Kushal A\OneDrive\Desktop\MAINPROJECT\PhytoVisionAI_Research\dataset\final_split\train\Amruta_Balli\2505.jpg
train,Amruta_Balli,2487.jpg,C:\Users\Kushal A\OneDrive\Desktop\MAINPROJECT\PhytoVisionAI_Research\dataset\final_split\train\Amruta_Balli\2487.jpg
train,Amruta_Balli,2509.jpg,C:\Users\Kushal A\OneDrive\Desktop\MAINPROJECT\PhytoVisionAI_Research\dataset\final_split\train\Amruta_Balli\2509.jpg
train,Amruta_Balli,2432.jpg,C:\Users\Kushal A\OneDrive\Desktop\MAINPROJECT\PhytoVisionAI_Research\dataset\final_split\train\Amruta_Balli\2432.jpg
train,Amruta_Balli,2490.jpg,C:\Users\Kushal A\OneDrive\Desktop\MAINPROJECT\PhytoVisionAI_Research\dataset\final_split\train\Amruta_Balli\2490.jpg
train,Amruta_Balli,155.jpg,C:\Users\Kushal A\OneDrive\Desktop\MAINPROJECT\PhytoVisionAI_Research\dataset\final_split\train\Amruta_Balli\155.jpg
train,Amruta_Balli,2481.jpg,C:\Users\Kushal A\OneDrive\Desktop\MAINPROJECT\PhytoVisionAI_Research\dataset\final_split\train\Amruta_Balli\2481.jpg
train,Amruta_Balli,2420.jpg,C:\Users\Kushal A\OneDrive\Desktop\MAINPROJECT\PhytoVisionAI_Research\dataset\final_split\train\Amruta_Balli\2420.jpg
train,Amruta_Balli,2419.jpg,C:\Users\Kushal A\OneDrive\Desktop\MAINPROJECT\PhytoVisionAI_Research\dataset\final_split\train\Amruta_Balli\2419.jpg
train,Amruta_Balli,2423.jpg,C:\Users\Kushal A\OneDrive\Desktop\MAINPROJECT\PhytoVisionAI_Research\dataset\final_split\train\Amruta_Balli\2423.jpg
train,Amruta_Balli,2459.jpg,C:\Users\Kushal A\OneDrive\Desktop\MAINPROJECT\PhytoVisionAI_Research\dataset\final_split\train\Amruta_Balli\2459.jpg
train,Amruta_Balli,668.jpg,C:\Users\Kushal A\OneDrive\Desktop\MAINPROJECT\PhytoVisionAI_Research\dataset\final_split\train\Amruta_Balli\668.jpg
train,Amruta_Balli,2504.jpg,C:\Users\Kushal A\OneDrive\Desktop\MAINPROJECT\PhytoVisionAI_Research\dataset\final_split\train\Amruta_Balli\2504.jpg
train,Amruta_Balli,2471.jpg,C:\Users\Kushal A\OneDrive\Desktop\MAINPROJECT\PhytoVisionAI_Research\dataset\final_split\train\Amruta_Balli\2471.jpg
train,Amruta_Balli,2424.jpg,C:\Users\Kushal A\OneDrive\Desktop\MAINPROJECT\PhytoVisionAI_Research\dataset\final_split\train\Amruta_Balli\2424.jpg
train,Amruta_Balli,148.jpg,C:\Users\Kushal A\OneDrive\Desktop\MAINPROJECT\PhytoVisionAI_Research\dataset\final_split\train\Amruta_Balli\148.jpg
train,Amruta_Balli,2502.jpg,C:\Users\Kushal A\OneDrive\Desktop\MAINPROJECT\PhytoVisionAI_Research\dataset\final_split\train\Amruta_Balli\2502.jpg
train,Amruta_Balli,2450.jpg,C:\Users\Kushal A\OneDrive\Desktop\MAINPROJECT\PhytoVisionAI_Research\dataset\final_split\train\Amruta_Balli\2450.jpg
train,Amruta_Balli,2503.jpg,C:\Users\Kushal A\OneDrive\Desktop\MAINPROJECT\PhytoVisionAI_Research\dataset\final_split\train\Amruta_Balli\2503.jpg
train,Amruta_Balli,2497.jpg,C:\Users\Kushal A\OneDrive\Desktop\MAINPROJECT\PhytoVisionAI_Research\dataset\final_split\train\Amruta_Balli\2497.jpg
train,Amruta_Balli,2494.jpg,C:\Users\Kushal A\OneDrive\Desktop\MAINPROJECT\PhytoVisionAI_Research\dataset\final_split\train\Amruta_Balli\2494.jpg
train,Amruta_Balli,2520.jpg,C:\Users\Kushal A\OneDrive\Desktop\MAINPROJECT\PhytoVisionAI_Research\dataset\final_split\train\Amruta_Balli\2520.jpg
train,Amruta_Balli,2476.jpg,C:\Users\Kushal A\OneDrive\Desktop\MAINPROJECT\PhytoVisionAI_Research\dataset\final_split\train\Amruta_Balli\2476.jpg
train,Amruta_Balli,146.jpg,C:\Users\Kushal A\OneDrive\Desktop\MAINPROJECT\PhytoVisionAI_Research\dataset\final_split\train\Amruta_Balli\146.jpg
train,Amruta_Balli,147.jpg,C:\Users\Kushal A\OneDrive\Desktop\MAINPROJECT\PhytoVisionAI_Research\dataset\final_split\train\Amruta_Balli\147.jpg
train,Amruta_Balli,2438.jpg,C:\Users\Kushal A\OneDrive\Desktop\MAINPROJECT\PhytoVisionAI_Research\dataset\final_split\train\Amruta_Balli\2438.jpg
train,Amruta_Balli,2524.jpg,C:\Users\Kushal A\OneDrive\Desktop\MAINPROJECT\PhytoVisionAI_Research\dataset\final_split\train\Amruta_Balli\2524.jpg
train,Amruta_Balli,2427.jpg,C:\Users\Kushal A\OneDrive\Desktop\MAINPROJECT\PhytoVisionAI_Research\dataset\final_split\train\Amruta_Balli\2427.jpg
train,Amruta_Balli,2441.jpg,C:\Users\Kushal A\OneDrive\Desktop\MAINPROJECT\PhytoVisionAI_Research\dataset\final_split\train\Amruta_Balli\2441.jpg
train,Amruta_Balli,2477.jpg,C:\Users\Kushal A\OneDrive\Desktop\MAINPROJECT\PhytoVisionAI_Research\dataset\final_split\train\Amruta_Balli\2477.jpg
train,Amruta_Balli,2416.jpg,C:\Users\Kushal A\OneDrive\Desktop\MAINPROJECT\PhytoVisionAI_Research\dataset\final_split\train\Amruta_Balli\2416.jpg
train,Amruta_Balli,2408.jpg,C:\Users\Kushal A\OneDrive\Desktop\MAINPROJECT\PhytoVisionAI_Research\dataset\final_split\train\Amruta_Balli\2408.jpg
train,Amruta_Balli,2483.jpg,C:\Users\Kushal A\OneDrive\Desktop\MAINPROJECT\PhytoVisionAI_Research\dataset\final_split\train\Amruta_Balli\2483.jpg
train,Amruta_Balli,2413.jpg,C:\Users\Kushal A\OneDrive\Desktop\MAINPROJECT\PhytoVisionAI_Research\dataset\final_split\train\Amruta_Balli\2413.jpg
train,Amruta_Balli,2412.jpg,C:\Users\Kushal A\OneDrive\Desktop\MAINPROJECT\PhytoVisionAI_Research\dataset\final_split\train\Amruta_Balli\2412.jpg
train,Amruta_Balli,673.jpg,C:\Users\Kushal A\OneDrive\Desktop\MAINPROJECT\PhytoVisionAI_Research\dataset\final_split\train\Amruta_Balli\673.jpg
train,Amruta_Balli,2453.jpg,C:\Users\Kushal A\OneDrive\Desktop\MAINPROJECT\PhytoVisionAI_Research\dataset\final_split\train\Amruta_Balli\2453.jpg
train,Amruta_Balli,674.jpg,C:\Users\Kushal A\OneDrive\Desktop\MAINPROJECT\PhytoVisionAI_Research\dataset\final_split\train\Amruta_Balli\674.jpg
train,Amruta_Balli,2522.jpg,C:\Users\Kushal A\OneDrive\Desktop\MAINPROJECT\PhytoVisionAI_Research\dataset\final_split\train\Amruta_Balli\2522.jpg
train,Amruta_Balli,2468.jpg,C:\Users\Kushal A\OneDrive\Desktop\MAINPROJECT\PhytoVisionAI_Research\dataset\final_split\train\Amruta_Balli\2468.jpg
train,Amruta_Balli,2499.jpg,C:\Users\Kushal A\OneDrive\Desktop\MAINPROJECT\PhytoVisionAI_Research\dataset\final_split\train\Amruta_Balli\2499.jpg
train,Amruta_Balli,150.jpg,C:\Users\Kushal A\OneDrive\Desktop\MAINPROJECT\PhytoVisionAI_Research\dataset\final_split\train\Amruta_Balli\150.jpg
train,Amruta_Balli,2458.jpg,C:\Users\Kushal A\OneDrive\Desktop\MAINPROJECT\PhytoVisionAI_Research\dataset\final_split\train\Amruta_Balli\2458.jpg
train,Amruta_Balli,2455.jpg,C:\Users\Kushal A\OneDrive\Desktop\MAINPROJECT\PhytoVisionAI_Research\dataset\final_split\train\Amruta_Balli\2455.jpg
train,Amruta_Balli,2430.jpg,C:\Users\Kushal A\OneDrive\Desktop\MAINPROJECT\PhytoVisionAI_Research\dataset\final_split\train\Amruta_Balli\2430.jpg
train,Amruta_Balli,2448.jpg,C:\Users\Kushal A\OneDrive\Desktop\MAINPROJECT\PhytoVisionAI_Research\dataset\final_split\train\Amruta_Balli\2448.jpg
train,Amruta_Balli,2437.jpg,C:\Users\Kushal A\OneDrive\Desktop\MAINPROJECT\PhytoVisionAI_Research\dataset\final_split\train\Amruta_Balli\2437.jpg
train,Amruta_Balli,144.jpg,C:\Users\Kushal A\OneDrive\Desktop\MAINPROJECT\PhytoVisionAI_Research\dataset\final_split\train\Amruta_Balli\144.jpg
train,Amruta_Balli,2469.jpg,C:\Users\Kushal A\OneDrive\Desktop\MAINPROJECT\PhytoVisionAI_Research\dataset\final_split\train\Amruta_Balli\2469.jpg
train,Amruta_Balli,2436.jpg,C:\Users\Kushal A\OneDrive\Desktop\MAINPROJECT\PhytoVisionAI_Research\dataset\final_split\train\Amruta_Balli\2436.jpg
train,Amruta_Balli,2518.jpg,C:\Users\Kushal A\OneDrive\Desktop\MAINPROJECT\PhytoVisionAI_Research\dataset\final_split\train\Amruta_Balli\2518.jpg
train,Amruta_Balli,675.jpg,C:\Users\Kushal A\OneDrive\Desktop\MAINPROJECT\PhytoVisionAI_Research\dataset\final_split\train\Amruta_Balli\675.jpg
train,Amruta_Balli,2414.jpg,C:\Users\Kushal A\OneDrive\Desktop\MAINPROJECT\PhytoVisionAI_Research\dataset\final_split\train\Amruta_Balli\2414.jpg
train,Amruta_Balli,2440.jpg,C:\Users\Kushal A\OneDrive\Desktop\MAINPROJECT\PhytoVisionAI_Research\dataset\final_split\train\Amruta_Balli\2440.jpg
train,Amruta_Balli,2429.jpg,C:\Users\Kushal A\OneDrive\Desktop\MAINPROJECT\PhytoVisionAI_Research\dataset\final_split\train\Amruta_Balli\2429.jpg
train,Amruta_Balli,2501.jpg,C:\Users\Kushal A\OneDrive\Desktop\MAINPROJECT\PhytoVisionAI_Research\dataset\final_split\train\Amruta_Balli\2501.jpg
train,Amruta_Balli,2452.jpg,C:\Users\Kushal A\OneDrive\Desktop\MAINPROJECT\PhytoVisionAI_Research\dataset\final_split\train\Amruta_Balli\2452.jpg
train,Amruta_Balli,2523.jpg,C:\Users\Kushal A\OneDrive\Desktop\MAINPROJECT\PhytoVisionAI_Research\dataset\final_split\train\Amruta_Balli\2523.jpg
train,Amruta_Balli,2431.jpg,C:\Users\Kushal A\OneDrive\Desktop\MAINPROJECT\PhytoVisionAI_Research\dataset\final_split\train\Amruta_Balli\2431.jpg
train,Amruta_Balli,2442.jpg,C:\Users\Kushal A\OneDrive\Desktop\MAINPROJECT\PhytoVisionAI_Research\dataset\final_split\train\Amruta_Balli\2442.jpg
train,Amruta_Balli,2507.jpg,C:\Users\Kushal A\OneDrive\Desktop\MAINPROJECT\PhytoVisionAI_Research\dataset\final_split\train\Amruta_Balli\2507.jpg
train,Amruta_Balli,2514.jpg,C:\Users\Kushal A\OneDrive\Desktop\MAINPROJECT\PhytoVisionAI_Research\dataset\final_split\train\Amruta_Balli\2514.jpg
train,Amruta_Balli,2439.jpg,C:\Users\Kushal A\OneDrive\Desktop\MAINPROJECT\PhytoVisionAI_Research\dataset\final_split\train\Amruta_Balli\2439.jpg
train,Amruta_Balli,2513.jpg,C:\Users\Kushal A\OneDrive\Desktop\MAINPROJECT\PhytoVisionAI_Research\dataset\final_split\train\Amruta_Balli\2513.jpg
train,Amruta_Balli,2489.jpg,C:\Users\Kushal A\OneDrive\Desktop\MAINPROJECT\PhytoVisionAI_Research\dataset\final_split\train\Amruta_Balli\2489.jpg
train,Amruta_Balli,676.jpg,C:\Users\Kushal A\OneDrive\Desktop\MAINPROJECT\PhytoVisionAI_Research\dataset\final_split\train\Amruta_Balli\676.jpg
train,Amruta_Balli,2422.jpg,C:\Users\Kushal A\OneDrive\Desktop\MAINPROJECT\PhytoVisionAI_Research\dataset\final_split\train\Amruta_Balli\2422.jpg
train,Amruta_Balli,2466.jpg,C:\Users\Kushal A\OneDrive\Desktop\MAINPROJECT\PhytoVisionAI_Research\dataset\final_split\train\Amruta_Balli\2466.jpg
train,Amruta_Balli,669.jpg,C:\Users\Kushal A\OneDrive\Desktop\MAINPROJECT\PhytoVisionAI_Research\dataset\final_split\train\Amruta_Balli\669.jpg
train,Amruta_Balli,667.jpg,C:\Users\Kushal A\OneDrive\Desktop\MAINPROJECT\PhytoVisionAI_Research\dataset\final_split\train\Amruta_Balli\667.jpg
train,Amruta_Balli,2498.jpg,C:\Users\Kushal A\OneDrive\Desktop\MAINPROJECT\PhytoVisionAI_Research\dataset\final_split\train\Amruta_Balli\2498.jpg
train,Amruta_Balli,2500.jpg,C:\Users\Kushal A\OneDrive\Desktop\MAINPROJECT\PhytoVisionAI_Research\dataset\final_split\train\Amruta_Balli\2500.jpg
train,Amruta_Balli,145.jpg,C:\Users\Kushal A\OneDrive\Desktop\MAINPROJECT\PhytoVisionAI_Research\dataset\final_split\train\Amruta_Balli\145.jpg
train,Amruta_Balli,153.jpg,C:\Users\Kushal A\OneDrive\Desktop\MAINPROJECT\PhytoVisionAI_Research\dataset\final_split\train\Amruta_Balli\153.jpg
train,Amruta_Balli,2491.jpg,C:\Users\Kushal A\OneDrive\Desktop\MAINPROJECT\PhytoVisionAI_Research\dataset\final_split\train\Amruta_Balli\2491.jpg
train,Amruta_Balli,2454.jpg,C:\Users\Kushal A\OneDrive\Desktop\MAINPROJECT\PhytoVisionAI_Research\dataset\final_split\train\Amruta_Balli\2454.jpg
train,Amruta_Balli,2433.jpg,C:\Users\Kushal A\OneDrive\Desktop\MAINPROJECT\PhytoVisionAI_Research\dataset\final_split\train\Amruta_Balli\2433.jpg
train,Amruta_Balli,2482.jpg,C:\Users\Kushal A\OneDrive\Desktop\MAINPROJECT\PhytoVisionAI_Research\dataset\final_split\train\Amruta_Balli\2482.jpg
train,Amruta_Balli,2493.jpg,C:\Users\Kushal A\OneDrive\Desktop\MAINPROJECT\PhytoVisionAI_Research\dataset\final_split\train\Amruta_Balli\2493.jpg
train,Amruta_Balli,2411.jpg,C:\Users\Kushal A\OneDrive\Desktop\MAINPROJECT\PhytoVisionAI_Research\dataset\final_split\train\Amruta_Balli\2411.jpg
train,Amruta_Balli,2446.jpg,C:\Users\Kushal A\OneDrive\Desktop\MAINPROJECT\PhytoVisionAI_Research\dataset\final_split\train\Amruta_Balli\2446.jpg
train,Amruta_Balli,2495.jpg,C:\Users\Kushal A\OneDrive\Desktop\MAINPROJECT\PhytoVisionAI_Research\dataset\final_split\train\Amruta_Balli\2495.jpg
train,Amruta_Balli,2525.jpg,C:\Users\Kushal A\OneDrive\Desktop\MAINPROJECT\PhytoVisionAI_Research\dataset\final_split\train\Amruta_Balli\2525.jpg
train,Amruta_Balli,2496.jpg,C:\Users\Kushal A\OneDrive\Desktop\MAINPROJECT\PhytoVisionAI_Research\dataset\final_split\train\Amruta_Balli\2496.jpg
train,Amruta_Balli,2485.jpg,C:\Users\Kushal A\OneDrive\Desktop\MAINPROJECT\PhytoVisionAI_Research\dataset\final_split\train\Amruta_Balli\2485.jpg
train,Amruta_Balli,2421.jpg,C:\Users\Kushal A\OneDrive\Desktop\MAINPROJECT\PhytoVisionAI_Research\dataset\final_split\train\Amruta_Balli\2421.jpg
train,Amruta_Balli,2428.jpg,C:\Users\Kushal A\OneDrive\Desktop\MAINPROJECT\PhytoVisionAI_Research\dataset\final_split\train\Amruta_Balli\2428.jpg
train,Amruta_Balli,2435.jpg,C:\Users\Kushal A\OneDrive\Desktop\MAINPROJECT\PhytoVisionAI_Research\dataset\final_split\train\Amruta_Balli\2435.jpg
train,Arali,4465.jpg,C:\Users\Kushal A\OneDrive\Desktop\MAINPROJECT\PhytoVisionAI_Research\dataset\final_split\train\Arali\4465.jpg
train,Arali,880.jpg,C:\Users\Kushal A\OneDrive\Desktop\MAINPROJECT\PhytoVisionAI_Research\dataset\final_split\train\Arali\880.jpg
train,Arali,353.jpg,C:\Users\Kushal A\OneDrive\Desktop\MAINPROJECT\PhytoVisionAI_Research\dataset\final_split\train\Arali\353.jpg
train,Arali,872.jpg,C:\Users\Kushal A\OneDrive\Desktop\MAINPROJECT\PhytoVisionAI_Research\dataset\final_split\train\Arali\872.jpg
train,Arali,4402.jpg,C:\Users\Kushal A\OneDrive\Desktop\MAINPROJECT\PhytoVisionAI_Research\dataset\final_split\train\Arali\4402.jpg
train,Arali,4443.jpg,C:\Users\Kushal A\OneDrive\Desktop\MAINPROJECT\PhytoVisionAI_Research\dataset\final_split\train\Arali\4443.jpg
train,Arali,4398.jpg,C:\Users\Kushal A\OneDrive\Desktop\MAINPROJECT\PhytoVisionAI_Research\dataset\final_split\train\Arali\4398.jpg
train,Arali,4405.jpg,C:\Users\Kushal A\OneDrive\Desktop\MAINPROJECT\PhytoVisionAI_Research\dataset\final_split\train\Arali\4405.jpg
train,Arali,4392.jpg,C:\Users\Kushal A\OneDrive\Desktop\MAINPROJECT\PhytoVisionAI_Research\dataset\final_split\train\Arali\4392.jpg
train,Arali,4485.jpg,C:\Users\Kushal A\OneDrive\Desktop\MAINPROJECT\PhytoVisionAI_Research\dataset\final_split\train\Arali\4485.jpg
train,Arali,4389.jpg,C:\Users\Kushal A\OneDrive\Desktop\MAINPROJECT\PhytoVisionAI_Research\dataset\final_split\train\Arali\4389.jpg
train,Arali,4414.jpg,C:\Users\Kushal A\OneDrive\Desktop\MAINPROJECT\PhytoVisionAI_Research\dataset\final_split\train\Arali\4414.jpg
train,Arali,4448.jpg,C:\Users\Kushal A\OneDrive\Desktop\MAINPROJECT\PhytoVisionAI_Research\dataset\final_split\train\Arali\4448.jpg
train,Arali,4442.jpg,C:\Users\Kushal A\OneDrive\Desktop\MAINPROJECT\PhytoVisionAI_Research\dataset\final_split\train\Arali\4442.jpg
train,Arali,4372.jpg,C:\Users\Kushal A\OneDrive\Desktop\MAINPROJECT\PhytoVisionAI_Research\dataset\final_split\train\Arali\4372.jpg
train,Arali,4477.jpg,C:\Users\Kushal A\OneDrive\Desktop\MAINPROJECT\PhytoVisionAI_Research\dataset\final_split\train\Arali\4477.jpg
train,Arali,4386.jpg,C:\Users\Kushal A\OneDrive\Desktop\MAINPROJECT\PhytoVisionAI_Research\dataset\final_split\train\Arali\4386.jpg
train,Arali,362.jpg,C:\Users\Kushal A\OneDrive\Desktop\MAINPROJECT\PhytoVisionAI_Research\dataset\final_split\train\Arali\362.jpg
train,Arali,4393.jpg,C:\Users\Kushal A\OneDrive\Desktop\MAINPROJECT\PhytoVisionAI_Research\dataset\final_split\train\Arali\4393.jpg
train,Arali,361.jpg,C:\Users\Kushal A\OneDrive\Desktop\MAINPROJECT\PhytoVisionAI_Research\dataset\final_split\train\Arali\361.jpg
train,Arali,354.jpg,C:\Users\Kushal A\OneDrive\Desktop\MAINPROJECT\PhytoVisionAI_Research\dataset\final_split\train\Arali\354.jpg
train,Arali,4411.jpg,C:\Users\Kushal A\OneDrive\Desktop\MAINPROJECT\PhytoVisionAI_Research\dataset\final_split\train\Arali\4411.jpg
train,Arali,4487.jpg,C:\Users\Kushal A\OneDrive\Desktop\MAINPROJECT\PhytoVisionAI_Research\dataset\final_split\train\Arali\4487.jpg
train,Arali,4378.jpg,C:\Users\Kushal A\OneDrive\Desktop\MAINPROJECT\PhytoVisionAI_Research\dataset\final_split\train\Arali\4378.jpg
train,Arali,4370.jpg,C:\Users\Kushal A\OneDrive\Desktop\MAINPROJECT\PhytoVisionAI_Research\dataset\final_split\train\Arali\4370.jpg
train,Arali,4371.jpg,C:\Users\Kushal A\OneDrive\Desktop\MAINPROJECT\PhytoVisionAI_Research\dataset\final_split\train\Arali\4371.jpg
train,Arali,873.jpg,C:\Users\Kushal A\OneDrive\Desktop\MAINPROJECT\PhytoVisionAI_Research\dataset\final_split\train\Arali\873.jpg
train,Arali,4376.jpg,C:\Users\Kushal A\OneDrive\Desktop\MAINPROJECT\PhytoVisionAI_Research\dataset\final_split\train\Arali\4376.jpg
train,Arali,4467.jpg,C:\Users\Kushal A\OneDrive\Desktop\MAINPROJECT\PhytoVisionAI_Research\dataset\final_split\train\Arali\4467.jpg
train,Arali,4385.jpg,C:\Users\Kushal A\OneDrive\Desktop\MAINPROJECT\PhytoVisionAI_Research\dataset\final_split\train\Arali\4385.jpg
train,Arali,4433.jpg,C:\Users\Kushal A\OneDrive\Desktop\MAINPROJECT\PhytoVisionAI_Research\dataset\final_split\train\Arali\4433.jpg
train,Arali,4407.jpg,C:\Users\Kushal A\OneDrive\Desktop\MAINPROJECT\PhytoVisionAI_Research\dataset\final_split\train\Arali\4407.jpg
train,Arali,4482.jpg,C:\Users\Kushal A\OneDrive\Desktop\MAINPROJECT\PhytoVisionAI_Research\dataset\final_split\train\Arali\4482.jpg
train,Arali,4451.jpg,C:\Users\Kushal A\OneDrive\Desktop\MAINPROJECT\PhytoVisionAI_Research\dataset\final_split\train\Arali\4451.jpg
train,Arali,4435.jpg,C:\Users\Kushal A\OneDrive\Desktop\MAINPROJECT\PhytoVisionAI_Research\dataset\final_split\train\Arali\4435.jpg
train,Arali,876.jpg,C:\Users\Kushal A\OneDrive\Desktop\MAINPROJECT\PhytoVisionAI_Research\dataset\final_split\train\Arali\876.jpg
train,Arali,4426.jpg,C:\Users\Kushal A\OneDrive\Desktop\MAINPROJECT\PhytoVisionAI_Research\dataset\final_split\train\Arali\4426.jpg
train,Arali,4481.jpg,C:\Users\Kushal A\OneDrive\Desktop\MAINPROJECT\PhytoVisionAI_Research\dataset\final_split\train\Arali\4481.jpg
train,Arali,4452.jpg,C:\Users\Kushal A\OneDrive\Desktop\MAINPROJECT\PhytoVisionAI_Research\dataset\final_split\train\Arali\4452.jpg
train,Arali,4425.jpg,C:\Users\Kushal A\OneDrive\Desktop\MAINPROJECT\PhytoVisionAI_Research\dataset\final_split\train\Arali\4425.jpg
train,Arali,4391.jpg,C:\Users\Kushal A\OneDrive\Desktop\MAINPROJECT\PhytoVisionAI_Research\dataset\final_split\train\Arali\4391.jpg
train,Arali,4470.jpg,C:\Users\Kushal A\OneDrive\Desktop\MAINPROJECT\PhytoVisionAI_Research\dataset\final_split\train\Arali\4470.jpg
train,Arali,363.jpg,C:\Users\Kushal A\OneDrive\Desktop\MAINPROJECT\PhytoVisionAI_Research\dataset\final_split\train\Arali\363.jpg
train,Arali,4430.jpg,C:\Users\Kushal A\OneDrive\Desktop\MAINPROJECT\PhytoVisionAI_Research\dataset\final_split\train\Arali\4430.jpg
train,Arali,4416.jpg,C:\Users\Kushal A\OneDrive\Desktop\MAINPROJECT\PhytoVisionAI_Research\dataset\final_split\train\Arali\4416.jpg
train,Arali,883.jpg,C:\Users\Kushal A\OneDrive\Desktop\MAINPROJECT\PhytoVisionAI_Research\dataset\final_split\train\Arali\883.jpg
train,Arali,364.jpg,C:\Users\Kushal A\OneDrive\Desktop\MAINPROJECT\PhytoVisionAI_Research\dataset\final_split\train\Arali\364.jpg
train,Arali,4434.jpg,C:\Users\Kushal A\OneDrive\Desktop\MAINPROJECT\PhytoVisionAI_Research\dataset\final_split\train\Arali\4434.jpg
train,Arali,4468.jpg,C:\Users\Kushal A\OneDrive\Desktop\MAINPROJECT\PhytoVisionAI_Research\dataset\final_split\train\Arali\4468.jpg
train,Arali,4373.jpg,C:\Users\Kushal A\OneDrive\Desktop\MAINPROJECT\PhytoVisionAI_Research\dataset\final_split\train\Arali\4373.jpg
train,Arali,4438.jpg,C:\Users\Kushal A\OneDrive\Desktop\MAINPROJECT\PhytoVisionAI_Research\dataset\final_split\train\Arali\4438.jpg
train,Arali,4424.jpg,C:\Users\Kushal A\OneDrive\Desktop\MAINPROJECT\PhytoVisionAI_Research\dataset\final_split\train\Arali\4424.jpg
train,Arali,4375.jpg,C:\Users\Kushal A\OneDrive\Desktop\MAINPROJECT\PhytoVisionAI_Research\dataset\final_split\train\Arali\4375.jpg
train,Arali,881.jpg,C:\Users\Kushal A\OneDrive\Desktop\MAINPROJECT\PhytoVisionAI_Research\dataset\final_split\train\Arali\881.jpg
train,Arali,4417.jpg,C:\Users\Kushal A\OneDrive\Desktop\MAINPROJECT\PhytoVisionAI_Research\dataset\final_split\train\Arali\4417.jpg
train,Arali,4473.jpg,C:\Users\Kushal A\OneDrive\Desktop\MAINPROJECT\PhytoVisionAI_Research\dataset\final_split\train\Arali\4473.jpg
train,Arali,4444.jpg,C:\Users\Kushal A\OneDrive\Desktop\MAINPROJECT\PhytoVisionAI_Research\dataset\final_split\train\Arali\4444.jpg
train,Arali,4374.jpg,C:\Users\Kushal A\OneDrive\Desktop\MAINPROJECT\PhytoVisionAI_Research\dataset\final_split\train\Arali\4374.jpg
train,Arali,4412.jpg,C:\Users\Kushal A\OneDrive\Desktop\MAINPROJECT\PhytoVisionAI_Research\dataset\final_split\train\Arali\4412.jpg
train,Arali,4422.jpg,C:\Users\Kushal A\OneDrive\Desktop\MAINPROJECT\PhytoVisionAI_Research\dataset\final_split\train\Arali\4422.jpg
train,Arali,359.jpg,C:\Users\Kushal A\OneDrive\Desktop\MAINPROJECT\PhytoVisionAI_Research\dataset\final_split\train\Arali\359.jpg
train,Arali,4409.jpg,C:\Users\Kushal A\OneDrive\Desktop\MAINPROJECT\PhytoVisionAI_Research\dataset\final_split\train\Arali\4409.jpg
train,Arali,4419.jpg,C:\Users\Kushal A\OneDrive\Desktop\MAINPROJECT\PhytoVisionAI_Research\dataset\final_split\train\Arali\4419.jpg
train,Arali,4454.jpg,C:\Users\Kushal A\OneDrive\Desktop\MAINPROJECT\PhytoVisionAI_Research\dataset\final_split\train\Arali\4454.jpg
train,Arali,4449.jpg,C:\Users\Kushal A\OneDrive\Desktop\MAINPROJECT\PhytoVisionAI_Research\dataset\final_split\train\Arali\4449.jpg
train,Arali,4458.jpg,C:\Users\Kushal A\OneDrive\Desktop\MAINPROJECT\PhytoVisionAI_Research\dataset\final_split\train\Arali\4458.jpg
train,Arali,4427.jpg,C:\Users\Kushal A\OneDrive\Desktop\MAINPROJECT\PhytoVisionAI_Research\dataset\final_split\train\Arali\4427.jpg
train,Arali,4401.jpg,C:\Users\Kushal A\OneDrive\Desktop\MAINPROJECT\PhytoVisionAI_Research\dataset\final_split\train\Arali\4401.jpg
train,Arali,4475.jpg,C:\Users\Kushal A\OneDrive\Desktop\MAINPROJECT\PhytoVisionAI_Research\dataset\final_split\train\Arali\4475.jpg
train,Arali,4450.jpg,C:\Users\Kushal A\OneDrive\Desktop\MAINPROJECT\PhytoVisionAI_Research\dataset\final_split\train\Arali\4450.jpg
train,Arali,4421.jpg,C:\Users\Kushal A\OneDrive\Desktop\MAINPROJECT\PhytoVisionAI_Research\dataset\final_split\train\Arali\4421.jpg
train,Arali,352.jpg,C:\Users\Kushal A\OneDrive\Desktop\MAINPROJECT\PhytoVisionAI_Research\dataset\final_split\train\Arali\352.jpg
train,Arali,4436.jpg,C:\Users\Kushal A\OneDrive\Desktop\MAINPROJECT\PhytoVisionAI_Research\dataset\final_split\train\Arali\4436.jpg
train,Arali,357.jpg,C:\Users\Kushal A\OneDrive\Desktop\MAINPROJECT\PhytoVisionAI_Research\dataset\final_split\train\Arali\357.jpg
train,Arali,4387.jpg,C:\Users\Kushal A\OneDrive\Desktop\MAINPROJECT\PhytoVisionAI_Research\dataset\final_split\train\Arali\4387.jpg
train,Arali,4462.jpg,C:\Users\Kushal A\OneDrive\Desktop\MAINPROJECT\PhytoVisionAI_Research\dataset\final_split\train\Arali\4462.jpg
train,Arali,4428.jpg,C:\Users\Kushal A\OneDrive\Desktop\MAINPROJECT\PhytoVisionAI_Research\dataset\final_split\train\Arali\4428.jpg
train,Arali,4404.jpg,C:\Users\Kushal A\OneDrive\Desktop\MAINPROJECT\PhytoVisionAI_Research\dataset\final_split\train\Arali\4404.jpg
train,Arali,4447.jpg,C:\Users\Kushal A\OneDrive\Desktop\MAINPROJECT\PhytoVisionAI_Research\dataset\final_split\train\Arali\4447.jpg
train,Arali,4457.jpg,C:\Users\Kushal A\OneDrive\Desktop\MAINPROJECT\PhytoVisionAI_Research\dataset\final_split\train\Arali\4457.jpg
train,Arali,4432.jpg,C:\Users\Kushal A\OneDrive\Desktop\MAINPROJECT\PhytoVisionAI_Research\dataset\final_split\train\Arali\4432.jpg
train,Arali,4463.jpg,C:\Users\Kushal A\OneDrive\Desktop\MAINPROJECT\PhytoVisionAI_Research\dataset\final_split\train\Arali\4463.jpg
train,Arali,4483.jpg,C:\Users\Kushal A\OneDrive\Desktop\MAINPROJECT\PhytoVisionAI_Research\dataset\final_split\train\Arali\4483.jpg
train,Arali,4455.jpg,C:\Users\Kushal A\OneDrive\Desktop\MAINPROJECT\PhytoVisionAI_Research\dataset\final_split\train\Arali\4455.jpg
train,Arali,4410.jpg,C:\Users\Kushal A\OneDrive\Desktop\MAINPROJECT\PhytoVisionAI_Research\dataset\final_split\train\Arali\4410.jpg
train,Arali,4431.jpg,C:\Users\Kushal A\OneDrive\Desktop\MAINPROJECT\PhytoVisionAI_Research\dataset\final_split\train\Arali\4431.jpg
train,Arali,4368.jpg,C:\Users\Kushal A\OneDrive\Desktop\MAINPROJECT\PhytoVisionAI_Research\dataset\final_split\train\Arali\4368.jpg
train,Arali,4479.jpg,C:\Users\Kushal A\OneDrive\Desktop\MAINPROJECT\PhytoVisionAI_Research\dataset\final_split\train\Arali\4479.jpg
train,Arali,884.jpg,C:\Users\Kushal A\OneDrive\Desktop\MAINPROJECT\PhytoVisionAI_Research\dataset\final_split\train\Arali\884.jpg
train,Arali,4429.jpg,C:\Users\Kushal A\OneDrive\Desktop\MAINPROJECT\PhytoVisionAI_Research\dataset\final_split\train\Arali\4429.jpg
train,Arali,4377.jpg,C:\Users\Kushal A\OneDrive\Desktop\MAINPROJECT\PhytoVisionAI_Research\dataset\final_split\train\Arali\4377.jpg
train,Arali,4388.jpg,C:\Users\Kushal A\OneDrive\Desktop\MAINPROJECT\PhytoVisionAI_Research\dataset\final_split\train\Arali\4388.jpg
train,Arali,4369.jpg,C:\Users\Kushal A\OneDrive\Desktop\MAINPROJECT\PhytoVisionAI_Research\dataset\final_split\train\Arali\4369.jpg
train,Arali,4478.jpg,C:\Users\Kushal A\OneDrive\Desktop\MAINPROJECT\PhytoVisionAI_Research\dataset\final_split\train\Arali\4478.jpg
train,Arali,4469.jpg,C:\Users\Kushal A\OneDrive\Desktop\MAINPROJECT\PhytoVisionAI_Research\dataset\final_split\train\Arali\4469.jpg
train,Arali,4484.jpg,C:\Users\Kushal A\OneDrive\Desktop\MAINPROJECT\PhytoVisionAI_Research\dataset\final_split\train\Arali\4484.jpg
train,Arali,4441.jpg,C:\Users\Kushal A\OneDrive\Desktop\MAINPROJECT\PhytoVisionAI_Research\dataset\final_split\train\Arali\4441.jpg
train,Arali,4461.jpg,C:\Users\Kushal A\OneDrive\Desktop\MAINPROJECT\PhytoVisionAI_Research\dataset\final_split\train\Arali\4461.jpg
train,Arali,4420.jpg,C:\Users\Kushal A\OneDrive\Desktop\MAINPROJECT\PhytoVisionAI_Research\dataset\final_split\train\Arali\4420.jpg
train,Arali,4437.jpg,C:\Users\Kushal A\OneDrive\Desktop\MAINPROJECT\PhytoVisionAI_Research\dataset\final_split\train\Arali\4437.jpg
train,Arali,4471.jpg,C:\Users\Kushal A\OneDrive\Desktop\MAINPROJECT\PhytoVisionAI_Research\dataset\final_split\train\Arali\4471.jpg
train,Arali,4474.jpg,C:\Users\Kushal A\OneDrive\Desktop\MAINPROJECT\PhytoVisionAI_Research\dataset\final_split\train\Arali\4474.jpg
train,Ashoka,1466.jpg,C:\Users\Kushal A\OneDrive\Desktop\MAINPROJECT\PhytoVisionAI_Research\dataset\final_split\train\Ashoka\1466.jpg
train,Ashoka,1485.jpg,C:\Users\Kushal A\OneDrive\Desktop\MAINPROJECT\PhytoVisionAI_Research\dataset\final_split\train\Ashoka\1485.jpg
train,Ashoka,mmpd_3 (58).jpg,C:\Users\Kushal A\OneDrive\Desktop\MAINPROJECT\PhytoVisionAI_Research\dataset\final_split\train\Ashoka\mmpd_3 (58).jpg
train,Ashoka,1508.jpg,C:\Users\Kushal A\OneDrive\Desktop\MAINPROJECT\PhytoVisionAI_Research\dataset\final_split\train\Ashoka\1508.jpg
train,Ashoka,mmpd_3 (95).jpg,C:\Users\Kushal A\OneDrive\Desktop\MAINPROJECT\PhytoVisionAI_Research\dataset\final_split\train\Ashoka\mmpd_3 (95).jpg
train,Ashoka,mmpd_3 (15).jpg,C:\Users\Kushal A\OneDrive\Desktop\MAINPROJECT\PhytoVisionAI_Research\dataset\final_split\train\Ashoka\mmpd_3 (15).jpg
train,Ashoka,1521.jpg,C:\Users\Kushal A\OneDrive\Desktop\MAINPROJECT\PhytoVisionAI_Research\dataset\final_split\train\Ashoka\1521.jpg
train,Ashoka,40.jpg,C:\Users\Kushal A\OneDrive\Desktop\MAINPROJECT\PhytoVisionAI_Research\dataset\final_split\train\Ashoka\40.jpg
train,Ashoka,1471.jpg,C:\Users\Kushal A\OneDrive\Desktop\MAINPROJECT\PhytoVisionAI_Research\dataset\final_split\train\Ashoka\1471.jpg
train,Ashoka,1491.jpg,C:\Users\Kushal A\OneDrive\Desktop\MAINPROJECT\PhytoVisionAI_Research\dataset\final_split\train\Ashoka\1491.jpg
train,Ashoka,1500.jpg,C:\Users\Kushal A\OneDrive\Desktop\MAINPROJECT\PhytoVisionAI_Research\dataset\final_split\train\Ashoka\1500.jpg
train,Ashoka,mmpd_3 (88).jpg,C:\Users\Kushal A\OneDrive\Desktop\MAINPROJECT\PhytoVisionAI_Research\dataset\final_split\train\Ashoka\mmpd_3 (88).jpg
train,Ashoka,mmpd_3 (22).jpg,C:\Users\Kushal A\OneDrive\Desktop\MAINPROJECT\PhytoVisionAI_Research\dataset\final_split\train\Ashoka\mmpd_3 (22).jpg
train,Ashoka,mmpd_3 (27).jpg,C:\Users\Kushal A\OneDrive\Desktop\MAINPROJECT\PhytoVisionAI_Research\dataset\final_split\train\Ashoka\mmpd_3 (27).jpg
train,Ashoka,1444.jpg,C:\Users\Kushal A\OneDrive\Desktop\MAINPROJECT\PhytoVisionAI_Research\dataset\final_split\train\Ashoka\1444.jpg
train,Ashoka,1537.jpg,C:\Users\Kushal A\OneDrive\Desktop\MAINPROJECT\PhytoVisionAI_Research\dataset\final_split\train\Ashoka\1537.jpg
train,Ashoka,1507.jpg,C:\Users\Kushal A\OneDrive\Desktop\MAINPROJECT\PhytoVisionAI_Research\dataset\final_split\train\Ashoka\1507.jpg
train,Ashoka,mmpd_3 (64).jpg,C:\Users\Kushal A\OneDrive\Desktop\MAINPROJECT\PhytoVisionAI_Research\dataset\final_split\train\Ashoka\mmpd_3 (64).jpg
train,Ashoka,1469.jpg,C:\Users\Kushal A\OneDrive\Desktop\MAINPROJECT\PhytoVisionAI_Research\dataset\final_split\train\Ashoka\1469.jpg
train,Ashoka,mmpd_3 (9).jpg,C:\Users\Kushal A\OneDrive\Desktop\MAINPROJECT\PhytoVisionAI_Research\dataset\final_split\train\Ashoka\mmpd_3 (9).jpg
train,Ashoka,mmpd_3 (77).jpg,C:\Users\Kushal A\OneDrive\Desktop\MAINPROJECT\PhytoVisionAI_Research\dataset\final_split\train\Ashoka\mmpd_3 (77).jpg
train,Ashoka,mmpd_3 (66).jpg,C:\Users\Kushal A\OneDrive\Desktop\MAINPROJECT\PhytoVisionAI_Research\dataset\final_split\train\Ashoka\mmpd_3 (66).jpg
train,Ashoka,1438.jpg,C:\Users\Kushal A\OneDrive\Desktop\MAINPROJECT\PhytoVisionAI_Research\dataset\final_split\train\Ashoka\1438.jpg
train,Ashoka,1488.jpg,C:\Users\Kushal A\OneDrive\Desktop\MAINPROJECT\PhytoVisionAI_Research\dataset\final_split\train\Ashoka\1488.jpg
train,Ashoka,mmpd_3 (46).jpg,C:\Users\Kushal A\OneDrive\Desktop\MAINPROJECT\PhytoVisionAI_Research\dataset\final_split\train\Ashoka\mmpd_3 (46).jpg
train,Ashoka,mmpd_3 (13).jpg,C:\Users\Kushal A\OneDrive\Desktop\MAINPROJECT\PhytoVisionAI_Research\dataset\final_split\train\Ashoka\mmpd_3 (13).jpg
train,Ashoka,mmpd_3 (70).jpg,C:\Users\Kushal A\OneDrive\Desktop\MAINPROJECT\PhytoVisionAI_Research\dataset\final_split\train\Ashoka\mmpd_3 (70).jpg
train,Ashoka,1502.jpg,C:\Users\Kushal A\OneDrive\Desktop\MAINPROJECT\PhytoVisionAI_Research\dataset\final_split\train\Ashoka\1502.jpg
train,Ashoka,mmpd_3 (45).jpg,C:\Users\Kushal A\OneDrive\Desktop\MAINPROJECT\PhytoVisionAI_Research\dataset\final_split\train\Ashoka\mmpd_3 (45).jpg
train,Ashoka,mmpd_3 (59).jpg,C:\Users\Kushal A\OneDrive\Desktop\MAINPROJECT\PhytoVisionAI_Research\dataset\final_split\train\Ashoka\mmpd_3 (59).jpg
train,Ashoka,1484.jpg,C:\Users\Kushal A\OneDrive\Desktop\MAINPROJECT\PhytoVisionAI_Research\dataset\final_split\train\Ashoka\1484.jpg
train,Ashoka,1495.jpg,C:\Users\Kushal A\OneDrive\Desktop\MAINPROJECT\PhytoVisionAI_Research\dataset\final_split\train\Ashoka\1495.jpg
train,Ashoka,mmpd_3 (93).jpg,C:\Users\Kushal A\OneDrive\Desktop\MAINPROJECT\PhytoVisionAI_Research\dataset\final_split\train\Ashoka\mmpd_3 (93).jpg
train,Ashoka,47.jpg,C:\Users\Kushal A\OneDrive\Desktop\MAINPROJECT\PhytoVisionAI_Research\dataset\final_split\train\Ashoka\47.jpg
train,Ashoka,1475.jpg,C:\Users\Kushal A\OneDrive\Desktop\MAINPROJECT\PhytoVisionAI_Research\dataset\final_split\train\Ashoka\1475.jpg
train,Ashoka,1509.jpg,C:\Users\Kushal A\OneDrive\Desktop\MAINPROJECT\PhytoVisionAI_Research\dataset\final_split\train\Ashoka\1509.jpg
train,Ashoka,1477.jpg,C:\Users\Kushal A\OneDrive\Desktop\MAINPROJECT\PhytoVisionAI_Research\dataset\final_split\train\Ashoka\1477.jpg
train,Ashoka,1437.jpg,C:\Users\Kushal A\OneDrive\Desktop\MAINPROJECT\PhytoVisionAI_Research\dataset\final_split\train\Ashoka\1437.jpg
train,Ashoka,568.jpg,C:\Users\Kushal A\OneDrive\Desktop\MAINPROJECT\PhytoVisionAI_Research\dataset\final_split\train\Ashoka\568.jpg
train,Ashoka,1431.jpg,C:\Users\Kushal A\OneDrive\Desktop\MAINPROJECT\PhytoVisionAI_Research\dataset\final_split\train\Ashoka\1431.jpg
train,Ashoka,mmpd_3 (86).jpg,C:\Users\Kushal A\OneDrive\Desktop\MAINPROJECT\PhytoVisionAI_Research\dataset\final_split\train\Ashoka\mmpd_3 (86).jpg
train,Ashoka,1487.jpg,C:\Users\Kushal A\OneDrive\Desktop\MAINPROJECT\PhytoVisionAI_Research\dataset\final_split\train\Ashoka\1487.jpg
train,Ashoka,1449.jpg,C:\Users\Kushal A\OneDrive\Desktop\MAINPROJECT\PhytoVisionAI_Research\dataset\final_split\train\Ashoka\1449.jpg
train,Ashoka,mmpd_3 (84).jpg,C:\Users\Kushal A\OneDrive\Desktop\MAINPROJECT\PhytoVisionAI_Research\dataset\final_split\train\Ashoka\mmpd_3 (84).jpg
train,Ashoka,mmpd_3 (69).jpg,C:\Users\Kushal A\OneDrive\Desktop\MAINPROJECT\PhytoVisionAI_Research\dataset\final_split\train\Ashoka\mmpd_3 (69).jpg
train,Ashoka,571.jpg,C:\Users\Kushal A\OneDrive\Desktop\MAINPROJECT\PhytoVisionAI_Research\dataset\final_split\train\Ashoka\571.jpg
train,Ashoka,mmpd_3 (100).jpg,C:\Users\Kushal A\OneDrive\Desktop\MAINPROJECT\PhytoVisionAI_Research\dataset\final_split\train\Ashoka\mmpd_3 (100).jpg
train,Ashoka,mmpd_3 (53).jpg,C:\Users\Kushal A\OneDrive\Desktop\MAINPROJECT\PhytoVisionAI_Research\dataset\final_split\train\Ashoka\mmpd_3 (53).jpg
train,Ashoka,1446.jpg,C:\Users\Kushal A\OneDrive\Desktop\MAINPROJECT\PhytoVisionAI_Research\dataset\final_split\train\Ashoka\1446.jpg
train,Ashoka,1420.jpg,C:\Users\Kushal A\OneDrive\Desktop\MAINPROJECT\PhytoVisionAI_Research\dataset\final_split\train\Ashoka\1420.jpg
train,Ashoka,1511.jpg,C:\Users\Kushal A\OneDrive\Desktop\MAINPROJECT\PhytoVisionAI_Research\dataset\final_split\train\Ashoka\1511.jpg
train,Ashoka,mmpd_3 (68).jpg,C:\Users\Kushal A\OneDrive\Desktop\MAINPROJECT\PhytoVisionAI_Research\dataset\final_split\train\Ashoka\mmpd_3 (68).jpg
train,Ashoka,mmpd_3 (8).jpg,C:\Users\Kushal A\OneDrive\Desktop\MAINPROJECT\PhytoVisionAI_Research\dataset\final_split\train\Ashoka\mmpd_3 (8).jpg
train,Ashoka,1424.jpg,C:\Users\Kushal A\OneDrive\Desktop\MAINPROJECT\PhytoVisionAI_Research\dataset\final_split\train\Ashoka\1424.jpg
train,Ashoka,mmpd_3 (96).jpg,C:\Users\Kushal A\OneDrive\Desktop\MAINPROJECT\PhytoVisionAI_Research\dataset\final_split\train\Ashoka\mmpd_3 (96).jpg
train,Ashoka,563.jpg,C:\Users\Kushal A\OneDrive\Desktop\MAINPROJECT\PhytoVisionAI_Research\dataset\final_split\train\Ashoka\563.jpg
train,Ashoka,mmpd_3 (32).jpg,C:\Users\Kushal A\OneDrive\Desktop\MAINPROJECT\PhytoVisionAI_Research\dataset\final_split\train\Ashoka\mmpd_3 (32).jpg
train,Ashoka,48.jpg,C:\Users\Kushal A\OneDrive\Desktop\MAINPROJECT\PhytoVisionAI_Research\dataset\final_split\train\Ashoka\48.jpg
train,Ashoka,1442.jpg,C:\Users\Kushal A\OneDrive\Desktop\MAINPROJECT\PhytoVisionAI_Research\dataset\final_split\train\Ashoka\1442.jpg
train,Ashoka,1512.jpg,C:\Users\Kushal A\OneDrive\Desktop\MAINPROJECT\PhytoVisionAI_Research\dataset\final_split\train\Ashoka\1512.jpg
train,Ashoka,mmpd_3 (94).jpg,C:\Users\Kushal A\OneDrive\Desktop\MAINPROJECT\PhytoVisionAI_Research\dataset\final_split\train\Ashoka\mmpd_3 (94).jpg
train,Ashoka,1456.jpg,C:\Users\Kushal A\OneDrive\Desktop\MAINPROJECT\PhytoVisionAI_Research\dataset\final_split\train\Ashoka\1456.jpg
train,Ashoka,mmpd_3 (92).jpg,C:\Users\Kushal A\OneDrive\Desktop\MAINPROJECT\PhytoVisionAI_Research\dataset\final_split\train\Ashoka\mmpd_3 (92).jpg
train,Ashoka,mmpd_3 (23).jpg,C:\Users\Kushal A\OneDrive\Desktop\MAINPROJECT\PhytoVisionAI_Research\dataset\final_split\train\Ashoka\mmpd_3 (23).jpg
train,Ashoka,mmpd_3 (34).jpg,C:\Users\Kushal A\OneDrive\Desktop\MAINPROJECT\PhytoVisionAI_Research\dataset\final_split\train\Ashoka\mmpd_3 (34).jpg
train,Ashoka,mmpd_3 (99).jpg,C:\Users\Kushal A\OneDrive\Desktop\MAINPROJECT\PhytoVisionAI_Research\dataset\final_split\train\Ashoka\mmpd_3 (99).jpg
train,Ashoka,1514.jpg,C:\Users\Kushal A\OneDrive\Desktop\MAINPROJECT\PhytoVisionAI_Research\dataset\final_split\train\Ashoka\1514.jpg
train,Ashoka,1429.jpg,C:\Users\Kushal A\OneDrive\Desktop\MAINPROJECT\PhytoVisionAI_Research\dataset\final_split\train\Ashoka\1429.jpg
train,Ashoka,1513.jpg,C:\Users\Kushal A\OneDrive\Desktop\MAINPROJECT\PhytoVisionAI_Research\dataset\final_split\train\Ashoka\1513.jpg
train,Ashoka,1470.jpg,C:\Users\Kushal A\OneDrive\Desktop\MAINPROJECT\PhytoVisionAI_Research\dataset\final_split\train\Ashoka\1470.jpg
train,Ashoka,mmpd_3 (54).jpg,C:\Users\Kushal A\OneDrive\Desktop\MAINPROJECT\PhytoVisionAI_Research\dataset\final_split\train\Ashoka\mmpd_3 (54).jpg
train,Ashoka,1494.jpg,C:\Users\Kushal A\OneDrive\Desktop\MAINPROJECT\PhytoVisionAI_Research\dataset\final_split\train\Ashoka\1494.jpg
train,Ashoka,1525.jpg,C:\Users\Kushal A\OneDrive\Desktop\MAINPROJECT\PhytoVisionAI_Research\dataset\final_split\train\Ashoka\1525.jpg
train,Ashoka,1433.jpg,C:\Users\Kushal A\OneDrive\Desktop\MAINPROJECT\PhytoVisionAI_Research\dataset\final_split\train\Ashoka\1433.jpg
train,Ashoka,mmpd_3 (31).jpg,C:\Users\Kushal A\OneDrive\Desktop\MAINPROJECT\PhytoVisionAI_Research\dataset\final_split\train\Ashoka\mmpd_3 (31).jpg
train,Ashoka,mmpd_3 (91).jpg,C:\Users\Kushal A\OneDrive\Desktop\MAINPROJECT\PhytoVisionAI_Research\dataset\final_split\train\Ashoka\mmpd_3 (91).jpg
train,Ashoka,mmpd_3 (26).jpg,C:\Users\Kushal A\OneDrive\Desktop\MAINPROJECT\PhytoVisionAI_Research\dataset\final_split\train\Ashoka\mmpd_3 (26).jpg
train,Ashoka,1498.jpg,C:\Users\Kushal A\OneDrive\Desktop\MAINPROJECT\PhytoVisionAI_Research\dataset\final_split\train\Ashoka\1498.jpg
train,Ashoka,1497.jpg,C:\Users\Kushal A\OneDrive\Desktop\MAINPROJECT\PhytoVisionAI_Research\dataset\final_split\train\Ashoka\1497.jpg
train,Ashoka,50.jpg,C:\Users\Kushal A\OneDrive\Desktop\MAINPROJECT\PhytoVisionAI_Research\dataset\final_split\train\Ashoka\50.jpg
train,Ashoka,1467.jpg,C:\Users\Kushal A\OneDrive\Desktop\MAINPROJECT\PhytoVisionAI_Research\dataset\final_split\train\Ashoka\1467.jpg
train,Ashoka,1530.jpg,C:\Users\Kushal A\OneDrive\Desktop\MAINPROJECT\PhytoVisionAI_Research\dataset\final_split\train\Ashoka\1530.jpg
train,Ashoka,mmpd_3 (33).jpg,C:\Users\Kushal A\OneDrive\Desktop\MAINPROJECT\PhytoVisionAI_Research\dataset\final_split\train\Ashoka\mmpd_3 (33).jpg
train,Ashoka,mmpd_3 (87).jpg,C:\Users\Kushal A\OneDrive\Desktop\MAINPROJECT\PhytoVisionAI_Research\dataset\final_split\train\Ashoka\mmpd_3 (87).jpg
train,Ashoka,1492.jpg,C:\Users\Kushal A\OneDrive\Desktop\MAINPROJECT\PhytoVisionAI_Research\dataset\final_split\train\Ashoka\1492.jpg
train,Ashoka,1434.jpg,C:\Users\Kushal A\OneDrive\Desktop\MAINPROJECT\PhytoVisionAI_Research\dataset\final_split\train\Ashoka\1434.jpg
train,Ashoka,mmpd_3 (39).jpg,C:\Users\Kushal A\OneDrive\Desktop\MAINPROJECT\PhytoVisionAI_Research\dataset\final_split\train\Ashoka\mmpd_3 (39).jpg
train,Ashoka,mmpd_3 (2).jpg,C:\Users\Kushal A\OneDrive\Desktop\MAINPROJECT\PhytoVisionAI_Research\dataset\final_split\train\Ashoka\mmpd_3 (2).jpg
train,Ashoka,mmpd_3 (3).jpg,C:\Users\Kushal A\OneDrive\Desktop\MAINPROJECT\PhytoVisionAI_Research\dataset\final_split\train\Ashoka\mmpd_3 (3).jpg
train,Ashoka,1450.jpg,C:\Users\Kushal A\OneDrive\Desktop\MAINPROJECT\PhytoVisionAI_Research\dataset\final_split\train\Ashoka\1450.jpg
train,Ashoka,mmpd_3 (61).jpg,C:\Users\Kushal A\OneDrive\Desktop\MAINPROJECT\PhytoVisionAI_Research\dataset\final_split\train\Ashoka\mmpd_3 (61).jpg
train,Ashoka,1499.jpg,C:\Users\Kushal A\OneDrive\Desktop\MAINPROJECT\PhytoVisionAI_Research\dataset\final_split\train\Ashoka\1499.jpg
train,Ashoka,mmpd_3 (60).jpg,C:\Users\Kushal A\OneDrive\Desktop\MAINPROJECT\PhytoVisionAI_Research\dataset\final_split\train\Ashoka\mmpd_3 (60).jpg
train,Ashoka,1445.jpg,C:\Users\Kushal A\OneDrive\Desktop\MAINPROJECT\PhytoVisionAI_Research\dataset\final_split\train\Ashoka\1445.jpg
train,Ashoka,mmpd_3 (74).jpg,C:\Users\Kushal A\OneDrive\Desktop\MAINPROJECT\PhytoVisionAI_Research\dataset\final_split\train\Ashoka\mmpd_3 (74).jpg
train,Ashoka,1423.jpg,C:\Users\Kushal A\OneDrive\Desktop\MAINPROJECT\PhytoVisionAI_Research\dataset\final_split\train\Ashoka\1423.jpg
train,Ashoka,mmpd_3 (63).jpg,C:\Users\Kushal A\OneDrive\Desktop\MAINPROJECT\PhytoVisionAI_Research\dataset\final_split\train\Ashoka\mmpd_3 (63).jpg
train,Ashoka,mmpd_3 (19).jpg,C:\Users\Kushal A\OneDrive\Desktop\MAINPROJECT\PhytoVisionAI_Research\dataset\final_split\train\Ashoka\mmpd_3 (19).jpg
train,Ashoka,mmpd_3 (79).jpg,C:\Users\Kushal A\OneDrive\Desktop\MAINPROJECT\PhytoVisionAI_Research\dataset\final_split\train\Ashoka\mmpd_3 (79).jpg
train,Ashoka,1428.jpg,C:\Users\Kushal A\OneDrive\Desktop\MAINPROJECT\PhytoVisionAI_Research\dataset\final_split\train\Ashoka\1428.jpg
train,Ashoka,1503.jpg,C:\Users\Kushal A\OneDrive\Desktop\MAINPROJECT\PhytoVisionAI_Research\dataset\final_split\train\Ashoka\1503.jpg
train,Ashoka,1448.jpg,C:\Users\Kushal A\OneDrive\Desktop\MAINPROJECT\PhytoVisionAI_Research\dataset\final_split\train\Ashoka\1448.jpg
train,Ashoka,1464.jpg,C:\Users\Kushal A\OneDrive\Desktop\MAINPROJECT\PhytoVisionAI_Research\dataset\final_split\train\Ashoka\1464.jpg
train,Ashoka,45.jpg,C:\Users\Kushal A\OneDrive\Desktop\MAINPROJECT\PhytoVisionAI_Research\dataset\final_split\train\Ashoka\45.jpg
train,Ashoka,mmpd_3 (67).jpg,C:\Users\Kushal A\OneDrive\Desktop\MAINPROJECT\PhytoVisionAI_Research\dataset\final_split\train\Ashoka\mmpd_3 (67).jpg
train,Ashoka,1515.jpg,C:\Users\Kushal A\OneDrive\Desktop\MAINPROJECT\PhytoVisionAI_Research\dataset\final_split\train\Ashoka\1515.jpg
train,Ashoka,1422.jpg,C:\Users\Kushal A\OneDrive\Desktop\MAINPROJECT\PhytoVisionAI_Research\dataset\final_split\train\Ashoka\1422.jpg
train,Ashoka,mmpd_3 (40).jpg,C:\Users\Kushal A\OneDrive\Desktop\MAINPROJECT\PhytoVisionAI_Research\dataset\final_split\train\Ashoka\mmpd_3 (40).jpg
train,Ashoka,1430.jpg,C:\Users\Kushal A\OneDrive\Desktop\MAINPROJECT\PhytoVisionAI_Research\dataset\final_split\train\Ashoka\1430.jpg
train,Ashoka,mmpd_3 (72).jpg,C:\Users\Kushal A\OneDrive\Desktop\MAINPROJECT\PhytoVisionAI_Research\dataset\final_split\train\Ashoka\mmpd_3 (72).jpg
train,Ashoka,561.jpg,C:\Users\Kushal A\OneDrive\Desktop\MAINPROJECT\PhytoVisionAI_Research\dataset\final_split\train\Ashoka\561.jpg
train,Ashoka,1473.jpg,C:\Users\Kushal A\OneDrive\Desktop\MAINPROJECT\PhytoVisionAI_Research\dataset\final_split\train\Ashoka\1473.jpg
train,Ashoka,mmpd_3 (52).jpg,C:\Users\Kushal A\OneDrive\Desktop\MAINPROJECT\PhytoVisionAI_Research\dataset\final_split\train\Ashoka\mmpd_3 (52).jpg
train,Ashoka,1516.jpg,C:\Users\Kushal A\OneDrive\Desktop\MAINPROJECT\PhytoVisionAI_Research\dataset\final_split\train\Ashoka\1516.jpg
train,Ashoka,mmpd_3 (35).jpg,C:\Users\Kushal A\OneDrive\Desktop\MAINPROJECT\PhytoVisionAI_Research\dataset\final_split\train\Ashoka\mmpd_3 (35).jpg
train,Ashoka,43.jpg,C:\Users\Kushal A\OneDrive\Desktop\MAINPROJECT\PhytoVisionAI_Research\dataset\final_split\train\Ashoka\43.jpg
train,Ashoka,mmpd_3 (44).jpg,C:\Users\Kushal A\OneDrive\Desktop\MAINPROJECT\PhytoVisionAI_Research\dataset\final_split\train\Ashoka\mmpd_3 (44).jpg
train,Ashoka,mmpd_3 (17).jpg,C:\Users\Kushal A\OneDrive\Desktop\MAINPROJECT\PhytoVisionAI_Research\dataset\final_split\train\Ashoka\mmpd_3 (17).jpg
train,Ashoka,1463.jpg,C:\Users\Kushal A\OneDrive\Desktop\MAINPROJECT\PhytoVisionAI_Research\dataset\final_split\train\Ashoka\1463.jpg
train,Ashoka,mmpd_3 (16).jpg,C:\Users\Kushal A\OneDrive\Desktop\MAINPROJECT\PhytoVisionAI_Research\dataset\final_split\train\Ashoka\mmpd_3 (16).jpg
train,Ashoka,1478.jpg,C:\Users\Kushal A\OneDrive\Desktop\MAINPROJECT\PhytoVisionAI_Research\dataset\final_split\train\Ashoka\1478.jpg
train,Ashoka,mmpd_3 (85).jpg,C:\Users\Kushal A\OneDrive\Desktop\MAINPROJECT\PhytoVisionAI_Research\dataset\final_split\train\Ashoka\mmpd_3 (85).jpg
train,Ashoka,1461.jpg,C:\Users\Kushal A\OneDrive\Desktop\MAINPROJECT\PhytoVisionAI_Research\dataset\final_split\train\Ashoka\1461.jpg
train,Ashoka,1468.jpg,C:\Users\Kushal A\OneDrive\Desktop\MAINPROJECT\PhytoVisionAI_Research\dataset\final_split\train\Ashoka\1468.jpg
train,Ashoka,1453.jpg,C:\Users\Kushal A\OneDrive\Desktop\MAINPROJECT\PhytoVisionAI_Research\dataset\final_split\train\Ashoka\1453.jpg
train,Ashoka,51.jpg,C:\Users\Kushal A\OneDrive\Desktop\MAINPROJECT\PhytoVisionAI_Research\dataset\final_split\train\Ashoka\51.jpg
train,Ashoka,1443.jpg,C:\Users\Kushal A\OneDrive\Desktop\MAINPROJECT\PhytoVisionAI_Research\dataset\final_split\train\Ashoka\1443.jpg
train,Ashoka,mmpd_3 (7).jpg,C:\Users\Kushal A\OneDrive\Desktop\MAINPROJECT\PhytoVisionAI_Research\dataset\final_split\train\Ashoka\mmpd_3 (7).jpg
train,Ashoka,mmpd_3 (71).jpg,C:\Users\Kushal A\OneDrive\Desktop\MAINPROJECT\PhytoVisionAI_Research\dataset\final_split\train\Ashoka\mmpd_3 (71).jpg
train,Ashoka,mmpd_3 (6).jpg,C:\Users\Kushal A\OneDrive\Desktop\MAINPROJECT\PhytoVisionAI_Research\dataset\final_split\train\Ashoka\mmpd_3 (6).jpg
train,Ashoka,1441.jpg,C:\Users\Kushal A\OneDrive\Desktop\MAINPROJECT\PhytoVisionAI_Research\dataset\final_split\train\Ashoka\1441.jpg
train,Ashoka,mmpd_3 (56).jpg,C:\Users\Kushal A\OneDrive\Desktop\MAINPROJECT\PhytoVisionAI_Research\dataset\final_split\train\Ashoka\mmpd_3 (56).jpg
train,Ashoka,1520.jpg,C:\Users\Kushal A\OneDrive\Desktop\MAINPROJECT\PhytoVisionAI_Research\dataset\final_split\train\Ashoka\1520.jpg
train,Ashoka,1426.jpg,C:\Users\Kushal A\OneDrive\Desktop\MAINPROJECT\PhytoVisionAI_Research\dataset\final_split\train\Ashoka\1426.jpg
train,Ashoka,1452.jpg,C:\Users\Kushal A\OneDrive\Desktop\MAINPROJECT\PhytoVisionAI_Research\dataset\final_split\train\Ashoka\1452.jpg
train,Ashoka,mmpd_3 (25).jpg,C:\Users\Kushal A\OneDrive\Desktop\MAINPROJECT\PhytoVisionAI_Research\dataset\final_split\train\Ashoka\mmpd_3 (25).jpg
train,Ashoka,1462.jpg,C:\Users\Kushal A\OneDrive\Desktop\MAINPROJECT\PhytoVisionAI_Research\dataset\final_split\train\Ashoka\1462.jpg
train,Ashoka,1523.jpg,C:\Users\Kushal A\OneDrive\Desktop\MAINPROJECT\PhytoVisionAI_Research\dataset\final_split\train\Ashoka\1523.jpg
train,Ashoka,1506.jpg,C:\Users\Kushal A\OneDrive\Desktop\MAINPROJECT\PhytoVisionAI_Research\dataset\final_split\train\Ashoka\1506.jpg
train,Ashoka,mmpd_3 (12).jpg,C:\Users\Kushal A\OneDrive\Desktop\MAINPROJECT\PhytoVisionAI_Research\dataset\final_split\train\Ashoka\mmpd_3 (12).jpg
train,Ashoka,1427.jpg,C:\Users\Kushal A\OneDrive\Desktop\MAINPROJECT\PhytoVisionAI_Research\dataset\final_split\train\Ashoka\1427.jpg
train,Ashoka,572.jpg,C:\Users\Kushal A\OneDrive\Desktop\MAINPROJECT\PhytoVisionAI_Research\dataset\final_split\train\Ashoka\572.jpg
train,Ashoka,1531.jpg,C:\Users\Kushal A\OneDrive\Desktop\MAINPROJECT\PhytoVisionAI_Research\dataset\final_split\train\Ashoka\1531.jpg
train,Ashoka,mmpd_3 (4).jpg,C:\Users\Kushal A\OneDrive\Desktop\MAINPROJECT\PhytoVisionAI_Research\dataset\final_split\train\Ashoka\mmpd_3 (4).jpg
train,Ashoka,mmpd_3 (1).jpg,C:\Users\Kushal A\OneDrive\Desktop\MAINPROJECT\PhytoVisionAI_Research\dataset\final_split\train\Ashoka\mmpd_3 (1).jpg
train,Ashoka,mmpd_3 (48).jpg,C:\Users\Kushal A\OneDrive\Desktop\MAINPROJECT\PhytoVisionAI_Research\dataset\final_split\train\Ashoka\mmpd_3 (48).jpg
train,Ashoka,mmpd_3 (82).jpg,C:\Users\Kushal A\OneDrive\Desktop\MAINPROJECT\PhytoVisionAI_Research\dataset\final_split\train\Ashoka\mmpd_3 (82).jpg
train,Ashoka,566.jpg,C:\Users\Kushal A\OneDrive\Desktop\MAINPROJECT\PhytoVisionAI_Research\dataset\final_split\train\Ashoka\566.jpg
train,Ashoka,564.jpg,C:\Users\Kushal A\OneDrive\Desktop\MAINPROJECT\PhytoVisionAI_Research\dataset\final_split\train\Ashoka\564.jpg
train,Ashoka,mmpd_3 (47).jpg,C:\Users\Kushal A\OneDrive\Desktop\MAINPROJECT\PhytoVisionAI_Research\dataset\final_split\train\Ashoka\mmpd_3 (47).jpg
train,Ashoka,mmpd_3 (20).jpg,C:\Users\Kushal A\OneDrive\Desktop\MAINPROJECT\PhytoVisionAI_Research\dataset\final_split\train\Ashoka\mmpd_3 (20).jpg
train,Ashoka,1496.jpg,C:\Users\Kushal A\OneDrive\Desktop\MAINPROJECT\PhytoVisionAI_Research\dataset\final_split\train\Ashoka\1496.jpg
train,Ashoka,1510.jpg,C:\Users\Kushal A\OneDrive\Desktop\MAINPROJECT\PhytoVisionAI_Research\dataset\final_split\train\Ashoka\1510.jpg
train,Ashoka,mmpd_3 (90).jpg,C:\Users\Kushal A\OneDrive\Desktop\MAINPROJECT\PhytoVisionAI_Research\dataset\final_split\train\Ashoka\mmpd_3 (90).jpg
train,Ashoka,42.jpg,C:\Users\Kushal A\OneDrive\Desktop\MAINPROJECT\PhytoVisionAI_Research\dataset\final_split\train\Ashoka\42.jpg
train,Ashoka,1517.jpg,C:\Users\Kushal A\OneDrive\Desktop\MAINPROJECT\PhytoVisionAI_Research\dataset\final_split\train\Ashoka\1517.jpg
train,Ashoka,mmpd_3 (10).jpg,C:\Users\Kushal A\OneDrive\Desktop\MAINPROJECT\PhytoVisionAI_Research\dataset\final_split\train\Ashoka\mmpd_3 (10).jpg
train,Ashoka,1425.jpg,C:\Users\Kushal A\OneDrive\Desktop\MAINPROJECT\PhytoVisionAI_Research\dataset\final_split\train\Ashoka\1425.jpg
train,Ashoka,mmpd_3 (11).jpg,C:\Users\Kushal A\OneDrive\Desktop\MAINPROJECT\PhytoVisionAI_Research\dataset\final_split\train\Ashoka\mmpd_3 (11).jpg
train,Ashoka,1519.jpg,C:\Users\Kushal A\OneDrive\Desktop\MAINPROJECT\PhytoVisionAI_Research\dataset\final_split\train\Ashoka\1519.jpg
train,Ashoka,1527.jpg,C:\Users\Kushal A\OneDrive\Desktop\MAINPROJECT\PhytoVisionAI_Research\dataset\final_split\train\Ashoka\1527.jpg
train,Ashoka,1472.jpg,C:\Users\Kushal A\OneDrive\Desktop\MAINPROJECT\PhytoVisionAI_Research\dataset\final_split\train\Ashoka\1472.jpg
train,Ashoka,1435.jpg,C:\Users\Kushal A\OneDrive\Desktop\MAINPROJECT\PhytoVisionAI_Research\dataset\final_split\train\Ashoka\1435.jpg
train,Ashoka,mmpd_3 (29).jpg,C:\Users\Kushal A\OneDrive\Desktop\MAINPROJECT\PhytoVisionAI_Research\dataset\final_split\train\Ashoka\mmpd_3 (29).jpg
train,Ashoka,1539.jpg,C:\Users\Kushal A\OneDrive\Desktop\MAINPROJECT\PhytoVisionAI_Research\dataset\final_split\train\Ashoka\1539.jpg
train,Ashoka,mmpd_3 (37).jpg,C:\Users\Kushal A\OneDrive\Desktop\MAINPROJECT\PhytoVisionAI_Research\dataset\final_split\train\Ashoka\mmpd_3 (37).jpg
train,Ashoka,1504.jpg,C:\Users\Kushal A\OneDrive\Desktop\MAINPROJECT\PhytoVisionAI_Research\dataset\final_split\train\Ashoka\1504.jpg
train,Ashoka,1524.jpg,C:\Users\Kushal A\OneDrive\Desktop\MAINPROJECT\PhytoVisionAI_Research\dataset\final_split\train\Ashoka\1524.jpg
train,Ashoka,1526.jpg,C:\Users\Kushal A\OneDrive\Desktop\MAINPROJECT\PhytoVisionAI_Research\dataset\final_split\train\Ashoka\1526.jpg
train,Ashoka,1436.jpg,C:\Users\Kushal A\OneDrive\Desktop\MAINPROJECT\PhytoVisionAI_Research\dataset\final_split\train\Ashoka\1436.jpg
train,Ashoka,1474.jpg,C:\Users\Kushal A\OneDrive\Desktop\MAINPROJECT\PhytoVisionAI_Research\dataset\final_split\train\Ashoka\1474.jpg
train,Ashoka,1459.jpg,C:\Users\Kushal A\OneDrive\Desktop\MAINPROJECT\PhytoVisionAI_Research\dataset\final_split\train\Ashoka\1459.jpg
train,Ashwagandha,2222.jpg,C:\Users\Kushal A\OneDrive\Desktop\MAINPROJECT\PhytoVisionAI_Research\dataset\final_split\train\Ashwagandha\2222.jpg
train,Ashwagandha,2196.jpg,C:\Users\Kushal A\OneDrive\Desktop\MAINPROJECT\PhytoVisionAI_Research\dataset\final_split\train\Ashwagandha\2196.jpg
train,Ashwagandha,2278.jpg,C:\Users\Kushal A\OneDrive\Desktop\MAINPROJECT\PhytoVisionAI_Research\dataset\final_split\train\Ashwagandha\2278.jpg
train,Ashwagandha,2241.jpg,C:\Users\Kushal A\OneDrive\Desktop\MAINPROJECT\PhytoVisionAI_Research\dataset\final_split\train\Ashwagandha\2241.jpg
train,Ashwagandha,2220.jpg,C:\Users\Kushal A\OneDrive\Desktop\MAINPROJECT\PhytoVisionAI_Research\dataset\final_split\train\Ashwagandha\2220.jpg
train,Ashwagandha,2167.jpg,C:\Users\Kushal A\OneDrive\Desktop\MAINPROJECT\PhytoVisionAI_Research\dataset\final_split\train\Ashwagandha\2167.jpg
train,Ashwagandha,2190.jpg,C:\Users\Kushal A\OneDrive\Desktop\MAINPROJECT\PhytoVisionAI_Research\dataset\final_split\train\Ashwagandha\2190.jpg
train,Ashwagandha,128.jpg,C:\Users\Kushal A\OneDrive\Desktop\MAINPROJECT\PhytoVisionAI_Research\dataset\final_split\train\Ashwagandha\128.jpg
train,Ashwagandha,2214.jpg,C:\Users\Kushal A\OneDrive\Desktop\MAINPROJECT\PhytoVisionAI_Research\dataset\final_split\train\Ashwagandha\2214.jpg
train,Ashwagandha,2243.jpg,C:\Users\Kushal A\OneDrive\Desktop\MAINPROJECT\PhytoVisionAI_Research\dataset\final_split\train\Ashwagandha\2243.jpg
train,Ashwagandha,2271.jpg,C:\Users\Kushal A\OneDrive\Desktop\MAINPROJECT\PhytoVisionAI_Research\dataset\final_split\train\Ashwagandha\2271.jpg
train,Ashwagandha,2218.jpg,C:\Users\Kushal A\OneDrive\Desktop\MAINPROJECT\PhytoVisionAI_Research\dataset\final_split\train\Ashwagandha\2218.jpg
train,Ashwagandha,2257.jpg,C:\Users\Kushal A\OneDrive\Desktop\MAINPROJECT\PhytoVisionAI_Research\dataset\final_split\train\Ashwagandha\2257.jpg
train,Ashwagandha,129.jpg,C:\Users\Kushal A\OneDrive\Desktop\MAINPROJECT\PhytoVisionAI_Research\dataset\final_split\train\Ashwagandha\129.jpg
train,Ashwagandha,641.jpg,C:\Users\Kushal A\OneDrive\Desktop\MAINPROJECT\PhytoVisionAI_Research\dataset\final_split\train\Ashwagandha\641.jpg
train,Ashwagandha,2223.jpg,C:\Users\Kushal A\OneDrive\Desktop\MAINPROJECT\PhytoVisionAI_Research\dataset\final_split\train\Ashwagandha\2223.jpg
train,Ashwagandha,118.jpg,C:\Users\Kushal A\OneDrive\Desktop\MAINPROJECT\PhytoVisionAI_Research\dataset\final_split\train\Ashwagandha\118.jpg
train,Ashwagandha,2269.jpg,C:\Users\Kushal A\OneDrive\Desktop\MAINPROJECT\PhytoVisionAI_Research\dataset\final_split\train\Ashwagandha\2269.jpg
train,Ashwagandha,2249.jpg,C:\Users\Kushal A\OneDrive\Desktop\MAINPROJECT\PhytoVisionAI_Research\dataset\final_split\train\Ashwagandha\2249.jpg
train,Ashwagandha,2166.jpg,C:\Users\Kushal A\OneDrive\Desktop\MAINPROJECT\PhytoVisionAI_Research\dataset\final_split\train\Ashwagandha\2166.jpg
train,Ashwagandha,2235.jpg,C:\Users\Kushal A\OneDrive\Desktop\MAINPROJECT\PhytoVisionAI_Research\dataset\final_split\train\Ashwagandha\2235.jpg
train,Ashwagandha,2237.jpg,C:\Users\Kushal A\OneDrive\Desktop\MAINPROJECT\PhytoVisionAI_Research\dataset\final_split\train\Ashwagandha\2237.jpg
train,Ashwagandha,2197.jpg,C:\Users\Kushal A\OneDrive\Desktop\MAINPROJECT\PhytoVisionAI_Research\dataset\final_split\train\Ashwagandha\2197.jpg
train,Ashwagandha,120.jpg,C:\Users\Kushal A\OneDrive\Desktop\MAINPROJECT\PhytoVisionAI_Research\dataset\final_split\train\Ashwagandha\120.jpg
train,Ashwagandha,2170.jpg,C:\Users\Kushal A\OneDrive\Desktop\MAINPROJECT\PhytoVisionAI_Research\dataset\final_split\train\Ashwagandha\2170.jpg
train,Ashwagandha,126.jpg,C:\Users\Kushal A\OneDrive\Desktop\MAINPROJECT\PhytoVisionAI_Research\dataset\final_split\train\Ashwagandha\126.jpg
train,Ashwagandha,2199.jpg,C:\Users\Kushal A\OneDrive\Desktop\MAINPROJECT\PhytoVisionAI_Research\dataset\final_split\train\Ashwagandha\2199.jpg
train,Ashwagandha,2169.jpg,C:\Users\Kushal A\OneDrive\Desktop\MAINPROJECT\PhytoVisionAI_Research\dataset\final_split\train\Ashwagandha\2169.jpg
train,Ashwagandha,2208.jpg,C:\Users\Kushal A\OneDrive\Desktop\MAINPROJECT\PhytoVisionAI_Research\dataset\final_split\train\Ashwagandha\2208.jpg
train,Ashwagandha,2274.jpg,C:\Users\Kushal A\OneDrive\Desktop\MAINPROJECT\PhytoVisionAI_Research\dataset\final_split\train\Ashwagandha\2274.jpg
train,Ashwagandha,2179.jpg,C:\Users\Kushal A\OneDrive\Desktop\MAINPROJECT\PhytoVisionAI_Research\dataset\final_split\train\Ashwagandha\2179.jpg
train,Ashwagandha,2215.jpg,C:\Users\Kushal A\OneDrive\Desktop\MAINPROJECT\PhytoVisionAI_Research\dataset\final_split\train\Ashwagandha\2215.jpg
train,Ashwagandha,2277.jpg,C:\Users\Kushal A\OneDrive\Desktop\MAINPROJECT\PhytoVisionAI_Research\dataset\final_split\train\Ashwagandha\2277.jpg
train,Ashwagandha,2273.jpg,C:\Users\Kushal A\OneDrive\Desktop\MAINPROJECT\PhytoVisionAI_Research\dataset\final_split\train\Ashwagandha\2273.jpg
train,Ashwagandha,2250.jpg,C:\Users\Kushal A\OneDrive\Desktop\MAINPROJECT\PhytoVisionAI_Research\dataset\final_split\train\Ashwagandha\2250.jpg
train,Ashwagandha,2198.jpg,C:\Users\Kushal A\OneDrive\Desktop\MAINPROJECT\PhytoVisionAI_Research\dataset\final_split\train\Ashwagandha\2198.jpg
train,Ashwagandha,2226.jpg,C:\Users\Kushal A\OneDrive\Desktop\MAINPROJECT\PhytoVisionAI_Research\dataset\final_split\train\Ashwagandha\2226.jpg
train,Ashwagandha,2177.jpg,C:\Users\Kushal A\OneDrive\Desktop\MAINPROJECT\PhytoVisionAI_Research\dataset\final_split\train\Ashwagandha\2177.jpg
train,Ashwagandha,2240.jpg,C:\Users\Kushal A\OneDrive\Desktop\MAINPROJECT\PhytoVisionAI_Research\dataset\final_split\train\Ashwagandha\2240.jpg
train,Ashwagandha,2182.jpg,C:\Users\Kushal A\OneDrive\Desktop\MAINPROJECT\PhytoVisionAI_Research\dataset\final_split\train\Ashwagandha\2182.jpg
train,Ashwagandha,2212.jpg,C:\Users\Kushal A\OneDrive\Desktop\MAINPROJECT\PhytoVisionAI_Research\dataset\final_split\train\Ashwagandha\2212.jpg
train,Ashwagandha,646.jpg,C:\Users\Kushal A\OneDrive\Desktop\MAINPROJECT\PhytoVisionAI_Research\dataset\final_split\train\Ashwagandha\646.jpg
train,Ashwagandha,2204.jpg,C:\Users\Kushal A\OneDrive\Desktop\MAINPROJECT\PhytoVisionAI_Research\dataset\final_split\train\Ashwagandha\2204.jpg
train,Ashwagandha,2234.jpg,C:\Users\Kushal A\OneDrive\Desktop\MAINPROJECT\PhytoVisionAI_Research\dataset\final_split\train\Ashwagandha\2234.jpg
train,Ashwagandha,2175.jpg,C:\Users\Kushal A\OneDrive\Desktop\MAINPROJECT\PhytoVisionAI_Research\dataset\final_split\train\Ashwagandha\2175.jpg
train,Ashwagandha,2230.jpg,C:\Users\Kushal A\OneDrive\Desktop\MAINPROJECT\PhytoVisionAI_Research\dataset\final_split\train\Ashwagandha\2230.jpg
train,Ashwagandha,125.jpg,C:\Users\Kushal A\OneDrive\Desktop\MAINPROJECT\PhytoVisionAI_Research\dataset\final_split\train\Ashwagandha\125.jpg
train,Ashwagandha,2258.jpg,C:\Users\Kushal A\OneDrive\Desktop\MAINPROJECT\PhytoVisionAI_Research\dataset\final_split\train\Ashwagandha\2258.jpg
train,Ashwagandha,2229.jpg,C:\Users\Kushal A\OneDrive\Desktop\MAINPROJECT\PhytoVisionAI_Research\dataset\final_split\train\Ashwagandha\2229.jpg
train,Ashwagandha,2168.jpg,C:\Users\Kushal A\OneDrive\Desktop\MAINPROJECT\PhytoVisionAI_Research\dataset\final_split\train\Ashwagandha\2168.jpg
train,Ashwagandha,2206.jpg,C:\Users\Kushal A\OneDrive\Desktop\MAINPROJECT\PhytoVisionAI_Research\dataset\final_split\train\Ashwagandha\2206.jpg
train,Ashwagandha,2200.jpg,C:\Users\Kushal A\OneDrive\Desktop\MAINPROJECT\PhytoVisionAI_Research\dataset\final_split\train\Ashwagandha\2200.jpg
train,Ashwagandha,2202.jpg,C:\Users\Kushal A\OneDrive\Desktop\MAINPROJECT\PhytoVisionAI_Research\dataset\final_split\train\Ashwagandha\2202.jpg
train,Ashwagandha,127.jpg,C:\Users\Kushal A\OneDrive\Desktop\MAINPROJECT\PhytoVisionAI_Research\dataset\final_split\train\Ashwagandha\127.jpg
train,Ashwagandha,121.jpg,C:\Users\Kushal A\OneDrive\Desktop\MAINPROJECT\PhytoVisionAI_Research\dataset\final_split\train\Ashwagandha\121.jpg
train,Ashwagandha,2232.jpg,C:\Users\Kushal A\OneDrive\Desktop\MAINPROJECT\PhytoVisionAI_Research\dataset\final_split\train\Ashwagandha\2232.jpg
train,Ashwagandha,2259.jpg,C:\Users\Kushal A\OneDrive\Desktop\MAINPROJECT\PhytoVisionAI_Research\dataset\final_split\train\Ashwagandha\2259.jpg
train,Ashwagandha,2221.jpg,C:\Users\Kushal A\OneDrive\Desktop\MAINPROJECT\PhytoVisionAI_Research\dataset\final_split\train\Ashwagandha\2221.jpg
train,Ashwagandha,2213.jpg,C:\Users\Kushal A\OneDrive\Desktop\MAINPROJECT\PhytoVisionAI_Research\dataset\final_split\train\Ashwagandha\2213.jpg
train,Ashwagandha,2180.jpg,C:\Users\Kushal A\OneDrive\Desktop\MAINPROJECT\PhytoVisionAI_Research\dataset\final_split\train\Ashwagandha\2180.jpg
train,Ashwagandha,2174.jpg,C:\Users\Kushal A\OneDrive\Desktop\MAINPROJECT\PhytoVisionAI_Research\dataset\final_split\train\Ashwagandha\2174.jpg
train,Ashwagandha,645.jpg,C:\Users\Kushal A\OneDrive\Desktop\MAINPROJECT\PhytoVisionAI_Research\dataset\final_split\train\Ashwagandha\645.jpg
train,Ashwagandha,2201.jpg,C:\Users\Kushal A\OneDrive\Desktop\MAINPROJECT\PhytoVisionAI_Research\dataset\final_split\train\Ashwagandha\2201.jpg
train,Ashwagandha,2163.jpg,C:\Users\Kushal A\OneDrive\Desktop\MAINPROJECT\PhytoVisionAI_Research\dataset\final_split\train\Ashwagandha\2163.jpg
train,Ashwagandha,639.jpg,C:\Users\Kushal A\OneDrive\Desktop\MAINPROJECT\PhytoVisionAI_Research\dataset\final_split\train\Ashwagandha\639.jpg
train,Ashwagandha,2267.jpg,C:\Users\Kushal A\OneDrive\Desktop\MAINPROJECT\PhytoVisionAI_Research\dataset\final_split\train\Ashwagandha\2267.jpg
train,Ashwagandha,2228.jpg,C:\Users\Kushal A\OneDrive\Desktop\MAINPROJECT\PhytoVisionAI_Research\dataset\final_split\train\Ashwagandha\2228.jpg
train,Ashwagandha,2252.jpg,C:\Users\Kushal A\OneDrive\Desktop\MAINPROJECT\PhytoVisionAI_Research\dataset\final_split\train\Ashwagandha\2252.jpg
train,Ashwagandha,2192.jpg,C:\Users\Kushal A\OneDrive\Desktop\MAINPROJECT\PhytoVisionAI_Research\dataset\final_split\train\Ashwagandha\2192.jpg
train,Ashwagandha,642.jpg,C:\Users\Kushal A\OneDrive\Desktop\MAINPROJECT\PhytoVisionAI_Research\dataset\final_split\train\Ashwagandha\642.jpg
train,Ashwagandha,2248.jpg,C:\Users\Kushal A\OneDrive\Desktop\MAINPROJECT\PhytoVisionAI_Research\dataset\final_split\train\Ashwagandha\2248.jpg
train,Ashwagandha,2281.jpg,C:\Users\Kushal A\OneDrive\Desktop\MAINPROJECT\PhytoVisionAI_Research\dataset\final_split\train\Ashwagandha\2281.jpg
train,Ashwagandha,2246.jpg,C:\Users\Kushal A\OneDrive\Desktop\MAINPROJECT\PhytoVisionAI_Research\dataset\final_split\train\Ashwagandha\2246.jpg
train,Ashwagandha,2233.jpg,C:\Users\Kushal A\OneDrive\Desktop\MAINPROJECT\PhytoVisionAI_Research\dataset\final_split\train\Ashwagandha\2233.jpg
train,Ashwagandha,2162.jpg,C:\Users\Kushal A\OneDrive\Desktop\MAINPROJECT\PhytoVisionAI_Research\dataset\final_split\train\Ashwagandha\2162.jpg
train,Ashwagandha,640.jpg,C:\Users\Kushal A\OneDrive\Desktop\MAINPROJECT\PhytoVisionAI_Research\dataset\final_split\train\Ashwagandha\640.jpg
train,Ashwagandha,2231.jpg,C:\Users\Kushal A\OneDrive\Desktop\MAINPROJECT\PhytoVisionAI_Research\dataset\final_split\train\Ashwagandha\2231.jpg
train,Ashwagandha,2272.jpg,C:\Users\Kushal A\OneDrive\Desktop\MAINPROJECT\PhytoVisionAI_Research\dataset\final_split\train\Ashwagandha\2272.jpg
train,Ashwagandha,2275.jpg,C:\Users\Kushal A\OneDrive\Desktop\MAINPROJECT\PhytoVisionAI_Research\dataset\final_split\train\Ashwagandha\2275.jpg
train,Ashwagandha,124.jpg,C:\Users\Kushal A\OneDrive\Desktop\MAINPROJECT\PhytoVisionAI_Research\dataset\final_split\train\Ashwagandha\124.jpg
train,Ashwagandha,123.jpg,C:\Users\Kushal A\OneDrive\Desktop\MAINPROJECT\PhytoVisionAI_Research\dataset\final_split\train\Ashwagandha\123.jpg
train,Ashwagandha,2254.jpg,C:\Users\Kushal A\OneDrive\Desktop\MAINPROJECT\PhytoVisionAI_Research\dataset\final_split\train\Ashwagandha\2254.jpg
train,Ashwagandha,2165.jpg,C:\Users\Kushal A\OneDrive\Desktop\MAINPROJECT\PhytoVisionAI_Research\dataset\final_split\train\Ashwagandha\2165.jpg
train,Ashwagandha,2255.jpg,C:\Users\Kushal A\OneDrive\Desktop\MAINPROJECT\PhytoVisionAI_Research\dataset\final_split\train\Ashwagandha\2255.jpg
train,Ashwagandha,119.jpg,C:\Users\Kushal A\OneDrive\Desktop\MAINPROJECT\PhytoVisionAI_Research\dataset\final_split\train\Ashwagandha\119.jpg
train,Ashwagandha,2187.jpg,C:\Users\Kushal A\OneDrive\Desktop\MAINPROJECT\PhytoVisionAI_Research\dataset\final_split\train\Ashwagandha\2187.jpg
train,Ashwagandha,2171.jpg,C:\Users\Kushal A\OneDrive\Desktop\MAINPROJECT\PhytoVisionAI_Research\dataset\final_split\train\Ashwagandha\2171.jpg
train,Ashwagandha,2195.jpg,C:\Users\Kushal A\OneDrive\Desktop\MAINPROJECT\PhytoVisionAI_Research\dataset\final_split\train\Ashwagandha\2195.jpg
train,Ashwagandha,2266.jpg,C:\Users\Kushal A\OneDrive\Desktop\MAINPROJECT\PhytoVisionAI_Research\dataset\final_split\train\Ashwagandha\2266.jpg
train,Ashwagandha,2186.jpg,C:\Users\Kushal A\OneDrive\Desktop\MAINPROJECT\PhytoVisionAI_Research\dataset\final_split\train\Ashwagandha\2186.jpg
train,Ashwagandha,2251.jpg,C:\Users\Kushal A\OneDrive\Desktop\MAINPROJECT\PhytoVisionAI_Research\dataset\final_split\train\Ashwagandha\2251.jpg
train,Ashwagandha,130.jpg,C:\Users\Kushal A\OneDrive\Desktop\MAINPROJECT\PhytoVisionAI_Research\dataset\final_split\train\Ashwagandha\130.jpg
train,Ashwagandha,2185.jpg,C:\Users\Kushal A\OneDrive\Desktop\MAINPROJECT\PhytoVisionAI_Research\dataset\final_split\train\Ashwagandha\2185.jpg
train,Ashwagandha,2225.jpg,C:\Users\Kushal A\OneDrive\Desktop\MAINPROJECT\PhytoVisionAI_Research\dataset\final_split\train\Ashwagandha\2225.jpg
train,Ashwagandha,2279.jpg,C:\Users\Kushal A\OneDrive\Desktop\MAINPROJECT\PhytoVisionAI_Research\dataset\final_split\train\Ashwagandha\2279.jpg
train,Ashwagandha,643.jpg,C:\Users\Kushal A\OneDrive\Desktop\MAINPROJECT\PhytoVisionAI_Research\dataset\final_split\train\Ashwagandha\643.jpg
train,Ashwagandha,2262.jpg,C:\Users\Kushal A\OneDrive\Desktop\MAINPROJECT\PhytoVisionAI_Research\dataset\final_split\train\Ashwagandha\2262.jpg
train,Ashwagandha,2184.jpg,C:\Users\Kushal A\OneDrive\Desktop\MAINPROJECT\PhytoVisionAI_Research\dataset\final_split\train\Ashwagandha\2184.jpg
train,Avacado,5705.jpg,C:\Users\Kushal A\OneDrive\Desktop\MAINPROJECT\PhytoVisionAI_Research\dataset\final_split\train\Avacado\5705.jpg
train,Avacado,493.jpg,C:\Users\Kushal A\OneDrive\Desktop\MAINPROJECT\PhytoVisionAI_Research\dataset\final_split\train\Avacado\493.jpg
train,Avacado,5701.jpg,C:\Users\Kushal A\OneDrive\Desktop\MAINPROJECT\PhytoVisionAI_Research\dataset\final_split\train\Avacado\5701.jpg
train,Avacado,5649.jpg,C:\Users\Kushal A\OneDrive\Desktop\MAINPROJECT\PhytoVisionAI_Research\dataset\final_split\train\Avacado\5649.jpg
train,Avacado,5587.jpg,C:\Users\Kushal A\OneDrive\Desktop\MAINPROJECT\PhytoVisionAI_Research\dataset\final_split\train\Avacado\5587.jpg
train,Avacado,5644.jpg,C:\Users\Kushal A\OneDrive\Desktop\MAINPROJECT\PhytoVisionAI_Research\dataset\final_split\train\Avacado\5644.jpg
train,Avacado,5683.jpg,C:\Users\Kushal A\OneDrive\Desktop\MAINPROJECT\PhytoVisionAI_Research\dataset\final_split\train\Avacado\5683.jpg
train,Avacado,5652.jpg,C:\Users\Kushal A\OneDrive\Desktop\MAINPROJECT\PhytoVisionAI_Research\dataset\final_split\train\Avacado\5652.jpg
train,Avacado,5662.jpg,C:\Users\Kushal A\OneDrive\Desktop\MAINPROJECT\PhytoVisionAI_Research\dataset\final_split\train\Avacado\5662.jpg
train,Avacado,490.jpg,C:\Users\Kushal A\OneDrive\Desktop\MAINPROJECT\PhytoVisionAI_Research\dataset\final_split\train\Avacado\490.jpg
train,Avacado,5590.jpg,C:\Users\Kushal A\OneDrive\Desktop\MAINPROJECT\PhytoVisionAI_Research\dataset\final_split\train\Avacado\5590.jpg
train,Avacado,1008.jpg,C:\Users\Kushal A\OneDrive\Desktop\MAINPROJECT\PhytoVisionAI_Research\dataset\final_split\train\Avacado\1008.jpg
train,Avacado,5664.jpg,C:\Users\Kushal A\OneDrive\Desktop\MAINPROJECT\PhytoVisionAI_Research\dataset\final_split\train\Avacado\5664.jpg
train,Avacado,5653.jpg,C:\Users\Kushal A\OneDrive\Desktop\MAINPROJECT\PhytoVisionAI_Research\dataset\final_split\train\Avacado\5653.jpg
train,Avacado,494.jpg,C:\Users\Kushal A\OneDrive\Desktop\MAINPROJECT\PhytoVisionAI_Research\dataset\final_split\train\Avacado\494.jpg
train,Avacado,5613.jpg,C:\Users\Kushal A\OneDrive\Desktop\MAINPROJECT\PhytoVisionAI_Research\dataset\final_split\train\Avacado\5613.jpg
train,Avacado,5605.jpg,C:\Users\Kushal A\OneDrive\Desktop\MAINPROJECT\PhytoVisionAI_Research\dataset\final_split\train\Avacado\5605.jpg
train,Avacado,5614.jpg,C:\Users\Kushal A\OneDrive\Desktop\MAINPROJECT\PhytoVisionAI_Research\dataset\final_split\train\Avacado\5614.jpg
train,Avacado,5606.jpg,C:\Users\Kushal A\OneDrive\Desktop\MAINPROJECT\PhytoVisionAI_Research\dataset\final_split\train\Avacado\5606.jpg
train,Avacado,5603.jpg,C:\Users\Kushal A\OneDrive\Desktop\MAINPROJECT\PhytoVisionAI_Research\dataset\final_split\train\Avacado\5603.jpg
train,Avacado,485.jpg,C:\Users\Kushal A\OneDrive\Desktop\MAINPROJECT\PhytoVisionAI_Research\dataset\final_split\train\Avacado\485.jpg
train,Avacado,1011.jpg,C:\Users\Kushal A\OneDrive\Desktop\MAINPROJECT\PhytoVisionAI_Research\dataset\final_split\train\Avacado\1011.jpg
train,Avacado,5658.jpg,C:\Users\Kushal A\OneDrive\Desktop\MAINPROJECT\PhytoVisionAI_Research\dataset\final_split\train\Avacado\5658.jpg
train,Avacado,5597.jpg,C:\Users\Kushal A\OneDrive\Desktop\MAINPROJECT\PhytoVisionAI_Research\dataset\final_split\train\Avacado\5597.jpg
train,Avacado,5631.jpg,C:\Users\Kushal A\OneDrive\Desktop\MAINPROJECT\PhytoVisionAI_Research\dataset\final_split\train\Avacado\5631.jpg
train,Avacado,5693.jpg,C:\Users\Kushal A\OneDrive\Desktop\MAINPROJECT\PhytoVisionAI_Research\dataset\final_split\train\Avacado\5693.jpg
train,Avacado,5675.jpg,C:\Users\Kushal A\OneDrive\Desktop\MAINPROJECT\PhytoVisionAI_Research\dataset\final_split\train\Avacado\5675.jpg
train,Avacado,5704.jpg,C:\Users\Kushal A\OneDrive\Desktop\MAINPROJECT\PhytoVisionAI_Research\dataset\final_split\train\Avacado\5704.jpg
train,Avacado,5607.jpg,C:\Users\Kushal A\OneDrive\Desktop\MAINPROJECT\PhytoVisionAI_Research\dataset\final_split\train\Avacado\5607.jpg
train,Avacado,5619.jpg,C:\Users\Kushal A\OneDrive\Desktop\MAINPROJECT\PhytoVisionAI_Research\dataset\final_split\train\Avacado\5619.jpg
train,Avacado,5621.jpg,C:\Users\Kushal A\OneDrive\Desktop\MAINPROJECT\PhytoVisionAI_Research\dataset\final_split\train\Avacado\5621.jpg
train,Avacado,5625.jpg,C:\Users\Kushal A\OneDrive\Desktop\MAINPROJECT\PhytoVisionAI_Research\dataset\final_split\train\Avacado\5625.jpg
train,Avacado,5659.jpg,C:\Users\Kushal A\OneDrive\Desktop\MAINPROJECT\PhytoVisionAI_Research\dataset\final_split\train\Avacado\5659.jpg
train,Avacado,5632.jpg,C:\Users\Kushal A\OneDrive\Desktop\MAINPROJECT\PhytoVisionAI_Research\dataset\final_split\train\Avacado\5632.jpg
train,Avacado,5665.jpg,C:\Users\Kushal A\OneDrive\Desktop\MAINPROJECT\PhytoVisionAI_Research\dataset\final_split\train\Avacado\5665.jpg
train,Avacado,488.jpg,C:\Users\Kushal A\OneDrive\Desktop\MAINPROJECT\PhytoVisionAI_Research\dataset\final_split\train\Avacado\488.jpg
train,Avacado,5686.jpg,C:\Users\Kushal A\OneDrive\Desktop\MAINPROJECT\PhytoVisionAI_Research\dataset\final_split\train\Avacado\5686.jpg
train,Avacado,5695.jpg,C:\Users\Kushal A\OneDrive\Desktop\MAINPROJECT\PhytoVisionAI_Research\dataset\final_split\train\Avacado\5695.jpg
train,Avacado,1003.jpg,C:\Users\Kushal A\OneDrive\Desktop\MAINPROJECT\PhytoVisionAI_Research\dataset\final_split\train\Avacado\1003.jpg
train,Avacado,1009.jpg,C:\Users\Kushal A\OneDrive\Desktop\MAINPROJECT\PhytoVisionAI_Research\dataset\final_split\train\Avacado\1009.jpg
train,Avacado,5684.jpg,C:\Users\Kushal A\OneDrive\Desktop\MAINPROJECT\PhytoVisionAI_Research\dataset\final_split\train\Avacado\5684.jpg
train,Avacado,5609.jpg,C:\Users\Kushal A\OneDrive\Desktop\MAINPROJECT\PhytoVisionAI_Research\dataset\final_split\train\Avacado\5609.jpg
train,Avacado,5696.jpg,C:\Users\Kushal A\OneDrive\Desktop\MAINPROJECT\PhytoVisionAI_Research\dataset\final_split\train\Avacado\5696.jpg
train,Avacado,1010.jpg,C:\Users\Kushal A\OneDrive\Desktop\MAINPROJECT\PhytoVisionAI_Research\dataset\final_split\train\Avacado\1010.jpg
train,Avacado,5651.jpg,C:\Users\Kushal A\OneDrive\Desktop\MAINPROJECT\PhytoVisionAI_Research\dataset\final_split\train\Avacado\5651.jpg
train,Avacado,486.jpg,C:\Users\Kushal A\OneDrive\Desktop\MAINPROJECT\PhytoVisionAI_Research\dataset\final_split\train\Avacado\486.jpg
train,Avacado,5639.jpg,C:\Users\Kushal A\OneDrive\Desktop\MAINPROJECT\PhytoVisionAI_Research\dataset\final_split\train\Avacado\5639.jpg
train,Avacado,5700.jpg,C:\Users\Kushal A\OneDrive\Desktop\MAINPROJECT\PhytoVisionAI_Research\dataset\final_split\train\Avacado\5700.jpg
train,Avacado,5689.jpg,C:\Users\Kushal A\OneDrive\Desktop\MAINPROJECT\PhytoVisionAI_Research\dataset\final_split\train\Avacado\5689.jpg
train,Avacado,5588.jpg,C:\Users\Kushal A\OneDrive\Desktop\MAINPROJECT\PhytoVisionAI_Research\dataset\final_split\train\Avacado\5588.jpg
train,Avacado,5698.jpg,C:\Users\Kushal A\OneDrive\Desktop\MAINPROJECT\PhytoVisionAI_Research\dataset\final_split\train\Avacado\5698.jpg
train,Avacado,5690.jpg,C:\Users\Kushal A\OneDrive\Desktop\MAINPROJECT\PhytoVisionAI_Research\dataset\final_split\train\Avacado\5690.jpg
train,Avacado,5608.jpg,C:\Users\Kushal A\OneDrive\Desktop\MAINPROJECT\PhytoVisionAI_Research\dataset\final_split\train\Avacado\5608.jpg
train,Avacado,5599.jpg,C:\Users\Kushal A\OneDrive\Desktop\MAINPROJECT\PhytoVisionAI_Research\dataset\final_split\train\Avacado\5599.jpg
train,Avacado,5650.jpg,C:\Users\Kushal A\OneDrive\Desktop\MAINPROJECT\PhytoVisionAI_Research\dataset\final_split\train\Avacado\5650.jpg
train,Avacado,5593.jpg,C:\Users\Kushal A\OneDrive\Desktop\MAINPROJECT\PhytoVisionAI_Research\dataset\final_split\train\Avacado\5593.jpg
train,Avacado,1014.jpg,C:\Users\Kushal A\OneDrive\Desktop\MAINPROJECT\PhytoVisionAI_Research\dataset\final_split\train\Avacado\1014.jpg
train,Avacado,5671.jpg,C:\Users\Kushal A\OneDrive\Desktop\MAINPROJECT\PhytoVisionAI_Research\dataset\final_split\train\Avacado\5671.jpg
train,Avacado,5586.jpg,C:\Users\Kushal A\OneDrive\Desktop\MAINPROJECT\PhytoVisionAI_Research\dataset\final_split\train\Avacado\5586.jpg
train,Avacado,5669.jpg,C:\Users\Kushal A\OneDrive\Desktop\MAINPROJECT\PhytoVisionAI_Research\dataset\final_split\train\Avacado\5669.jpg
train,Avacado,5661.jpg,C:\Users\Kushal A\OneDrive\Desktop\MAINPROJECT\PhytoVisionAI_Research\dataset\final_split\train\Avacado\5661.jpg
train,Avacado,5648.jpg,C:\Users\Kushal A\OneDrive\Desktop\MAINPROJECT\PhytoVisionAI_Research\dataset\final_split\train\Avacado\5648.jpg
train,Avacado,5677.jpg,C:\Users\Kushal A\OneDrive\Desktop\MAINPROJECT\PhytoVisionAI_Research\dataset\final_split\train\Avacado\5677.jpg
train,Avacado,1002.jpg,C:\Users\Kushal A\OneDrive\Desktop\MAINPROJECT\PhytoVisionAI_Research\dataset\final_split\train\Avacado\1002.jpg
train,Avacado,5660.jpg,C:\Users\Kushal A\OneDrive\Desktop\MAINPROJECT\PhytoVisionAI_Research\dataset\final_split\train\Avacado\5660.jpg
train,Avacado,483.jpg,C:\Users\Kushal A\OneDrive\Desktop\MAINPROJECT\PhytoVisionAI_Research\dataset\final_split\train\Avacado\483.jpg
train,Avacado,5640.jpg,C:\Users\Kushal A\OneDrive\Desktop\MAINPROJECT\PhytoVisionAI_Research\dataset\final_split\train\Avacado\5640.jpg
train,Avacado,5691.jpg,C:\Users\Kushal A\OneDrive\Desktop\MAINPROJECT\PhytoVisionAI_Research\dataset\final_split\train\Avacado\5691.jpg
train,Avacado,5600.jpg,C:\Users\Kushal A\OneDrive\Desktop\MAINPROJECT\PhytoVisionAI_Research\dataset\final_split\train\Avacado\5600.jpg
train,Avacado,5645.jpg,C:\Users\Kushal A\OneDrive\Desktop\MAINPROJECT\PhytoVisionAI_Research\dataset\final_split\train\Avacado\5645.jpg
train,Avacado,5618.jpg,C:\Users\Kushal A\OneDrive\Desktop\MAINPROJECT\PhytoVisionAI_Research\dataset\final_split\train\Avacado\5618.jpg
train,Avacado,1006.jpg,C:\Users\Kushal A\OneDrive\Desktop\MAINPROJECT\PhytoVisionAI_Research\dataset\final_split\train\Avacado\1006.jpg
train,Avacado,5630.jpg,C:\Users\Kushal A\OneDrive\Desktop\MAINPROJECT\PhytoVisionAI_Research\dataset\final_split\train\Avacado\5630.jpg
train,Avacado,5611.jpg,C:\Users\Kushal A\OneDrive\Desktop\MAINPROJECT\PhytoVisionAI_Research\dataset\final_split\train\Avacado\5611.jpg
train,Avacado,5697.jpg,C:\Users\Kushal A\OneDrive\Desktop\MAINPROJECT\PhytoVisionAI_Research\dataset\final_split\train\Avacado\5697.jpg
train,Avacado,5682.jpg,C:\Users\Kushal A\OneDrive\Desktop\MAINPROJECT\PhytoVisionAI_Research\dataset\final_split\train\Avacado\5682.jpg
train,Avacado,5642.jpg,C:\Users\Kushal A\OneDrive\Desktop\MAINPROJECT\PhytoVisionAI_Research\dataset\final_split\train\Avacado\5642.jpg
train,Avacado,5647.jpg,C:\Users\Kushal A\OneDrive\Desktop\MAINPROJECT\PhytoVisionAI_Research\dataset\final_split\train\Avacado\5647.jpg
train,Avacado,489.jpg,C:\Users\Kushal A\OneDrive\Desktop\MAINPROJECT\PhytoVisionAI_Research\dataset\final_split\train\Avacado\489.jpg
train,Avacado,482.jpg,C:\Users\Kushal A\OneDrive\Desktop\MAINPROJECT\PhytoVisionAI_Research\dataset\final_split\train\Avacado\482.jpg
train,Avacado,5674.jpg,C:\Users\Kushal A\OneDrive\Desktop\MAINPROJECT\PhytoVisionAI_Research\dataset\final_split\train\Avacado\5674.jpg
train,Avacado,5694.jpg,C:\Users\Kushal A\OneDrive\Desktop\MAINPROJECT\PhytoVisionAI_Research\dataset\final_split\train\Avacado\5694.jpg
train,Avacado,5612.jpg,C:\Users\Kushal A\OneDrive\Desktop\MAINPROJECT\PhytoVisionAI_Research\dataset\final_split\train\Avacado\5612.jpg
train,Avacado,5604.jpg,C:\Users\Kushal A\OneDrive\Desktop\MAINPROJECT\PhytoVisionAI_Research\dataset\final_split\train\Avacado\5604.jpg
train,Avacado,5655.jpg,C:\Users\Kushal A\OneDrive\Desktop\MAINPROJECT\PhytoVisionAI_Research\dataset\final_split\train\Avacado\5655.jpg
train,Avacado,5670.jpg,C:\Users\Kushal A\OneDrive\Desktop\MAINPROJECT\PhytoVisionAI_Research\dataset\final_split\train\Avacado\5670.jpg
train,Avacado,5622.jpg,C:\Users\Kushal A\OneDrive\Desktop\MAINPROJECT\PhytoVisionAI_Research\dataset\final_split\train\Avacado\5622.jpg
train,Avacado,5641.jpg,C:\Users\Kushal A\OneDrive\Desktop\MAINPROJECT\PhytoVisionAI_Research\dataset\final_split\train\Avacado\5641.jpg
train,Avacado,5676.jpg,C:\Users\Kushal A\OneDrive\Desktop\MAINPROJECT\PhytoVisionAI_Research\dataset\final_split\train\Avacado\5676.jpg
train,Avacado,5634.jpg,C:\Users\Kushal A\OneDrive\Desktop\MAINPROJECT\PhytoVisionAI_Research\dataset\final_split\train\Avacado\5634.jpg
train,Avacado,492.jpg,C:\Users\Kushal A\OneDrive\Desktop\MAINPROJECT\PhytoVisionAI_Research\dataset\final_split\train\Avacado\492.jpg
train,Avacado,5595.jpg,C:\Users\Kushal A\OneDrive\Desktop\MAINPROJECT\PhytoVisionAI_Research\dataset\final_split\train\Avacado\5595.jpg
train,Avacado,5681.jpg,C:\Users\Kushal A\OneDrive\Desktop\MAINPROJECT\PhytoVisionAI_Research\dataset\final_split\train\Avacado\5681.jpg
train,Avacado,5643.jpg,C:\Users\Kushal A\OneDrive\Desktop\MAINPROJECT\PhytoVisionAI_Research\dataset\final_split\train\Avacado\5643.jpg
train,Avacado,5626.jpg,C:\Users\Kushal A\OneDrive\Desktop\MAINPROJECT\PhytoVisionAI_Research\dataset\final_split\train\Avacado\5626.jpg
train,Avacado,5620.jpg,C:\Users\Kushal A\OneDrive\Desktop\MAINPROJECT\PhytoVisionAI_Research\dataset\final_split\train\Avacado\5620.jpg
train,Avacado,491.jpg,C:\Users\Kushal A\OneDrive\Desktop\MAINPROJECT\PhytoVisionAI_Research\dataset\final_split\train\Avacado\491.jpg
train,Avacado,5656.jpg,C:\Users\Kushal A\OneDrive\Desktop\MAINPROJECT\PhytoVisionAI_Research\dataset\final_split\train\Avacado\5656.jpg
train,Avacado,5687.jpg,C:\Users\Kushal A\OneDrive\Desktop\MAINPROJECT\PhytoVisionAI_Research\dataset\final_split\train\Avacado\5687.jpg
train,Avacado,5678.jpg,C:\Users\Kushal A\OneDrive\Desktop\MAINPROJECT\PhytoVisionAI_Research\dataset\final_split\train\Avacado\5678.jpg
train,Avacado,5666.jpg,C:\Users\Kushal A\OneDrive\Desktop\MAINPROJECT\PhytoVisionAI_Research\dataset\final_split\train\Avacado\5666.jpg
train,Avacado,5685.jpg,C:\Users\Kushal A\OneDrive\Desktop\MAINPROJECT\PhytoVisionAI_Research\dataset\final_split\train\Avacado\5685.jpg
train,Bamboo,237.jpg,C:\Users\Kushal A\OneDrive\Desktop\MAINPROJECT\PhytoVisionAI_Research\dataset\final_split\train\Bamboo\237.jpg
train,Bamboo,3260.jpg,C:\Users\Kushal A\OneDrive\Desktop\MAINPROJECT\PhytoVisionAI_Research\dataset\final_split\train\Bamboo\3260.jpg
train,Bamboo,3337.jpg,C:\Users\Kushal A\OneDrive\Desktop\MAINPROJECT\PhytoVisionAI_Research\dataset\final_split\train\Bamboo\3337.jpg
train,Bamboo,3252.jpg,C:\Users\Kushal A\OneDrive\Desktop\MAINPROJECT\PhytoVisionAI_Research\dataset\final_split\train\Bamboo\3252.jpg
train,Bamboo,3366.jpg,C:\Users\Kushal A\OneDrive\Desktop\MAINPROJECT\PhytoVisionAI_Research\dataset\final_split\train\Bamboo\3366.jpg
train,Bamboo,3308.jpg,C:\Users\Kushal A\OneDrive\Desktop\MAINPROJECT\PhytoVisionAI_Research\dataset\final_split\train\Bamboo\3308.jpg
train,Bamboo,3263.jpg,C:\Users\Kushal A\OneDrive\Desktop\MAINPROJECT\PhytoVisionAI_Research\dataset\final_split\train\Bamboo\3263.jpg
train,Bamboo,3267.jpg,C:\Users\Kushal A\OneDrive\Desktop\MAINPROJECT\PhytoVisionAI_Research\dataset\final_split\train\Bamboo\3267.jpg
train,Bamboo,3305.jpg,C:\Users\Kushal A\OneDrive\Desktop\MAINPROJECT\PhytoVisionAI_Research\dataset\final_split\train\Bamboo\3305.jpg
train,Bamboo,3270.jpg,C:\Users\Kushal A\OneDrive\Desktop\MAINPROJECT\PhytoVisionAI_Research\dataset\final_split\train\Bamboo\3270.jpg
train,Bamboo,3269.jpg,C:\Users\Kushal A\OneDrive\Desktop\MAINPROJECT\PhytoVisionAI_Research\dataset\final_split\train\Bamboo\3269.jpg
train,Bamboo,3280.jpg,C:\Users\Kushal A\OneDrive\Desktop\MAINPROJECT\PhytoVisionAI_Research\dataset\final_split\train\Bamboo\3280.jpg
train,Bamboo,3282.jpg,C:\Users\Kushal A\OneDrive\Desktop\MAINPROJECT\PhytoVisionAI_Research\dataset\final_split\train\Bamboo\3282.jpg
train,Bamboo,3354.jpg,C:\Users\Kushal A\OneDrive\Desktop\MAINPROJECT\PhytoVisionAI_Research\dataset\final_split\train\Bamboo\3354.jpg
train,Bamboo,755.jpg,C:\Users\Kushal A\OneDrive\Desktop\MAINPROJECT\PhytoVisionAI_Research\dataset\final_split\train\Bamboo\755.jpg
train,Bamboo,3332.jpg,C:\Users\Kushal A\OneDrive\Desktop\MAINPROJECT\PhytoVisionAI_Research\dataset\final_split\train\Bamboo\3332.jpg
train,Bamboo,3345.jpg,C:\Users\Kushal A\OneDrive\Desktop\MAINPROJECT\PhytoVisionAI_Research\dataset\final_split\train\Bamboo\3345.jpg
train,Bamboo,3339.jpg,C:\Users\Kushal A\OneDrive\Desktop\MAINPROJECT\PhytoVisionAI_Research\dataset\final_split\train\Bamboo\3339.jpg
train,Bamboo,3279.jpg,C:\Users\Kushal A\OneDrive\Desktop\MAINPROJECT\PhytoVisionAI_Research\dataset\final_split\train\Bamboo\3279.jpg
train,Bamboo,3306.jpg,C:\Users\Kushal A\OneDrive\Desktop\MAINPROJECT\PhytoVisionAI_Research\dataset\final_split\train\Bamboo\3306.jpg
train,Bamboo,241.jpg,C:\Users\Kushal A\OneDrive\Desktop\MAINPROJECT\PhytoVisionAI_Research\dataset\final_split\train\Bamboo\241.jpg
train,Bamboo,764.jpg,C:\Users\Kushal A\OneDrive\Desktop\MAINPROJECT\PhytoVisionAI_Research\dataset\final_split\train\Bamboo\764.jpg
train,Bamboo,3312.jpg,C:\Users\Kushal A\OneDrive\Desktop\MAINPROJECT\PhytoVisionAI_Research\dataset\final_split\train\Bamboo\3312.jpg
train,Bamboo,3313.jpg,C:\Users\Kushal A\OneDrive\Desktop\MAINPROJECT\PhytoVisionAI_Research\dataset\final_split\train\Bamboo\3313.jpg
train,Bamboo,3316.jpg,C:\Users\Kushal A\OneDrive\Desktop\MAINPROJECT\PhytoVisionAI_Research\dataset\final_split\train\Bamboo\3316.jpg
train,Bamboo,3248.jpg,C:\Users\Kushal A\OneDrive\Desktop\MAINPROJECT\PhytoVisionAI_Research\dataset\final_split\train\Bamboo\3248.jpg
train,Bamboo,3255.jpg,C:\Users\Kushal A\OneDrive\Desktop\MAINPROJECT\PhytoVisionAI_Research\dataset\final_split\train\Bamboo\3255.jpg
train,Bamboo,3300.jpg,C:\Users\Kushal A\OneDrive\Desktop\MAINPROJECT\PhytoVisionAI_Research\dataset\final_split\train\Bamboo\3300.jpg
train,Bamboo,3292.jpg,C:\Users\Kushal A\OneDrive\Desktop\MAINPROJECT\PhytoVisionAI_Research\dataset\final_split\train\Bamboo\3292.jpg
train,Bamboo,3288.jpg,C:\Users\Kushal A\OneDrive\Desktop\MAINPROJECT\PhytoVisionAI_Research\dataset\final_split\train\Bamboo\3288.jpg
train,Bamboo,3324.jpg,C:\Users\Kushal A\OneDrive\Desktop\MAINPROJECT\PhytoVisionAI_Research\dataset\final_split\train\Bamboo\3324.jpg
train,Bamboo,3352.jpg,C:\Users\Kushal A\OneDrive\Desktop\MAINPROJECT\PhytoVisionAI_Research\dataset\final_split\train\Bamboo\3352.jpg
train,Bamboo,3286.jpg,C:\Users\Kushal A\OneDrive\Desktop\MAINPROJECT\PhytoVisionAI_Research\dataset\final_split\train\Bamboo\3286.jpg
train,Bamboo,3335.jpg,C:\Users\Kushal A\OneDrive\Desktop\MAINPROJECT\PhytoVisionAI_Research\dataset\final_split\train\Bamboo\3335.jpg
train,Bamboo,3322.jpg,C:\Users\Kushal A\OneDrive\Desktop\MAINPROJECT\PhytoVisionAI_Research\dataset\final_split\train\Bamboo\3322.jpg
train,Bamboo,767.jpg,C:\Users\Kushal A\OneDrive\Desktop\MAINPROJECT\PhytoVisionAI_Research\dataset\final_split\train\Bamboo\767.jpg
train,Bamboo,758.jpg,C:\Users\Kushal A\OneDrive\Desktop\MAINPROJECT\PhytoVisionAI_Research\dataset\final_split\train\Bamboo\758.jpg
train,Bamboo,3281.jpg,C:\Users\Kushal A\OneDrive\Desktop\MAINPROJECT\PhytoVisionAI_Research\dataset\final_split\train\Bamboo\3281.jpg
train,Bamboo,3346.jpg,C:\Users\Kushal A\OneDrive\Desktop\MAINPROJECT\PhytoVisionAI_Research\dataset\final_split\train\Bamboo\3346.jpg
train,Bamboo,3344.jpg,C:\Users\Kushal A\OneDrive\Desktop\MAINPROJECT\PhytoVisionAI_Research\dataset\final_split\train\Bamboo\3344.jpg
train,Bamboo,3249.jpg,C:\Users\Kushal A\OneDrive\Desktop\MAINPROJECT\PhytoVisionAI_Research\dataset\final_split\train\Bamboo\3249.jpg
train,Bamboo,3364.jpg,C:\Users\Kushal A\OneDrive\Desktop\MAINPROJECT\PhytoVisionAI_Research\dataset\final_split\train\Bamboo\3364.jpg
train,Bamboo,3348.jpg,C:\Users\Kushal A\OneDrive\Desktop\MAINPROJECT\PhytoVisionAI_Research\dataset\final_split\train\Bamboo\3348.jpg
train,Bamboo,3266.jpg,C:\Users\Kushal A\OneDrive\Desktop\MAINPROJECT\PhytoVisionAI_Research\dataset\final_split\train\Bamboo\3266.jpg
train,Bamboo,3356.jpg,C:\Users\Kushal A\OneDrive\Desktop\MAINPROJECT\PhytoVisionAI_Research\dataset\final_split\train\Bamboo\3356.jpg
train,Bamboo,3289.jpg,C:\Users\Kushal A\OneDrive\Desktop\MAINPROJECT\PhytoVisionAI_Research\dataset\final_split\train\Bamboo\3289.jpg
train,Bamboo,3353.jpg,C:\Users\Kushal A\OneDrive\Desktop\MAINPROJECT\PhytoVisionAI_Research\dataset\final_split\train\Bamboo\3353.jpg
train,Bamboo,3259.jpg,C:\Users\Kushal A\OneDrive\Desktop\MAINPROJECT\PhytoVisionAI_Research\dataset\final_split\train\Bamboo\3259.jpg
train,Bamboo,3274.jpg,C:\Users\Kushal A\OneDrive\Desktop\MAINPROJECT\PhytoVisionAI_Research\dataset\final_split\train\Bamboo\3274.jpg
train,Bamboo,3301.jpg,C:\Users\Kushal A\OneDrive\Desktop\MAINPROJECT\PhytoVisionAI_Research\dataset\final_split\train\Bamboo\3301.jpg
train,Bamboo,3334.jpg,C:\Users\Kushal A\OneDrive\Desktop\MAINPROJECT\PhytoVisionAI_Research\dataset\final_split\train\Bamboo\3334.jpg
train,Bamboo,3326.jpg,C:\Users\Kushal A\OneDrive\Desktop\MAINPROJECT\PhytoVisionAI_Research\dataset\final_split\train\Bamboo\3326.jpg
train,Bamboo,3309.jpg,C:\Users\Kushal A\OneDrive\Desktop\MAINPROJECT\PhytoVisionAI_Research\dataset\final_split\train\Bamboo\3309.jpg
train,Bamboo,760.jpg,C:\Users\Kushal A\OneDrive\Desktop\MAINPROJECT\PhytoVisionAI_Research\dataset\final_split\train\Bamboo\760.jpg
train,Bamboo,3328.jpg,C:\Users\Kushal A\OneDrive\Desktop\MAINPROJECT\PhytoVisionAI_Research\dataset\final_split\train\Bamboo\3328.jpg
train,Bamboo,765.jpg,C:\Users\Kushal A\OneDrive\Desktop\MAINPROJECT\PhytoVisionAI_Research\dataset\final_split\train\Bamboo\765.jpg
train,Bamboo,3261.jpg,C:\Users\Kushal A\OneDrive\Desktop\MAINPROJECT\PhytoVisionAI_Research\dataset\final_split\train\Bamboo\3261.jpg
train,Bamboo,3329.jpg,C:\Users\Kushal A\OneDrive\Desktop\MAINPROJECT\PhytoVisionAI_Research\dataset\final_split\train\Bamboo\3329.jpg
train,Bamboo,3250.jpg,C:\Users\Kushal A\OneDrive\Desktop\MAINPROJECT\PhytoVisionAI_Research\dataset\final_split\train\Bamboo\3250.jpg
train,Bamboo,757.jpg,C:\Users\Kushal A\OneDrive\Desktop\MAINPROJECT\PhytoVisionAI_Research\dataset\final_split\train\Bamboo\757.jpg
train,Bamboo,3262.jpg,C:\Users\Kushal A\OneDrive\Desktop\MAINPROJECT\PhytoVisionAI_Research\dataset\final_split\train\Bamboo\3262.jpg
train,Bamboo,3258.jpg,C:\Users\Kushal A\OneDrive\Desktop\MAINPROJECT\PhytoVisionAI_Research\dataset\final_split\train\Bamboo\3258.jpg
train,Bamboo,3257.jpg,C:\Users\Kushal A\OneDrive\Desktop\MAINPROJECT\PhytoVisionAI_Research\dataset\final_split\train\Bamboo\3257.jpg
train,Bamboo,3272.jpg,C:\Users\Kushal A\OneDrive\Desktop\MAINPROJECT\PhytoVisionAI_Research\dataset\final_split\train\Bamboo\3272.jpg
train,Bamboo,242.jpg,C:\Users\Kushal A\OneDrive\Desktop\MAINPROJECT\PhytoVisionAI_Research\dataset\final_split\train\Bamboo\242.jpg
train,Bamboo,3276.jpg,C:\Users\Kushal A\OneDrive\Desktop\MAINPROJECT\PhytoVisionAI_Research\dataset\final_split\train\Bamboo\3276.jpg
train,Bamboo,240.jpg,C:\Users\Kushal A\OneDrive\Desktop\MAINPROJECT\PhytoVisionAI_Research\dataset\final_split\train\Bamboo\240.jpg
train,Bamboo,238.jpg,C:\Users\Kushal A\OneDrive\Desktop\MAINPROJECT\PhytoVisionAI_Research\dataset\final_split\train\Bamboo\238.jpg
train,Bamboo,763.jpg,C:\Users\Kushal A\OneDrive\Desktop\MAINPROJECT\PhytoVisionAI_Research\dataset\final_split\train\Bamboo\763.jpg
train,Bamboo,3256.jpg,C:\Users\Kushal A\OneDrive\Desktop\MAINPROJECT\PhytoVisionAI_Research\dataset\final_split\train\Bamboo\3256.jpg
train,Bamboo,3341.jpg,C:\Users\Kushal A\OneDrive\Desktop\MAINPROJECT\PhytoVisionAI_Research\dataset\final_split\train\Bamboo\3341.jpg
train,Bamboo,766.jpg,C:\Users\Kushal A\OneDrive\Desktop\MAINPROJECT\PhytoVisionAI_Research\dataset\final_split\train\Bamboo\766.jpg
train,Bamboo,3357.jpg,C:\Users\Kushal A\OneDrive\Desktop\MAINPROJECT\PhytoVisionAI_Research\dataset\final_split\train\Bamboo\3357.jpg
train,Bamboo,3290.jpg,C:\Users\Kushal A\OneDrive\Desktop\MAINPROJECT\PhytoVisionAI_Research\dataset\final_split\train\Bamboo\3290.jpg
train,Bamboo,3362.jpg,C:\Users\Kushal A\OneDrive\Desktop\MAINPROJECT\PhytoVisionAI_Research\dataset\final_split\train\Bamboo\3362.jpg
train,Bamboo,3264.jpg,C:\Users\Kushal A\OneDrive\Desktop\MAINPROJECT\PhytoVisionAI_Research\dataset\final_split\train\Bamboo\3264.jpg
train,Bamboo,3271.jpg,C:\Users\Kushal A\OneDrive\Desktop\MAINPROJECT\PhytoVisionAI_Research\dataset\final_split\train\Bamboo\3271.jpg
train,Bamboo,3265.jpg,C:\Users\Kushal A\OneDrive\Desktop\MAINPROJECT\PhytoVisionAI_Research\dataset\final_split\train\Bamboo\3265.jpg
train,Bamboo,243.jpg,C:\Users\Kushal A\OneDrive\Desktop\MAINPROJECT\PhytoVisionAI_Research\dataset\final_split\train\Bamboo\243.jpg
train,Bamboo,3347.jpg,C:\Users\Kushal A\OneDrive\Desktop\MAINPROJECT\PhytoVisionAI_Research\dataset\final_split\train\Bamboo\3347.jpg
train,Bamboo,3304.jpg,C:\Users\Kushal A\OneDrive\Desktop\MAINPROJECT\PhytoVisionAI_Research\dataset\final_split\train\Bamboo\3304.jpg
train,Bamboo,3297.jpg,C:\Users\Kushal A\OneDrive\Desktop\MAINPROJECT\PhytoVisionAI_Research\dataset\final_split\train\Bamboo\3297.jpg
train,Bamboo,3315.jpg,C:\Users\Kushal A\OneDrive\Desktop\MAINPROJECT\PhytoVisionAI_Research\dataset\final_split\train\Bamboo\3315.jpg
train,Bamboo,3361.jpg,C:\Users\Kushal A\OneDrive\Desktop\MAINPROJECT\PhytoVisionAI_Research\dataset\final_split\train\Bamboo\3361.jpg
train,Bamboo,3355.jpg,C:\Users\Kushal A\OneDrive\Desktop\MAINPROJECT\PhytoVisionAI_Research\dataset\final_split\train\Bamboo\3355.jpg
train,Bamboo,3303.jpg,C:\Users\Kushal A\OneDrive\Desktop\MAINPROJECT\PhytoVisionAI_Research\dataset\final_split\train\Bamboo\3303.jpg
train,Bamboo,3321.jpg,C:\Users\Kushal A\OneDrive\Desktop\MAINPROJECT\PhytoVisionAI_Research\dataset\final_split\train\Bamboo\3321.jpg
train,Bamboo,3343.jpg,C:\Users\Kushal A\OneDrive\Desktop\MAINPROJECT\PhytoVisionAI_Research\dataset\final_split\train\Bamboo\3343.jpg
train,Bamboo,245.jpg,C:\Users\Kushal A\OneDrive\Desktop\MAINPROJECT\PhytoVisionAI_Research\dataset\final_split\train\Bamboo\245.jpg
train,Bamboo,3365.jpg,C:\Users\Kushal A\OneDrive\Desktop\MAINPROJECT\PhytoVisionAI_Research\dataset\final_split\train\Bamboo\3365.jpg
train,Bamboo,3285.jpg,C:\Users\Kushal A\OneDrive\Desktop\MAINPROJECT\PhytoVisionAI_Research\dataset\final_split\train\Bamboo\3285.jpg
train,Bamboo,761.jpg,C:\Users\Kushal A\OneDrive\Desktop\MAINPROJECT\PhytoVisionAI_Research\dataset\final_split\train\Bamboo\761.jpg
train,Bamboo,3314.jpg,C:\Users\Kushal A\OneDrive\Desktop\MAINPROJECT\PhytoVisionAI_Research\dataset\final_split\train\Bamboo\3314.jpg
train,Bamboo,3278.jpg,C:\Users\Kushal A\OneDrive\Desktop\MAINPROJECT\PhytoVisionAI_Research\dataset\final_split\train\Bamboo\3278.jpg
train,Bamboo,3268.jpg,C:\Users\Kushal A\OneDrive\Desktop\MAINPROJECT\PhytoVisionAI_Research\dataset\final_split\train\Bamboo\3268.jpg
train,Bamboo,3359.jpg,C:\Users\Kushal A\OneDrive\Desktop\MAINPROJECT\PhytoVisionAI_Research\dataset\final_split\train\Bamboo\3359.jpg
train,Bamboo,244.jpg,C:\Users\Kushal A\OneDrive\Desktop\MAINPROJECT\PhytoVisionAI_Research\dataset\final_split\train\Bamboo\244.jpg
train,Bamboo,762.jpg,C:\Users\Kushal A\OneDrive\Desktop\MAINPROJECT\PhytoVisionAI_Research\dataset\final_split\train\Bamboo\762.jpg
train,Bamboo,3350.jpg,C:\Users\Kushal A\OneDrive\Desktop\MAINPROJECT\PhytoVisionAI_Research\dataset\final_split\train\Bamboo\3350.jpg
train,Bamboo,3287.jpg,C:\Users\Kushal A\OneDrive\Desktop\MAINPROJECT\PhytoVisionAI_Research\dataset\final_split\train\Bamboo\3287.jpg
train,Bamboo,3253.jpg,C:\Users\Kushal A\OneDrive\Desktop\MAINPROJECT\PhytoVisionAI_Research\dataset\final_split\train\Bamboo\3253.jpg
train,Bamboo,3327.jpg,C:\Users\Kushal A\OneDrive\Desktop\MAINPROJECT\PhytoVisionAI_Research\dataset\final_split\train\Bamboo\3327.jpg
train,Basale,3802.jpg,C:\Users\Kushal A\OneDrive\Desktop\MAINPROJECT\PhytoVisionAI_Research\dataset\final_split\train\Basale\3802.jpg
train,Basale,3840.jpg,C:\Users\Kushal A\OneDrive\Desktop\MAINPROJECT\PhytoVisionAI_Research\dataset\final_split\train\Basale\3840.jpg
train,Basale,3847.jpg,C:\Users\Kushal A\OneDrive\Desktop\MAINPROJECT\PhytoVisionAI_Research\dataset\final_split\train\Basale\3847.jpg
train,Basale,3826.jpg,C:\Users\Kushal A\OneDrive\Desktop\MAINPROJECT\PhytoVisionAI_Research\dataset\final_split\train\Basale\3826.jpg
train,Basale,3842.jpg,C:\Users\Kushal A\OneDrive\Desktop\MAINPROJECT\PhytoVisionAI_Research\dataset\final_split\train\Basale\3842.jpg
train,Basale,3741.jpg,C:\Users\Kushal A\OneDrive\Desktop\MAINPROJECT\PhytoVisionAI_Research\dataset\final_split\train\Basale\3741.jpg
train,Basale,3744.jpg,C:\Users\Kushal A\OneDrive\Desktop\MAINPROJECT\PhytoVisionAI_Research\dataset\final_split\train\Basale\3744.jpg
train,Basale,3836.jpg,C:\Users\Kushal A\OneDrive\Desktop\MAINPROJECT\PhytoVisionAI_Research\dataset\final_split\train\Basale\3836.jpg
train,Basale,3752.jpg,C:\Users\Kushal A\OneDrive\Desktop\MAINPROJECT\PhytoVisionAI_Research\dataset\final_split\train\Basale\3752.jpg
train,Basale,819.jpg,C:\Users\Kushal A\OneDrive\Desktop\MAINPROJECT\PhytoVisionAI_Research\dataset\final_split\train\Basale\819.jpg
train,Basale,3755.jpg,C:\Users\Kushal A\OneDrive\Desktop\MAINPROJECT\PhytoVisionAI_Research\dataset\final_split\train\Basale\3755.jpg
train,Basale,3747.jpg,C:\Users\Kushal A\OneDrive\Desktop\MAINPROJECT\PhytoVisionAI_Research\dataset\final_split\train\Basale\3747.jpg
train,Basale,3774.jpg,C:\Users\Kushal A\OneDrive\Desktop\MAINPROJECT\PhytoVisionAI_Research\dataset\final_split\train\Basale\3774.jpg
train,Basale,3750.jpg,C:\Users\Kushal A\OneDrive\Desktop\MAINPROJECT\PhytoVisionAI_Research\dataset\final_split\train\Basale\3750.jpg
train,Basale,3782.jpg,C:\Users\Kushal A\OneDrive\Desktop\MAINPROJECT\PhytoVisionAI_Research\dataset\final_split\train\Basale\3782.jpg
train,Basale,294.jpg,C:\Users\Kushal A\OneDrive\Desktop\MAINPROJECT\PhytoVisionAI_Research\dataset\final_split\train\Basale\294.jpg
train,Basale,813.jpg,C:\Users\Kushal A\OneDrive\Desktop\MAINPROJECT\PhytoVisionAI_Research\dataset\final_split\train\Basale\813.jpg
train,Basale,3770.jpg,C:\Users\Kushal A\OneDrive\Desktop\MAINPROJECT\PhytoVisionAI_Research\dataset\final_split\train\Basale\3770.jpg
train,Basale,287.jpg,C:\Users\Kushal A\OneDrive\Desktop\MAINPROJECT\PhytoVisionAI_Research\dataset\final_split\train\Basale\287.jpg
train,Basale,3835.jpg,C:\Users\Kushal A\OneDrive\Desktop\MAINPROJECT\PhytoVisionAI_Research\dataset\final_split\train\Basale\3835.jpg
train,Basale,3780.jpg,C:\Users\Kushal A\OneDrive\Desktop\MAINPROJECT\PhytoVisionAI_Research\dataset\final_split\train\Basale\3780.jpg
train,Basale,3846.jpg,C:\Users\Kushal A\OneDrive\Desktop\MAINPROJECT\PhytoVisionAI_Research\dataset\final_split\train\Basale\3846.jpg
train,Basale,3803.jpg,C:\Users\Kushal A\OneDrive\Desktop\MAINPROJECT\PhytoVisionAI_Research\dataset\final_split\train\Basale\3803.jpg
train,Basale,3845.jpg,C:\Users\Kushal A\OneDrive\Desktop\MAINPROJECT\PhytoVisionAI_Research\dataset\final_split\train\Basale\3845.jpg
train,Basale,3798.jpg,C:\Users\Kushal A\OneDrive\Desktop\MAINPROJECT\PhytoVisionAI_Research\dataset\final_split\train\Basale\3798.jpg
train,Basale,3790.jpg,C:\Users\Kushal A\OneDrive\Desktop\MAINPROJECT\PhytoVisionAI_Research\dataset\final_split\train\Basale\3790.jpg
train,Basale,3819.jpg,C:\Users\Kushal A\OneDrive\Desktop\MAINPROJECT\PhytoVisionAI_Research\dataset\final_split\train\Basale\3819.jpg
train,Basale,3829.jpg,C:\Users\Kushal A\OneDrive\Desktop\MAINPROJECT\PhytoVisionAI_Research\dataset\final_split\train\Basale\3829.jpg
train,Basale,3745.jpg,C:\Users\Kushal A\OneDrive\Desktop\MAINPROJECT\PhytoVisionAI_Research\dataset\final_split\train\Basale\3745.jpg
train,Basale,815.jpg,C:\Users\Kushal A\OneDrive\Desktop\MAINPROJECT\PhytoVisionAI_Research\dataset\final_split\train\Basale\815.jpg
train,Basale,3765.jpg,C:\Users\Kushal A\OneDrive\Desktop\MAINPROJECT\PhytoVisionAI_Research\dataset\final_split\train\Basale\3765.jpg
train,Basale,3812.jpg,C:\Users\Kushal A\OneDrive\Desktop\MAINPROJECT\PhytoVisionAI_Research\dataset\final_split\train\Basale\3812.jpg
train,Basale,3778.jpg,C:\Users\Kushal A\OneDrive\Desktop\MAINPROJECT\PhytoVisionAI_Research\dataset\final_split\train\Basale\3778.jpg
train,Basale,3791.jpg,C:\Users\Kushal A\OneDrive\Desktop\MAINPROJECT\PhytoVisionAI_Research\dataset\final_split\train\Basale\3791.jpg
train,Basale,3787.jpg,C:\Users\Kushal A\OneDrive\Desktop\MAINPROJECT\PhytoVisionAI_Research\dataset\final_split\train\Basale\3787.jpg
train,Basale,3761.jpg,C:\Users\Kushal A\OneDrive\Desktop\MAINPROJECT\PhytoVisionAI_Research\dataset\final_split\train\Basale\3761.jpg
train,Basale,3857.jpg,C:\Users\Kushal A\OneDrive\Desktop\MAINPROJECT\PhytoVisionAI_Research\dataset\final_split\train\Basale\3857.jpg
train,Basale,3856.jpg,C:\Users\Kushal A\OneDrive\Desktop\MAINPROJECT\PhytoVisionAI_Research\dataset\final_split\train\Basale\3856.jpg
train,Basale,3839.jpg,C:\Users\Kushal A\OneDrive\Desktop\MAINPROJECT\PhytoVisionAI_Research\dataset\final_split\train\Basale\3839.jpg
train,Basale,289.jpg,C:\Users\Kushal A\OneDrive\Desktop\MAINPROJECT\PhytoVisionAI_Research\dataset\final_split\train\Basale\289.jpg
train,Basale,3850.jpg,C:\Users\Kushal A\OneDrive\Desktop\MAINPROJECT\PhytoVisionAI_Research\dataset\final_split\train\Basale\3850.jpg
train,Basale,3809.jpg,C:\Users\Kushal A\OneDrive\Desktop\MAINPROJECT\PhytoVisionAI_Research\dataset\final_split\train\Basale\3809.jpg
train,Basale,3764.jpg,C:\Users\Kushal A\OneDrive\Desktop\MAINPROJECT\PhytoVisionAI_Research\dataset\final_split\train\Basale\3764.jpg
train,Basale,3756.jpg,C:\Users\Kushal A\OneDrive\Desktop\MAINPROJECT\PhytoVisionAI_Research\dataset\final_split\train\Basale\3756.jpg
train,Basale,293.jpg,C:\Users\Kushal A\OneDrive\Desktop\MAINPROJECT\PhytoVisionAI_Research\dataset\final_split\train\Basale\293.jpg
train,Basale,3801.jpg,C:\Users\Kushal A\OneDrive\Desktop\MAINPROJECT\PhytoVisionAI_Research\dataset\final_split\train\Basale\3801.jpg
train,Basale,3853.jpg,C:\Users\Kushal A\OneDrive\Desktop\MAINPROJECT\PhytoVisionAI_Research\dataset\final_split\train\Basale\3853.jpg
train,Basale,3843.jpg,C:\Users\Kushal A\OneDrive\Desktop\MAINPROJECT\PhytoVisionAI_Research\dataset\final_split\train\Basale\3843.jpg
train,Basale,3822.jpg,C:\Users\Kushal A\OneDrive\Desktop\MAINPROJECT\PhytoVisionAI_Research\dataset\final_split\train\Basale\3822.jpg
train,Basale,3779.jpg,C:\Users\Kushal A\OneDrive\Desktop\MAINPROJECT\PhytoVisionAI_Research\dataset\final_split\train\Basale\3779.jpg
train,Basale,3849.jpg,C:\Users\Kushal A\OneDrive\Desktop\MAINPROJECT\PhytoVisionAI_Research\dataset\final_split\train\Basale\3849.jpg
train,Basale,3751.jpg,C:\Users\Kushal A\OneDrive\Desktop\MAINPROJECT\PhytoVisionAI_Research\dataset\final_split\train\Basale\3751.jpg
train,Basale,812.jpg,C:\Users\Kushal A\OneDrive\Desktop\MAINPROJECT\PhytoVisionAI_Research\dataset\final_split\train\Basale\812.jpg
train,Basale,3854.jpg,C:\Users\Kushal A\OneDrive\Desktop\MAINPROJECT\PhytoVisionAI_Research\dataset\final_split\train\Basale\3854.jpg
train,Basale,3807.jpg,C:\Users\Kushal A\OneDrive\Desktop\MAINPROJECT\PhytoVisionAI_Research\dataset\final_split\train\Basale\3807.jpg
train,Basale,3767.jpg,C:\Users\Kushal A\OneDrive\Desktop\MAINPROJECT\PhytoVisionAI_Research\dataset\final_split\train\Basale\3767.jpg
train,Basale,807.jpg,C:\Users\Kushal A\OneDrive\Desktop\MAINPROJECT\PhytoVisionAI_Research\dataset\final_split\train\Basale\807.jpg
train,Basale,3805.jpg,C:\Users\Kushal A\OneDrive\Desktop\MAINPROJECT\PhytoVisionAI_Research\dataset\final_split\train\Basale\3805.jpg
train,Basale,814.jpg,C:\Users\Kushal A\OneDrive\Desktop\MAINPROJECT\PhytoVisionAI_Research\dataset\final_split\train\Basale\814.jpg
train,Basale,3810.jpg,C:\Users\Kushal A\OneDrive\Desktop\MAINPROJECT\PhytoVisionAI_Research\dataset\final_split\train\Basale\3810.jpg
train,Basale,3844.jpg,C:\Users\Kushal A\OneDrive\Desktop\MAINPROJECT\PhytoVisionAI_Research\dataset\final_split\train\Basale\3844.jpg
train,Basale,818.jpg,C:\Users\Kushal A\OneDrive\Desktop\MAINPROJECT\PhytoVisionAI_Research\dataset\final_split\train\Basale\818.jpg
train,Basale,3816.jpg,C:\Users\Kushal A\OneDrive\Desktop\MAINPROJECT\PhytoVisionAI_Research\dataset\final_split\train\Basale\3816.jpg
train,Basale,299.jpg,C:\Users\Kushal A\OneDrive\Desktop\MAINPROJECT\PhytoVisionAI_Research\dataset\final_split\train\Basale\299.jpg
train,Basale,3795.jpg,C:\Users\Kushal A\OneDrive\Desktop\MAINPROJECT\PhytoVisionAI_Research\dataset\final_split\train\Basale\3795.jpg
train,Basale,3788.jpg,C:\Users\Kushal A\OneDrive\Desktop\MAINPROJECT\PhytoVisionAI_Research\dataset\final_split\train\Basale\3788.jpg
train,Basale,3797.jpg,C:\Users\Kushal A\OneDrive\Desktop\MAINPROJECT\PhytoVisionAI_Research\dataset\final_split\train\Basale\3797.jpg
train,Basale,291.jpg,C:\Users\Kushal A\OneDrive\Desktop\MAINPROJECT\PhytoVisionAI_Research\dataset\final_split\train\Basale\291.jpg
train,Basale,292.jpg,C:\Users\Kushal A\OneDrive\Desktop\MAINPROJECT\PhytoVisionAI_Research\dataset\final_split\train\Basale\292.jpg
train,Basale,3742.jpg,C:\Users\Kushal A\OneDrive\Desktop\MAINPROJECT\PhytoVisionAI_Research\dataset\final_split\train\Basale\3742.jpg
train,Basale,3833.jpg,C:\Users\Kushal A\OneDrive\Desktop\MAINPROJECT\PhytoVisionAI_Research\dataset\final_split\train\Basale\3833.jpg
train,Basale,3777.jpg,C:\Users\Kushal A\OneDrive\Desktop\MAINPROJECT\PhytoVisionAI_Research\dataset\final_split\train\Basale\3777.jpg
train,Basale,3763.jpg,C:\Users\Kushal A\OneDrive\Desktop\MAINPROJECT\PhytoVisionAI_Research\dataset\final_split\train\Basale\3763.jpg
train,Basale,3832.jpg,C:\Users\Kushal A\OneDrive\Desktop\MAINPROJECT\PhytoVisionAI_Research\dataset\final_split\train\Basale\3832.jpg
train,Basale,810.jpg,C:\Users\Kushal A\OneDrive\Desktop\MAINPROJECT\PhytoVisionAI_Research\dataset\final_split\train\Basale\810.jpg
train,Basale,3838.jpg,C:\Users\Kushal A\OneDrive\Desktop\MAINPROJECT\PhytoVisionAI_Research\dataset\final_split\train\Basale\3838.jpg
train,Basale,3766.jpg,C:\Users\Kushal A\OneDrive\Desktop\MAINPROJECT\PhytoVisionAI_Research\dataset\final_split\train\Basale\3766.jpg
train,Basale,3823.jpg,C:\Users\Kushal A\OneDrive\Desktop\MAINPROJECT\PhytoVisionAI_Research\dataset\final_split\train\Basale\3823.jpg
train,Basale,290.jpg,C:\Users\Kushal A\OneDrive\Desktop\MAINPROJECT\PhytoVisionAI_Research\dataset\final_split\train\Basale\290.jpg
train,Basale,3785.jpg,C:\Users\Kushal A\OneDrive\Desktop\MAINPROJECT\PhytoVisionAI_Research\dataset\final_split\train\Basale\3785.jpg
train,Basale,3754.jpg,C:\Users\Kushal A\OneDrive\Desktop\MAINPROJECT\PhytoVisionAI_Research\dataset\final_split\train\Basale\3754.jpg
train,Basale,3738.jpg,C:\Users\Kushal A\OneDrive\Desktop\MAINPROJECT\PhytoVisionAI_Research\dataset\final_split\train\Basale\3738.jpg
train,Basale,3814.jpg,C:\Users\Kushal A\OneDrive\Desktop\MAINPROJECT\PhytoVisionAI_Research\dataset\final_split\train\Basale\3814.jpg
train,Basale,3806.jpg,C:\Users\Kushal A\OneDrive\Desktop\MAINPROJECT\PhytoVisionAI_Research\dataset\final_split\train\Basale\3806.jpg
train,Basale,817.jpg,C:\Users\Kushal A\OneDrive\Desktop\MAINPROJECT\PhytoVisionAI_Research\dataset\final_split\train\Basale\817.jpg
train,Basale,3799.jpg,C:\Users\Kushal A\OneDrive\Desktop\MAINPROJECT\PhytoVisionAI_Research\dataset\final_split\train\Basale\3799.jpg
train,Basale,809.jpg,C:\Users\Kushal A\OneDrive\Desktop\MAINPROJECT\PhytoVisionAI_Research\dataset\final_split\train\Basale\809.jpg
train,Basale,3813.jpg,C:\Users\Kushal A\OneDrive\Desktop\MAINPROJECT\PhytoVisionAI_Research\dataset\final_split\train\Basale\3813.jpg
train,Basale,3851.jpg,C:\Users\Kushal A\OneDrive\Desktop\MAINPROJECT\PhytoVisionAI_Research\dataset\final_split\train\Basale\3851.jpg
train,Basale,3772.jpg,C:\Users\Kushal A\OneDrive\Desktop\MAINPROJECT\PhytoVisionAI_Research\dataset\final_split\train\Basale\3772.jpg
train,Basale,3783.jpg,C:\Users\Kushal A\OneDrive\Desktop\MAINPROJECT\PhytoVisionAI_Research\dataset\final_split\train\Basale\3783.jpg
train,Basale,3740.jpg,C:\Users\Kushal A\OneDrive\Desktop\MAINPROJECT\PhytoVisionAI_Research\dataset\final_split\train\Basale\3740.jpg
train,Basale,3793.jpg,C:\Users\Kushal A\OneDrive\Desktop\MAINPROJECT\PhytoVisionAI_Research\dataset\final_split\train\Basale\3793.jpg
train,Basale,3852.jpg,C:\Users\Kushal A\OneDrive\Desktop\MAINPROJECT\PhytoVisionAI_Research\dataset\final_split\train\Basale\3852.jpg
train,Basale,288.jpg,C:\Users\Kushal A\OneDrive\Desktop\MAINPROJECT\PhytoVisionAI_Research\dataset\final_split\train\Basale\288.jpg
train,Basale,3824.jpg,C:\Users\Kushal A\OneDrive\Desktop\MAINPROJECT\PhytoVisionAI_Research\dataset\final_split\train\Basale\3824.jpg
train,Basale,298.jpg,C:\Users\Kushal A\OneDrive\Desktop\MAINPROJECT\PhytoVisionAI_Research\dataset\final_split\train\Basale\298.jpg
train,Basale,3848.jpg,C:\Users\Kushal A\OneDrive\Desktop\MAINPROJECT\PhytoVisionAI_Research\dataset\final_split\train\Basale\3848.jpg
train,Basale,3796.jpg,C:\Users\Kushal A\OneDrive\Desktop\MAINPROJECT\PhytoVisionAI_Research\dataset\final_split\train\Basale\3796.jpg
train,Basale,3775.jpg,C:\Users\Kushal A\OneDrive\Desktop\MAINPROJECT\PhytoVisionAI_Research\dataset\final_split\train\Basale\3775.jpg
train,Basale,3834.jpg,C:\Users\Kushal A\OneDrive\Desktop\MAINPROJECT\PhytoVisionAI_Research\dataset\final_split\train\Basale\3834.jpg
train,Basale,3817.jpg,C:\Users\Kushal A\OneDrive\Desktop\MAINPROJECT\PhytoVisionAI_Research\dataset\final_split\train\Basale\3817.jpg
train,Betel,4163.jpg,C:\Users\Kushal A\OneDrive\Desktop\MAINPROJECT\PhytoVisionAI_Research\dataset\final_split\train\Betel\4163.jpg
train,Betel,850.jpg,C:\Users\Kushal A\OneDrive\Desktop\MAINPROJECT\PhytoVisionAI_Research\dataset\final_split\train\Betel\850.jpg
train,Betel,4204.jpg,C:\Users\Kushal A\OneDrive\Desktop\MAINPROJECT\PhytoVisionAI_Research\dataset\final_split\train\Betel\4204.jpg
train,Betel,327.jpg,C:\Users\Kushal A\OneDrive\Desktop\MAINPROJECT\PhytoVisionAI_Research\dataset\final_split\train\Betel\327.jpg
train,Betel,4164.jpg,C:\Users\Kushal A\OneDrive\Desktop\MAINPROJECT\PhytoVisionAI_Research\dataset\final_split\train\Betel\4164.jpg
train,Betel,4221.jpg,C:\Users\Kushal A\OneDrive\Desktop\MAINPROJECT\PhytoVisionAI_Research\dataset\final_split\train\Betel\4221.jpg
train,Betel,4172.jpg,C:\Users\Kushal A\OneDrive\Desktop\MAINPROJECT\PhytoVisionAI_Research\dataset\final_split\train\Betel\4172.jpg
train,Betel,4165.jpg,C:\Users\Kushal A\OneDrive\Desktop\MAINPROJECT\PhytoVisionAI_Research\dataset\final_split\train\Betel\4165.jpg
train,Betel,4205.jpg,C:\Users\Kushal A\OneDrive\Desktop\MAINPROJECT\PhytoVisionAI_Research\dataset\final_split\train\Betel\4205.jpg
train,Betel,328.jpg,C:\Users\Kushal A\OneDrive\Desktop\MAINPROJECT\PhytoVisionAI_Research\dataset\final_split\train\Betel\328.jpg
train,Betel,4117.jpg,C:\Users\Kushal A\OneDrive\Desktop\MAINPROJECT\PhytoVisionAI_Research\dataset\final_split\train\Betel\4117.jpg
train,Betel,4128.jpg,C:\Users\Kushal A\OneDrive\Desktop\MAINPROJECT\PhytoVisionAI_Research\dataset\final_split\train\Betel\4128.jpg
train,Betel,4112.jpg,C:\Users\Kushal A\OneDrive\Desktop\MAINPROJECT\PhytoVisionAI_Research\dataset\final_split\train\Betel\4112.jpg
train,Betel,4190.jpg,C:\Users\Kushal A\OneDrive\Desktop\MAINPROJECT\PhytoVisionAI_Research\dataset\final_split\train\Betel\4190.jpg
train,Betel,4151.jpg,C:\Users\Kushal A\OneDrive\Desktop\MAINPROJECT\PhytoVisionAI_Research\dataset\final_split\train\Betel\4151.jpg
train,Betel,326.jpg,C:\Users\Kushal A\OneDrive\Desktop\MAINPROJECT\PhytoVisionAI_Research\dataset\final_split\train\Betel\326.jpg
train,Betel,4195.jpg,C:\Users\Kushal A\OneDrive\Desktop\MAINPROJECT\PhytoVisionAI_Research\dataset\final_split\train\Betel\4195.jpg
train,Betel,4116.jpg,C:\Users\Kushal A\OneDrive\Desktop\MAINPROJECT\PhytoVisionAI_Research\dataset\final_split\train\Betel\4116.jpg
train,Betel,4138.jpg,C:\Users\Kushal A\OneDrive\Desktop\MAINPROJECT\PhytoVisionAI_Research\dataset\final_split\train\Betel\4138.jpg
train,Betel,4178.jpg,C:\Users\Kushal A\OneDrive\Desktop\MAINPROJECT\PhytoVisionAI_Research\dataset\final_split\train\Betel\4178.jpg
train,Betel,4225.jpg,C:\Users\Kushal A\OneDrive\Desktop\MAINPROJECT\PhytoVisionAI_Research\dataset\final_split\train\Betel\4225.jpg
train,Betel,4109.jpg,C:\Users\Kushal A\OneDrive\Desktop\MAINPROJECT\PhytoVisionAI_Research\dataset\final_split\train\Betel\4109.jpg
train,Betel,337.jpg,C:\Users\Kushal A\OneDrive\Desktop\MAINPROJECT\PhytoVisionAI_Research\dataset\final_split\train\Betel\337.jpg
train,Betel,4196.jpg,C:\Users\Kushal A\OneDrive\Desktop\MAINPROJECT\PhytoVisionAI_Research\dataset\final_split\train\Betel\4196.jpg
train,Betel,4131.jpg,C:\Users\Kushal A\OneDrive\Desktop\MAINPROJECT\PhytoVisionAI_Research\dataset\final_split\train\Betel\4131.jpg
train,Betel,4107.jpg,C:\Users\Kushal A\OneDrive\Desktop\MAINPROJECT\PhytoVisionAI_Research\dataset\final_split\train\Betel\4107.jpg
train,Betel,4155.jpg,C:\Users\Kushal A\OneDrive\Desktop\MAINPROJECT\PhytoVisionAI_Research\dataset\final_split\train\Betel\4155.jpg
train,Betel,4209.jpg,C:\Users\Kushal A\OneDrive\Desktop\MAINPROJECT\PhytoVisionAI_Research\dataset\final_split\train\Betel\4209.jpg
train,Betel,4123.jpg,C:\Users\Kushal A\OneDrive\Desktop\MAINPROJECT\PhytoVisionAI_Research\dataset\final_split\train\Betel\4123.jpg
train,Betel,4224.jpg,C:\Users\Kushal A\OneDrive\Desktop\MAINPROJECT\PhytoVisionAI_Research\dataset\final_split\train\Betel\4224.jpg
train,Betel,4126.jpg,C:\Users\Kushal A\OneDrive\Desktop\MAINPROJECT\PhytoVisionAI_Research\dataset\final_split\train\Betel\4126.jpg
train,Betel,4142.jpg,C:\Users\Kushal A\OneDrive\Desktop\MAINPROJECT\PhytoVisionAI_Research\dataset\final_split\train\Betel\4142.jpg
train,Betel,4161.jpg,C:\Users\Kushal A\OneDrive\Desktop\MAINPROJECT\PhytoVisionAI_Research\dataset\final_split\train\Betel\4161.jpg
train,Betel,4111.jpg,C:\Users\Kushal A\OneDrive\Desktop\MAINPROJECT\PhytoVisionAI_Research\dataset\final_split\train\Betel\4111.jpg
train,Betel,4187.jpg,C:\Users\Kushal A\OneDrive\Desktop\MAINPROJECT\PhytoVisionAI_Research\dataset\final_split\train\Betel\4187.jpg
train,Betel,4228.jpg,C:\Users\Kushal A\OneDrive\Desktop\MAINPROJECT\PhytoVisionAI_Research\dataset\final_split\train\Betel\4228.jpg
train,Betel,4160.jpg,C:\Users\Kushal A\OneDrive\Desktop\MAINPROJECT\PhytoVisionAI_Research\dataset\final_split\train\Betel\4160.jpg
train,Betel,4114.jpg,C:\Users\Kushal A\OneDrive\Desktop\MAINPROJECT\PhytoVisionAI_Research\dataset\final_split\train\Betel\4114.jpg
train,Betel,4118.jpg,C:\Users\Kushal A\OneDrive\Desktop\MAINPROJECT\PhytoVisionAI_Research\dataset\final_split\train\Betel\4118.jpg
train,Betel,4200.jpg,C:\Users\Kushal A\OneDrive\Desktop\MAINPROJECT\PhytoVisionAI_Research\dataset\final_split\train\Betel\4200.jpg
train,Betel,4113.jpg,C:\Users\Kushal A\OneDrive\Desktop\MAINPROJECT\PhytoVisionAI_Research\dataset\final_split\train\Betel\4113.jpg
train,Betel,4194.jpg,C:\Users\Kushal A\OneDrive\Desktop\MAINPROJECT\PhytoVisionAI_Research\dataset\final_split\train\Betel\4194.jpg
train,Betel,4137.jpg,C:\Users\Kushal A\OneDrive\Desktop\MAINPROJECT\PhytoVisionAI_Research\dataset\final_split\train\Betel\4137.jpg
train,Betel,4175.jpg,C:\Users\Kushal A\OneDrive\Desktop\MAINPROJECT\PhytoVisionAI_Research\dataset\final_split\train\Betel\4175.jpg
train,Betel,4201.jpg,C:\Users\Kushal A\OneDrive\Desktop\MAINPROJECT\PhytoVisionAI_Research\dataset\final_split\train\Betel\4201.jpg
train,Betel,4219.jpg,C:\Users\Kushal A\OneDrive\Desktop\MAINPROJECT\PhytoVisionAI_Research\dataset\final_split\train\Betel\4219.jpg
train,Betel,4186.jpg,C:\Users\Kushal A\OneDrive\Desktop\MAINPROJECT\PhytoVisionAI_Research\dataset\final_split\train\Betel\4186.jpg
train,Betel,847.jpg,C:\Users\Kushal A\OneDrive\Desktop\MAINPROJECT\PhytoVisionAI_Research\dataset\final_split\train\Betel\847.jpg
train,Betel,4141.jpg,C:\Users\Kushal A\OneDrive\Desktop\MAINPROJECT\PhytoVisionAI_Research\dataset\final_split\train\Betel\4141.jpg
train,Betel,4139.jpg,C:\Users\Kushal A\OneDrive\Desktop\MAINPROJECT\PhytoVisionAI_Research\dataset\final_split\train\Betel\4139.jpg
train,Betel,851.jpg,C:\Users\Kushal A\OneDrive\Desktop\MAINPROJECT\PhytoVisionAI_Research\dataset\final_split\train\Betel\851.jpg
train,Betel,4217.jpg,C:\Users\Kushal A\OneDrive\Desktop\MAINPROJECT\PhytoVisionAI_Research\dataset\final_split\train\Betel\4217.jpg
train,Betel,4182.jpg,C:\Users\Kushal A\OneDrive\Desktop\MAINPROJECT\PhytoVisionAI_Research\dataset\final_split\train\Betel\4182.jpg
train,Betel,4181.jpg,C:\Users\Kushal A\OneDrive\Desktop\MAINPROJECT\PhytoVisionAI_Research\dataset\final_split\train\Betel\4181.jpg
train,Betel,4220.jpg,C:\Users\Kushal A\OneDrive\Desktop\MAINPROJECT\PhytoVisionAI_Research\dataset\final_split\train\Betel\4220.jpg
train,Betel,4211.jpg,C:\Users\Kushal A\OneDrive\Desktop\MAINPROJECT\PhytoVisionAI_Research\dataset\final_split\train\Betel\4211.jpg
train,Betel,4229.jpg,C:\Users\Kushal A\OneDrive\Desktop\MAINPROJECT\PhytoVisionAI_Research\dataset\final_split\train\Betel\4229.jpg
train,Betel,4122.jpg,C:\Users\Kushal A\OneDrive\Desktop\MAINPROJECT\PhytoVisionAI_Research\dataset\final_split\train\Betel\4122.jpg
train,Betel,4177.jpg,C:\Users\Kushal A\OneDrive\Desktop\MAINPROJECT\PhytoVisionAI_Research\dataset\final_split\train\Betel\4177.jpg
train,Betel,4191.jpg,C:\Users\Kushal A\OneDrive\Desktop\MAINPROJECT\PhytoVisionAI_Research\dataset\final_split\train\Betel\4191.jpg
train,Betel,4115.jpg,C:\Users\Kushal A\OneDrive\Desktop\MAINPROJECT\PhytoVisionAI_Research\dataset\final_split\train\Betel\4115.jpg
train,Betel,4210.jpg,C:\Users\Kushal A\OneDrive\Desktop\MAINPROJECT\PhytoVisionAI_Research\dataset\final_split\train\Betel\4210.jpg
train,Betel,4134.jpg,C:\Users\Kushal A\OneDrive\Desktop\MAINPROJECT\PhytoVisionAI_Research\dataset\final_split\train\Betel\4134.jpg
train,Betel,4218.jpg,C:\Users\Kushal A\OneDrive\Desktop\MAINPROJECT\PhytoVisionAI_Research\dataset\final_split\train\Betel\4218.jpg
train,Betel,4197.jpg,C:\Users\Kushal A\OneDrive\Desktop\MAINPROJECT\PhytoVisionAI_Research\dataset\final_split\train\Betel\4197.jpg
train,Betel,4132.jpg,C:\Users\Kushal A\OneDrive\Desktop\MAINPROJECT\PhytoVisionAI_Research\dataset\final_split\train\Betel\4132.jpg
train,Betel,4212.jpg,C:\Users\Kushal A\OneDrive\Desktop\MAINPROJECT\PhytoVisionAI_Research\dataset\final_split\train\Betel\4212.jpg
train,Betel,4145.jpg,C:\Users\Kushal A\OneDrive\Desktop\MAINPROJECT\PhytoVisionAI_Research\dataset\final_split\train\Betel\4145.jpg
train,Betel,4198.jpg,C:\Users\Kushal A\OneDrive\Desktop\MAINPROJECT\PhytoVisionAI_Research\dataset\final_split\train\Betel\4198.jpg
train,Betel,4207.jpg,C:\Users\Kushal A\OneDrive\Desktop\MAINPROJECT\PhytoVisionAI_Research\dataset\final_split\train\Betel\4207.jpg
train,Betel,4135.jpg,C:\Users\Kushal A\OneDrive\Desktop\MAINPROJECT\PhytoVisionAI_Research\dataset\final_split\train\Betel\4135.jpg
train,Betel,4144.jpg,C:\Users\Kushal A\OneDrive\Desktop\MAINPROJECT\PhytoVisionAI_Research\dataset\final_split\train\Betel\4144.jpg
train,Betel,4223.jpg,C:\Users\Kushal A\OneDrive\Desktop\MAINPROJECT\PhytoVisionAI_Research\dataset\final_split\train\Betel\4223.jpg
train,Betel,4215.jpg,C:\Users\Kushal A\OneDrive\Desktop\MAINPROJECT\PhytoVisionAI_Research\dataset\final_split\train\Betel\4215.jpg
train,Betel,4193.jpg,C:\Users\Kushal A\OneDrive\Desktop\MAINPROJECT\PhytoVisionAI_Research\dataset\final_split\train\Betel\4193.jpg
train,Betel,4119.jpg,C:\Users\Kushal A\OneDrive\Desktop\MAINPROJECT\PhytoVisionAI_Research\dataset\final_split\train\Betel\4119.jpg
train,Betel,4180.jpg,C:\Users\Kushal A\OneDrive\Desktop\MAINPROJECT\PhytoVisionAI_Research\dataset\final_split\train\Betel\4180.jpg
train,Betel,4106.jpg,C:\Users\Kushal A\OneDrive\Desktop\MAINPROJECT\PhytoVisionAI_Research\dataset\final_split\train\Betel\4106.jpg
train,Betel,338.jpg,C:\Users\Kushal A\OneDrive\Desktop\MAINPROJECT\PhytoVisionAI_Research\dataset\final_split\train\Betel\338.jpg
train,Betel,4147.jpg,C:\Users\Kushal A\OneDrive\Desktop\MAINPROJECT\PhytoVisionAI_Research\dataset\final_split\train\Betel\4147.jpg
train,Betel,4188.jpg,C:\Users\Kushal A\OneDrive\Desktop\MAINPROJECT\PhytoVisionAI_Research\dataset\final_split\train\Betel\4188.jpg
train,Betel,4214.jpg,C:\Users\Kushal A\OneDrive\Desktop\MAINPROJECT\PhytoVisionAI_Research\dataset\final_split\train\Betel\4214.jpg
train,Betel,4203.jpg,C:\Users\Kushal A\OneDrive\Desktop\MAINPROJECT\PhytoVisionAI_Research\dataset\final_split\train\Betel\4203.jpg
train,Betel,857.jpg,C:\Users\Kushal A\OneDrive\Desktop\MAINPROJECT\PhytoVisionAI_Research\dataset\final_split\train\Betel\857.jpg
train,Betel,4227.jpg,C:\Users\Kushal A\OneDrive\Desktop\MAINPROJECT\PhytoVisionAI_Research\dataset\final_split\train\Betel\4227.jpg
train,Betel,4168.jpg,C:\Users\Kushal A\OneDrive\Desktop\MAINPROJECT\PhytoVisionAI_Research\dataset\final_split\train\Betel\4168.jpg
train,Betel,4140.jpg,C:\Users\Kushal A\OneDrive\Desktop\MAINPROJECT\PhytoVisionAI_Research\dataset\final_split\train\Betel\4140.jpg
train,Betel,4189.jpg,C:\Users\Kushal A\OneDrive\Desktop\MAINPROJECT\PhytoVisionAI_Research\dataset\final_split\train\Betel\4189.jpg
train,Betel,858.jpg,C:\Users\Kushal A\OneDrive\Desktop\MAINPROJECT\PhytoVisionAI_Research\dataset\final_split\train\Betel\858.jpg
train,Betel,4166.jpg,C:\Users\Kushal A\OneDrive\Desktop\MAINPROJECT\PhytoVisionAI_Research\dataset\final_split\train\Betel\4166.jpg
train,Betel,4173.jpg,C:\Users\Kushal A\OneDrive\Desktop\MAINPROJECT\PhytoVisionAI_Research\dataset\final_split\train\Betel\4173.jpg
train,Betel,4171.jpg,C:\Users\Kushal A\OneDrive\Desktop\MAINPROJECT\PhytoVisionAI_Research\dataset\final_split\train\Betel\4171.jpg
train,Betel,4127.jpg,C:\Users\Kushal A\OneDrive\Desktop\MAINPROJECT\PhytoVisionAI_Research\dataset\final_split\train\Betel\4127.jpg
train,Betel,4222.jpg,C:\Users\Kushal A\OneDrive\Desktop\MAINPROJECT\PhytoVisionAI_Research\dataset\final_split\train\Betel\4222.jpg
train,Betel,334.jpg,C:\Users\Kushal A\OneDrive\Desktop\MAINPROJECT\PhytoVisionAI_Research\dataset\final_split\train\Betel\334.jpg
train,Betel,4110.jpg,C:\Users\Kushal A\OneDrive\Desktop\MAINPROJECT\PhytoVisionAI_Research\dataset\final_split\train\Betel\4110.jpg
train,Betel,4169.jpg,C:\Users\Kushal A\OneDrive\Desktop\MAINPROJECT\PhytoVisionAI_Research\dataset\final_split\train\Betel\4169.jpg
train,Betel,4133.jpg,C:\Users\Kushal A\OneDrive\Desktop\MAINPROJECT\PhytoVisionAI_Research\dataset\final_split\train\Betel\4133.jpg
train,Betel,336.jpg,C:\Users\Kushal A\OneDrive\Desktop\MAINPROJECT\PhytoVisionAI_Research\dataset\final_split\train\Betel\336.jpg
train,Betel,335.jpg,C:\Users\Kushal A\OneDrive\Desktop\MAINPROJECT\PhytoVisionAI_Research\dataset\final_split\train\Betel\335.jpg
train,Betel,4148.jpg,C:\Users\Kushal A\OneDrive\Desktop\MAINPROJECT\PhytoVisionAI_Research\dataset\final_split\train\Betel\4148.jpg
train,Betel,848.jpg,C:\Users\Kushal A\OneDrive\Desktop\MAINPROJECT\PhytoVisionAI_Research\dataset\final_split\train\Betel\848.jpg
train,Betel,4154.jpg,C:\Users\Kushal A\OneDrive\Desktop\MAINPROJECT\PhytoVisionAI_Research\dataset\final_split\train\Betel\4154.jpg
train,Betel,4216.jpg,C:\Users\Kushal A\OneDrive\Desktop\MAINPROJECT\PhytoVisionAI_Research\dataset\final_split\train\Betel\4216.jpg
train,Betel,4179.jpg,C:\Users\Kushal A\OneDrive\Desktop\MAINPROJECT\PhytoVisionAI_Research\dataset\final_split\train\Betel\4179.jpg
train,Betel_Nut,1678.jpg,C:\Users\Kushal A\OneDrive\Desktop\MAINPROJECT\PhytoVisionAI_Research\dataset\final_split\train\Betel_Nut\1678.jpg
train,Betel_Nut,1751.jpg,C:\Users\Kushal A\OneDrive\Desktop\MAINPROJECT\PhytoVisionAI_Research\dataset\final_split\train\Betel_Nut\1751.jpg
train,Betel_Nut,1741.jpg,C:\Users\Kushal A\OneDrive\Desktop\MAINPROJECT\PhytoVisionAI_Research\dataset\final_split\train\Betel_Nut\1741.jpg
train,Betel_Nut,1753.jpg,C:\Users\Kushal A\OneDrive\Desktop\MAINPROJECT\PhytoVisionAI_Research\dataset\final_split\train\Betel_Nut\1753.jpg
train,Betel_Nut,1766.jpg,C:\Users\Kushal A\OneDrive\Desktop\MAINPROJECT\PhytoVisionAI_Research\dataset\final_split\train\Betel_Nut\1766.jpg
train,Betel_Nut,1778.jpg,C:\Users\Kushal A\OneDrive\Desktop\MAINPROJECT\PhytoVisionAI_Research\dataset\final_split\train\Betel_Nut\1778.jpg
train,Betel_Nut,1721.jpg,C:\Users\Kushal A\OneDrive\Desktop\MAINPROJECT\PhytoVisionAI_Research\dataset\final_split\train\Betel_Nut\1721.jpg
train,Betel_Nut,1717.jpg,C:\Users\Kushal A\OneDrive\Desktop\MAINPROJECT\PhytoVisionAI_Research\dataset\final_split\train\Betel_Nut\1717.jpg
train,Betel_Nut,1742.jpg,C:\Users\Kushal A\OneDrive\Desktop\MAINPROJECT\PhytoVisionAI_Research\dataset\final_split\train\Betel_Nut\1742.jpg
train,Betel_Nut,1690.jpg,C:\Users\Kushal A\OneDrive\Desktop\MAINPROJECT\PhytoVisionAI_Research\dataset\final_split\train\Betel_Nut\1690.jpg
train,Betel_Nut,1740.jpg,C:\Users\Kushal A\OneDrive\Desktop\MAINPROJECT\PhytoVisionAI_Research\dataset\final_split\train\Betel_Nut\1740.jpg
train,Betel_Nut,596.jpg,C:\Users\Kushal A\OneDrive\Desktop\MAINPROJECT\PhytoVisionAI_Research\dataset\final_split\train\Betel_Nut\596.jpg
train,Betel_Nut,1729.jpg,C:\Users\Kushal A\OneDrive\Desktop\MAINPROJECT\PhytoVisionAI_Research\dataset\final_split\train\Betel_Nut\1729.jpg
train,Betel_Nut,70.jpg,C:\Users\Kushal A\OneDrive\Desktop\MAINPROJECT\PhytoVisionAI_Research\dataset\final_split\train\Betel_Nut\70.jpg
train,Betel_Nut,1684.jpg,C:\Users\Kushal A\OneDrive\Desktop\MAINPROJECT\PhytoVisionAI_Research\dataset\final_split\train\Betel_Nut\1684.jpg
train,Betel_Nut,1709.jpg,C:\Users\Kushal A\OneDrive\Desktop\MAINPROJECT\PhytoVisionAI_Research\dataset\final_split\train\Betel_Nut\1709.jpg
train,Betel_Nut,1702.jpg,C:\Users\Kushal A\OneDrive\Desktop\MAINPROJECT\PhytoVisionAI_Research\dataset\final_split\train\Betel_Nut\1702.jpg
train,Betel_Nut,1779.jpg,C:\Users\Kushal A\OneDrive\Desktop\MAINPROJECT\PhytoVisionAI_Research\dataset\final_split\train\Betel_Nut\1779.jpg
train,Betel_Nut,1691.jpg,C:\Users\Kushal A\OneDrive\Desktop\MAINPROJECT\PhytoVisionAI_Research\dataset\final_split\train\Betel_Nut\1691.jpg
train,Betel_Nut,1763.jpg,C:\Users\Kushal A\OneDrive\Desktop\MAINPROJECT\PhytoVisionAI_Research\dataset\final_split\train\Betel_Nut\1763.jpg
train,Betel_Nut,1734.jpg,C:\Users\Kushal A\OneDrive\Desktop\MAINPROJECT\PhytoVisionAI_Research\dataset\final_split\train\Betel_Nut\1734.jpg
train,Betel_Nut,1668.jpg,C:\Users\Kushal A\OneDrive\Desktop\MAINPROJECT\PhytoVisionAI_Research\dataset\final_split\train\Betel_Nut\1668.jpg
train,Betel_Nut,1703.jpg,C:\Users\Kushal A\OneDrive\Desktop\MAINPROJECT\PhytoVisionAI_Research\dataset\final_split\train\Betel_Nut\1703.jpg
train,Betel_Nut,1663.jpg,C:\Users\Kushal A\OneDrive\Desktop\MAINPROJECT\PhytoVisionAI_Research\dataset\final_split\train\Betel_Nut\1663.jpg
train,Betel_Nut,1695.jpg,C:\Users\Kushal A\OneDrive\Desktop\MAINPROJECT\PhytoVisionAI_Research\dataset\final_split\train\Betel_Nut\1695.jpg
train,Betel_Nut,1707.jpg,C:\Users\Kushal A\OneDrive\Desktop\MAINPROJECT\PhytoVisionAI_Research\dataset\final_split\train\Betel_Nut\1707.jpg
train,Betel_Nut,1759.jpg,C:\Users\Kushal A\OneDrive\Desktop\MAINPROJECT\PhytoVisionAI_Research\dataset\final_split\train\Betel_Nut\1759.jpg
train,Betel_Nut,1720.jpg,C:\Users\Kushal A\OneDrive\Desktop\MAINPROJECT\PhytoVisionAI_Research\dataset\final_split\train\Betel_Nut\1720.jpg
train,Betel_Nut,67.jpg,C:\Users\Kushal A\OneDrive\Desktop\MAINPROJECT\PhytoVisionAI_Research\dataset\final_split\train\Betel_Nut\67.jpg
train,Betel_Nut,1732.jpg,C:\Users\Kushal A\OneDrive\Desktop\MAINPROJECT\PhytoVisionAI_Research\dataset\final_split\train\Betel_Nut\1732.jpg
train,Betel_Nut,1671.jpg,C:\Users\Kushal A\OneDrive\Desktop\MAINPROJECT\PhytoVisionAI_Research\dataset\final_split\train\Betel_Nut\1671.jpg
train,Betel_Nut,598.jpg,C:\Users\Kushal A\OneDrive\Desktop\MAINPROJECT\PhytoVisionAI_Research\dataset\final_split\train\Betel_Nut\598.jpg
train,Betel_Nut,593.jpg,C:\Users\Kushal A\OneDrive\Desktop\MAINPROJECT\PhytoVisionAI_Research\dataset\final_split\train\Betel_Nut\593.jpg
train,Betel_Nut,1768.jpg,C:\Users\Kushal A\OneDrive\Desktop\MAINPROJECT\PhytoVisionAI_Research\dataset\final_split\train\Betel_Nut\1768.jpg
train,Betel_Nut,1757.jpg,C:\Users\Kushal A\OneDrive\Desktop\MAINPROJECT\PhytoVisionAI_Research\dataset\final_split\train\Betel_Nut\1757.jpg
train,Betel_Nut,1774.jpg,C:\Users\Kushal A\OneDrive\Desktop\MAINPROJECT\PhytoVisionAI_Research\dataset\final_split\train\Betel_Nut\1774.jpg
train,Betel_Nut,1750.jpg,C:\Users\Kushal A\OneDrive\Desktop\MAINPROJECT\PhytoVisionAI_Research\dataset\final_split\train\Betel_Nut\1750.jpg
train,Betel_Nut,1664.jpg,C:\Users\Kushal A\OneDrive\Desktop\MAINPROJECT\PhytoVisionAI_Research\dataset\final_split\train\Betel_Nut\1664.jpg
train,Betel_Nut,1719.jpg,C:\Users\Kushal A\OneDrive\Desktop\MAINPROJECT\PhytoVisionAI_Research\dataset\final_split\train\Betel_Nut\1719.jpg
train,Betel_Nut,1748.jpg,C:\Users\Kushal A\OneDrive\Desktop\MAINPROJECT\PhytoVisionAI_Research\dataset\final_split\train\Betel_Nut\1748.jpg
train,Betel_Nut,1762.jpg,C:\Users\Kushal A\OneDrive\Desktop\MAINPROJECT\PhytoVisionAI_Research\dataset\final_split\train\Betel_Nut\1762.jpg
train,Betel_Nut,597.jpg,C:\Users\Kushal A\OneDrive\Desktop\MAINPROJECT\PhytoVisionAI_Research\dataset\final_split\train\Betel_Nut\597.jpg
train,Betel_Nut,1679.jpg,C:\Users\Kushal A\OneDrive\Desktop\MAINPROJECT\PhytoVisionAI_Research\dataset\final_split\train\Betel_Nut\1679.jpg
train,Betel_Nut,1706.jpg,C:\Users\Kushal A\OneDrive\Desktop\MAINPROJECT\PhytoVisionAI_Research\dataset\final_split\train\Betel_Nut\1706.jpg
train,Betel_Nut,1712.jpg,C:\Users\Kushal A\OneDrive\Desktop\MAINPROJECT\PhytoVisionAI_Research\dataset\final_split\train\Betel_Nut\1712.jpg
train,Betel_Nut,1693.jpg,C:\Users\Kushal A\OneDrive\Desktop\MAINPROJECT\PhytoVisionAI_Research\dataset\final_split\train\Betel_Nut\1693.jpg
train,Betel_Nut,1764.jpg,C:\Users\Kushal A\OneDrive\Desktop\MAINPROJECT\PhytoVisionAI_Research\dataset\final_split\train\Betel_Nut\1764.jpg
train,Betel_Nut,1738.jpg,C:\Users\Kushal A\OneDrive\Desktop\MAINPROJECT\PhytoVisionAI_Research\dataset\final_split\train\Betel_Nut\1738.jpg
train,Betel_Nut,1730.jpg,C:\Users\Kushal A\OneDrive\Desktop\MAINPROJECT\PhytoVisionAI_Research\dataset\final_split\train\Betel_Nut\1730.jpg
train,Betel_Nut,69.jpg,C:\Users\Kushal A\OneDrive\Desktop\MAINPROJECT\PhytoVisionAI_Research\dataset\final_split\train\Betel_Nut\69.jpg
train,Betel_Nut,1666.jpg,C:\Users\Kushal A\OneDrive\Desktop\MAINPROJECT\PhytoVisionAI_Research\dataset\final_split\train\Betel_Nut\1666.jpg
train,Betel_Nut,1752.jpg,C:\Users\Kushal A\OneDrive\Desktop\MAINPROJECT\PhytoVisionAI_Research\dataset\final_split\train\Betel_Nut\1752.jpg
train,Betel_Nut,1733.jpg,C:\Users\Kushal A\OneDrive\Desktop\MAINPROJECT\PhytoVisionAI_Research\dataset\final_split\train\Betel_Nut\1733.jpg
train,Betel_Nut,75.jpg,C:\Users\Kushal A\OneDrive\Desktop\MAINPROJECT\PhytoVisionAI_Research\dataset\final_split\train\Betel_Nut\75.jpg
train,Betel_Nut,1771.jpg,C:\Users\Kushal A\OneDrive\Desktop\MAINPROJECT\PhytoVisionAI_Research\dataset\final_split\train\Betel_Nut\1771.jpg
train,Betel_Nut,1773.jpg,C:\Users\Kushal A\OneDrive\Desktop\MAINPROJECT\PhytoVisionAI_Research\dataset\final_split\train\Betel_Nut\1773.jpg
train,Betel_Nut,66.jpg,C:\Users\Kushal A\OneDrive\Desktop\MAINPROJECT\PhytoVisionAI_Research\dataset\final_split\train\Betel_Nut\66.jpg
train,Betel_Nut,1761.jpg,C:\Users\Kushal A\OneDrive\Desktop\MAINPROJECT\PhytoVisionAI_Research\dataset\final_split\train\Betel_Nut\1761.jpg
train,Betel_Nut,1726.jpg,C:\Users\Kushal A\OneDrive\Desktop\MAINPROJECT\PhytoVisionAI_Research\dataset\final_split\train\Betel_Nut\1726.jpg
train,Betel_Nut,591.jpg,C:\Users\Kushal A\OneDrive\Desktop\MAINPROJECT\PhytoVisionAI_Research\dataset\final_split\train\Betel_Nut\591.jpg
train,Betel_Nut,1680.jpg,C:\Users\Kushal A\OneDrive\Desktop\MAINPROJECT\PhytoVisionAI_Research\dataset\final_split\train\Betel_Nut\1680.jpg
train,Betel_Nut,1661.jpg,C:\Users\Kushal A\OneDrive\Desktop\MAINPROJECT\PhytoVisionAI_Research\dataset\final_split\train\Betel_Nut\1661.jpg
train,Betel_Nut,1685.jpg,C:\Users\Kushal A\OneDrive\Desktop\MAINPROJECT\PhytoVisionAI_Research\dataset\final_split\train\Betel_Nut\1685.jpg
train,Betel_Nut,1769.jpg,C:\Users\Kushal A\OneDrive\Desktop\MAINPROJECT\PhytoVisionAI_Research\dataset\final_split\train\Betel_Nut\1769.jpg
train,Betel_Nut,1749.jpg,C:\Users\Kushal A\OneDrive\Desktop\MAINPROJECT\PhytoVisionAI_Research\dataset\final_split\train\Betel_Nut\1749.jpg
train,Betel_Nut,1777.jpg,C:\Users\Kushal A\OneDrive\Desktop\MAINPROJECT\PhytoVisionAI_Research\dataset\final_split\train\Betel_Nut\1777.jpg
train,Betel_Nut,1711.jpg,C:\Users\Kushal A\OneDrive\Desktop\MAINPROJECT\PhytoVisionAI_Research\dataset\final_split\train\Betel_Nut\1711.jpg
train,Betel_Nut,587.jpg,C:\Users\Kushal A\OneDrive\Desktop\MAINPROJECT\PhytoVisionAI_Research\dataset\final_split\train\Betel_Nut\587.jpg
train,Betel_Nut,594.jpg,C:\Users\Kushal A\OneDrive\Desktop\MAINPROJECT\PhytoVisionAI_Research\dataset\final_split\train\Betel_Nut\594.jpg
train,Betel_Nut,1765.jpg,C:\Users\Kushal A\OneDrive\Desktop\MAINPROJECT\PhytoVisionAI_Research\dataset\final_split\train\Betel_Nut\1765.jpg
train,Betel_Nut,1718.jpg,C:\Users\Kushal A\OneDrive\Desktop\MAINPROJECT\PhytoVisionAI_Research\dataset\final_split\train\Betel_Nut\1718.jpg
train,Betel_Nut,1662.jpg,C:\Users\Kushal A\OneDrive\Desktop\MAINPROJECT\PhytoVisionAI_Research\dataset\final_split\train\Betel_Nut\1662.jpg
train,Betel_Nut,588.jpg,C:\Users\Kushal A\OneDrive\Desktop\MAINPROJECT\PhytoVisionAI_Research\dataset\final_split\train\Betel_Nut\588.jpg
train,Betel_Nut,1760.jpg,C:\Users\Kushal A\OneDrive\Desktop\MAINPROJECT\PhytoVisionAI_Research\dataset\final_split\train\Betel_Nut\1760.jpg
train,Betel_Nut,1758.jpg,C:\Users\Kushal A\OneDrive\Desktop\MAINPROJECT\PhytoVisionAI_Research\dataset\final_split\train\Betel_Nut\1758.jpg
train,Betel_Nut,1669.jpg,C:\Users\Kushal A\OneDrive\Desktop\MAINPROJECT\PhytoVisionAI_Research\dataset\final_split\train\Betel_Nut\1669.jpg
train,Betel_Nut,1705.jpg,C:\Users\Kushal A\OneDrive\Desktop\MAINPROJECT\PhytoVisionAI_Research\dataset\final_split\train\Betel_Nut\1705.jpg
train,Betel_Nut,1731.jpg,C:\Users\Kushal A\OneDrive\Desktop\MAINPROJECT\PhytoVisionAI_Research\dataset\final_split\train\Betel_Nut\1731.jpg
train,Betel_Nut,1724.jpg,C:\Users\Kushal A\OneDrive\Desktop\MAINPROJECT\PhytoVisionAI_Research\dataset\final_split\train\Betel_Nut\1724.jpg
train,Betel_Nut,1689.jpg,C:\Users\Kushal A\OneDrive\Desktop\MAINPROJECT\PhytoVisionAI_Research\dataset\final_split\train\Betel_Nut\1689.jpg
train,Betel_Nut,1728.jpg,C:\Users\Kushal A\OneDrive\Desktop\MAINPROJECT\PhytoVisionAI_Research\dataset\final_split\train\Betel_Nut\1728.jpg
train,Betel_Nut,1708.jpg,C:\Users\Kushal A\OneDrive\Desktop\MAINPROJECT\PhytoVisionAI_Research\dataset\final_split\train\Betel_Nut\1708.jpg
train,Betel_Nut,1676.jpg,C:\Users\Kushal A\OneDrive\Desktop\MAINPROJECT\PhytoVisionAI_Research\dataset\final_split\train\Betel_Nut\1676.jpg
train,Betel_Nut,1682.jpg,C:\Users\Kushal A\OneDrive\Desktop\MAINPROJECT\PhytoVisionAI_Research\dataset\final_split\train\Betel_Nut\1682.jpg
train,Betel_Nut,1770.jpg,C:\Users\Kushal A\OneDrive\Desktop\MAINPROJECT\PhytoVisionAI_Research\dataset\final_split\train\Betel_Nut\1770.jpg
train,Betel_Nut,1723.jpg,C:\Users\Kushal A\OneDrive\Desktop\MAINPROJECT\PhytoVisionAI_Research\dataset\final_split\train\Betel_Nut\1723.jpg
train,Betel_Nut,1755.jpg,C:\Users\Kushal A\OneDrive\Desktop\MAINPROJECT\PhytoVisionAI_Research\dataset\final_split\train\Betel_Nut\1755.jpg
train,Betel_Nut,1675.jpg,C:\Users\Kushal A\OneDrive\Desktop\MAINPROJECT\PhytoVisionAI_Research\dataset\final_split\train\Betel_Nut\1675.jpg
train,Betel_Nut,1701.jpg,C:\Users\Kushal A\OneDrive\Desktop\MAINPROJECT\PhytoVisionAI_Research\dataset\final_split\train\Betel_Nut\1701.jpg
train,Betel_Nut,1697.jpg,C:\Users\Kushal A\OneDrive\Desktop\MAINPROJECT\PhytoVisionAI_Research\dataset\final_split\train\Betel_Nut\1697.jpg
train,Betel_Nut,1692.jpg,C:\Users\Kushal A\OneDrive\Desktop\MAINPROJECT\PhytoVisionAI_Research\dataset\final_split\train\Betel_Nut\1692.jpg
train,Betel_Nut,78.jpg,C:\Users\Kushal A\OneDrive\Desktop\MAINPROJECT\PhytoVisionAI_Research\dataset\final_split\train\Betel_Nut\78.jpg
train,Betel_Nut,1775.jpg,C:\Users\Kushal A\OneDrive\Desktop\MAINPROJECT\PhytoVisionAI_Research\dataset\final_split\train\Betel_Nut\1775.jpg
train,Betel_Nut,1698.jpg,C:\Users\Kushal A\OneDrive\Desktop\MAINPROJECT\PhytoVisionAI_Research\dataset\final_split\train\Betel_Nut\1698.jpg
train,Betel_Nut,1686.jpg,C:\Users\Kushal A\OneDrive\Desktop\MAINPROJECT\PhytoVisionAI_Research\dataset\final_split\train\Betel_Nut\1686.jpg
train,Betel_Nut,1660.jpg,C:\Users\Kushal A\OneDrive\Desktop\MAINPROJECT\PhytoVisionAI_Research\dataset\final_split\train\Betel_Nut\1660.jpg
train,Betel_Nut,76.jpg,C:\Users\Kushal A\OneDrive\Desktop\MAINPROJECT\PhytoVisionAI_Research\dataset\final_split\train\Betel_Nut\76.jpg
train,Betel_Nut,1736.jpg,C:\Users\Kushal A\OneDrive\Desktop\MAINPROJECT\PhytoVisionAI_Research\dataset\final_split\train\Betel_Nut\1736.jpg
train,Betel_Nut,1710.jpg,C:\Users\Kushal A\OneDrive\Desktop\MAINPROJECT\PhytoVisionAI_Research\dataset\final_split\train\Betel_Nut\1710.jpg
train,Betel_Nut,1688.jpg,C:\Users\Kushal A\OneDrive\Desktop\MAINPROJECT\PhytoVisionAI_Research\dataset\final_split\train\Betel_Nut\1688.jpg
train,Betel_Nut,1665.jpg,C:\Users\Kushal A\OneDrive\Desktop\MAINPROJECT\PhytoVisionAI_Research\dataset\final_split\train\Betel_Nut\1665.jpg
train,Betel_Nut,595.jpg,C:\Users\Kushal A\OneDrive\Desktop\MAINPROJECT\PhytoVisionAI_Research\dataset\final_split\train\Betel_Nut\595.jpg
train,Brahmi,4833.jpg,C:\Users\Kushal A\OneDrive\Desktop\MAINPROJECT\PhytoVisionAI_Research\dataset\final_split\train\Brahmi\4833.jpg
train,Brahmi,391.jpg,C:\Users\Kushal A\OneDrive\Desktop\MAINPROJECT\PhytoVisionAI_Research\dataset\final_split\train\Brahmi\391.jpg
train,Brahmi,394.jpg,C:\Users\Kushal A\OneDrive\Desktop\MAINPROJECT\PhytoVisionAI_Research\dataset\final_split\train\Brahmi\394.jpg
train,Brahmi,4852.jpg,C:\Users\Kushal A\OneDrive\Desktop\MAINPROJECT\PhytoVisionAI_Research\dataset\final_split\train\Brahmi\4852.jpg
train,Brahmi,4784.jpg,C:\Users\Kushal A\OneDrive\Desktop\MAINPROJECT\PhytoVisionAI_Research\dataset\final_split\train\Brahmi\4784.jpg
train,Brahmi,4762.jpg,C:\Users\Kushal A\OneDrive\Desktop\MAINPROJECT\PhytoVisionAI_Research\dataset\final_split\train\Brahmi\4762.jpg
train,Brahmi,4763.jpg,C:\Users\Kushal A\OneDrive\Desktop\MAINPROJECT\PhytoVisionAI_Research\dataset\final_split\train\Brahmi\4763.jpg
train,Brahmi,4770.jpg,C:\Users\Kushal A\OneDrive\Desktop\MAINPROJECT\PhytoVisionAI_Research\dataset\final_split\train\Brahmi\4770.jpg
train,Brahmi,4841.jpg,C:\Users\Kushal A\OneDrive\Desktop\MAINPROJECT\PhytoVisionAI_Research\dataset\final_split\train\Brahmi\4841.jpg
train,Brahmi,4778.jpg,C:\Users\Kushal A\OneDrive\Desktop\MAINPROJECT\PhytoVisionAI_Research\dataset\final_split\train\Brahmi\4778.jpg
train,Brahmi,923.jpg,C:\Users\Kushal A\OneDrive\Desktop\MAINPROJECT\PhytoVisionAI_Research\dataset\final_split\train\Brahmi\923.jpg
train,Brahmi,4805.jpg,C:\Users\Kushal A\OneDrive\Desktop\MAINPROJECT\PhytoVisionAI_Research\dataset\final_split\train\Brahmi\4805.jpg
train,Brahmi,4759.jpg,C:\Users\Kushal A\OneDrive\Desktop\MAINPROJECT\PhytoVisionAI_Research\dataset\final_split\train\Brahmi\4759.jpg
train,Brahmi,4794.jpg,C:\Users\Kushal A\OneDrive\Desktop\MAINPROJECT\PhytoVisionAI_Research\dataset\final_split\train\Brahmi\4794.jpg
train,Brahmi,4838.jpg,C:\Users\Kushal A\OneDrive\Desktop\MAINPROJECT\PhytoVisionAI_Research\dataset\final_split\train\Brahmi\4838.jpg
train,Brahmi,4843.jpg,C:\Users\Kushal A\OneDrive\Desktop\MAINPROJECT\PhytoVisionAI_Research\dataset\final_split\train\Brahmi\4843.jpg
train,Brahmi,4748.jpg,C:\Users\Kushal A\OneDrive\Desktop\MAINPROJECT\PhytoVisionAI_Research\dataset\final_split\train\Brahmi\4748.jpg
train,Brahmi,4839.jpg,C:\Users\Kushal A\OneDrive\Desktop\MAINPROJECT\PhytoVisionAI_Research\dataset\final_split\train\Brahmi\4839.jpg
train,Brahmi,4830.jpg,C:\Users\Kushal A\OneDrive\Desktop\MAINPROJECT\PhytoVisionAI_Research\dataset\final_split\train\Brahmi\4830.jpg
train,Brahmi,4750.jpg,C:\Users\Kushal A\OneDrive\Desktop\MAINPROJECT\PhytoVisionAI_Research\dataset\final_split\train\Brahmi\4750.jpg
train,Brahmi,4758.jpg,C:\Users\Kushal A\OneDrive\Desktop\MAINPROJECT\PhytoVisionAI_Research\dataset\final_split\train\Brahmi\4758.jpg
train,Brahmi,918.jpg,C:\Users\Kushal A\OneDrive\Desktop\MAINPROJECT\PhytoVisionAI_Research\dataset\final_split\train\Brahmi\918.jpg
train,Brahmi,4768.jpg,C:\Users\Kushal A\OneDrive\Desktop\MAINPROJECT\PhytoVisionAI_Research\dataset\final_split\train\Brahmi\4768.jpg
train,Brahmi,4788.jpg,C:\Users\Kushal A\OneDrive\Desktop\MAINPROJECT\PhytoVisionAI_Research\dataset\final_split\train\Brahmi\4788.jpg
train,Brahmi,4832.jpg,C:\Users\Kushal A\OneDrive\Desktop\MAINPROJECT\PhytoVisionAI_Research\dataset\final_split\train\Brahmi\4832.jpg
train,Brahmi,4859.jpg,C:\Users\Kushal A\OneDrive\Desktop\MAINPROJECT\PhytoVisionAI_Research\dataset\final_split\train\Brahmi\4859.jpg
train,Brahmi,4834.jpg,C:\Users\Kushal A\OneDrive\Desktop\MAINPROJECT\PhytoVisionAI_Research\dataset\final_split\train\Brahmi\4834.jpg
train,Brahmi,4771.jpg,C:\Users\Kushal A\OneDrive\Desktop\MAINPROJECT\PhytoVisionAI_Research\dataset\final_split\train\Brahmi\4771.jpg
train,Brahmi,4773.jpg,C:\Users\Kushal A\OneDrive\Desktop\MAINPROJECT\PhytoVisionAI_Research\dataset\final_split\train\Brahmi\4773.jpg
train,Brahmi,4786.jpg,C:\Users\Kushal A\OneDrive\Desktop\MAINPROJECT\PhytoVisionAI_Research\dataset\final_split\train\Brahmi\4786.jpg
train,Brahmi,4860.jpg,C:\Users\Kushal A\OneDrive\Desktop\MAINPROJECT\PhytoVisionAI_Research\dataset\final_split\train\Brahmi\4860.jpg
train,Brahmi,4761.jpg,C:\Users\Kushal A\OneDrive\Desktop\MAINPROJECT\PhytoVisionAI_Research\dataset\final_split\train\Brahmi\4761.jpg
train,Brahmi,4795.jpg,C:\Users\Kushal A\OneDrive\Desktop\MAINPROJECT\PhytoVisionAI_Research\dataset\final_split\train\Brahmi\4795.jpg
train,Brahmi,4787.jpg,C:\Users\Kushal A\OneDrive\Desktop\MAINPROJECT\PhytoVisionAI_Research\dataset\final_split\train\Brahmi\4787.jpg
train,Brahmi,4801.jpg,C:\Users\Kushal A\OneDrive\Desktop\MAINPROJECT\PhytoVisionAI_Research\dataset\final_split\train\Brahmi\4801.jpg
train,Brahmi,4829.jpg,C:\Users\Kushal A\OneDrive\Desktop\MAINPROJECT\PhytoVisionAI_Research\dataset\final_split\train\Brahmi\4829.jpg
train,Brahmi,4855.jpg,C:\Users\Kushal A\OneDrive\Desktop\MAINPROJECT\PhytoVisionAI_Research\dataset\final_split\train\Brahmi\4855.jpg
train,Brahmi,4828.jpg,C:\Users\Kushal A\OneDrive\Desktop\MAINPROJECT\PhytoVisionAI_Research\dataset\final_split\train\Brahmi\4828.jpg
train,Brahmi,4825.jpg,C:\Users\Kushal A\OneDrive\Desktop\MAINPROJECT\PhytoVisionAI_Research\dataset\final_split\train\Brahmi\4825.jpg
train,Brahmi,393.jpg,C:\Users\Kushal A\OneDrive\Desktop\MAINPROJECT\PhytoVisionAI_Research\dataset\final_split\train\Brahmi\393.jpg
train,Brahmi,4766.jpg,C:\Users\Kushal A\OneDrive\Desktop\MAINPROJECT\PhytoVisionAI_Research\dataset\final_split\train\Brahmi\4766.jpg
train,Brahmi,4767.jpg,C:\Users\Kushal A\OneDrive\Desktop\MAINPROJECT\PhytoVisionAI_Research\dataset\final_split\train\Brahmi\4767.jpg
train,Brahmi,4792.jpg,C:\Users\Kushal A\OneDrive\Desktop\MAINPROJECT\PhytoVisionAI_Research\dataset\final_split\train\Brahmi\4792.jpg
train,Brahmi,4821.jpg,C:\Users\Kushal A\OneDrive\Desktop\MAINPROJECT\PhytoVisionAI_Research\dataset\final_split\train\Brahmi\4821.jpg
train,Brahmi,4857.jpg,C:\Users\Kushal A\OneDrive\Desktop\MAINPROJECT\PhytoVisionAI_Research\dataset\final_split\train\Brahmi\4857.jpg
train,Brahmi,395.jpg,C:\Users\Kushal A\OneDrive\Desktop\MAINPROJECT\PhytoVisionAI_Research\dataset\final_split\train\Brahmi\395.jpg
train,Brahmi,915.jpg,C:\Users\Kushal A\OneDrive\Desktop\MAINPROJECT\PhytoVisionAI_Research\dataset\final_split\train\Brahmi\915.jpg
train,Brahmi,4817.jpg,C:\Users\Kushal A\OneDrive\Desktop\MAINPROJECT\PhytoVisionAI_Research\dataset\final_split\train\Brahmi\4817.jpg
train,Brahmi,914.jpg,C:\Users\Kushal A\OneDrive\Desktop\MAINPROJECT\PhytoVisionAI_Research\dataset\final_split\train\Brahmi\914.jpg
train,Brahmi,4846.jpg,C:\Users\Kushal A\OneDrive\Desktop\MAINPROJECT\PhytoVisionAI_Research\dataset\final_split\train\Brahmi\4846.jpg
train,Brahmi,4837.jpg,C:\Users\Kushal A\OneDrive\Desktop\MAINPROJECT\PhytoVisionAI_Research\dataset\final_split\train\Brahmi\4837.jpg
train,Brahmi,4820.jpg,C:\Users\Kushal A\OneDrive\Desktop\MAINPROJECT\PhytoVisionAI_Research\dataset\final_split\train\Brahmi\4820.jpg
train,Brahmi,4754.jpg,C:\Users\Kushal A\OneDrive\Desktop\MAINPROJECT\PhytoVisionAI_Research\dataset\final_split\train\Brahmi\4754.jpg
train,Brahmi,4847.jpg,C:\Users\Kushal A\OneDrive\Desktop\MAINPROJECT\PhytoVisionAI_Research\dataset\final_split\train\Brahmi\4847.jpg
train,Brahmi,4796.jpg,C:\Users\Kushal A\OneDrive\Desktop\MAINPROJECT\PhytoVisionAI_Research\dataset\final_split\train\Brahmi\4796.jpg
train,Brahmi,4822.jpg,C:\Users\Kushal A\OneDrive\Desktop\MAINPROJECT\PhytoVisionAI_Research\dataset\final_split\train\Brahmi\4822.jpg
train,Brahmi,4791.jpg,C:\Users\Kushal A\OneDrive\Desktop\MAINPROJECT\PhytoVisionAI_Research\dataset\final_split\train\Brahmi\4791.jpg
train,Brahmi,392.jpg,C:\Users\Kushal A\OneDrive\Desktop\MAINPROJECT\PhytoVisionAI_Research\dataset\final_split\train\Brahmi\392.jpg
train,Brahmi,4865.jpg,C:\Users\Kushal A\OneDrive\Desktop\MAINPROJECT\PhytoVisionAI_Research\dataset\final_split\train\Brahmi\4865.jpg
train,Brahmi,4863.jpg,C:\Users\Kushal A\OneDrive\Desktop\MAINPROJECT\PhytoVisionAI_Research\dataset\final_split\train\Brahmi\4863.jpg
train,Brahmi,4760.jpg,C:\Users\Kushal A\OneDrive\Desktop\MAINPROJECT\PhytoVisionAI_Research\dataset\final_split\train\Brahmi\4760.jpg
train,Brahmi,4798.jpg,C:\Users\Kushal A\OneDrive\Desktop\MAINPROJECT\PhytoVisionAI_Research\dataset\final_split\train\Brahmi\4798.jpg
train,Brahmi,4854.jpg,C:\Users\Kushal A\OneDrive\Desktop\MAINPROJECT\PhytoVisionAI_Research\dataset\final_split\train\Brahmi\4854.jpg
train,Brahmi,402.jpg,C:\Users\Kushal A\OneDrive\Desktop\MAINPROJECT\PhytoVisionAI_Research\dataset\final_split\train\Brahmi\402.jpg
train,Brahmi,4802.jpg,C:\Users\Kushal A\OneDrive\Desktop\MAINPROJECT\PhytoVisionAI_Research\dataset\final_split\train\Brahmi\4802.jpg
train,Brahmi,4808.jpg,C:\Users\Kushal A\OneDrive\Desktop\MAINPROJECT\PhytoVisionAI_Research\dataset\final_split\train\Brahmi\4808.jpg
train,Brahmi,4781.jpg,C:\Users\Kushal A\OneDrive\Desktop\MAINPROJECT\PhytoVisionAI_Research\dataset\final_split\train\Brahmi\4781.jpg
train,Brahmi,4814.jpg,C:\Users\Kushal A\OneDrive\Desktop\MAINPROJECT\PhytoVisionAI_Research\dataset\final_split\train\Brahmi\4814.jpg
train,Brahmi,4807.jpg,C:\Users\Kushal A\OneDrive\Desktop\MAINPROJECT\PhytoVisionAI_Research\dataset\final_split\train\Brahmi\4807.jpg
train,Brahmi,4749.jpg,C:\Users\Kushal A\OneDrive\Desktop\MAINPROJECT\PhytoVisionAI_Research\dataset\final_split\train\Brahmi\4749.jpg
train,Brahmi,4783.jpg,C:\Users\Kushal A\OneDrive\Desktop\MAINPROJECT\PhytoVisionAI_Research\dataset\final_split\train\Brahmi\4783.jpg
train,Brahmi,4772.jpg,C:\Users\Kushal A\OneDrive\Desktop\MAINPROJECT\PhytoVisionAI_Research\dataset\final_split\train\Brahmi\4772.jpg
train,Brahmi,4777.jpg,C:\Users\Kushal A\OneDrive\Desktop\MAINPROJECT\PhytoVisionAI_Research\dataset\final_split\train\Brahmi\4777.jpg
train,Brahmi,919.jpg,C:\Users\Kushal A\OneDrive\Desktop\MAINPROJECT\PhytoVisionAI_Research\dataset\final_split\train\Brahmi\919.jpg
train,Brahmi,4842.jpg,C:\Users\Kushal A\OneDrive\Desktop\MAINPROJECT\PhytoVisionAI_Research\dataset\final_split\train\Brahmi\4842.jpg
train,Brahmi,4856.jpg,C:\Users\Kushal A\OneDrive\Desktop\MAINPROJECT\PhytoVisionAI_Research\dataset\final_split\train\Brahmi\4856.jpg
train,Brahmi,4850.jpg,C:\Users\Kushal A\OneDrive\Desktop\MAINPROJECT\PhytoVisionAI_Research\dataset\final_split\train\Brahmi\4850.jpg
train,Brahmi,4853.jpg,C:\Users\Kushal A\OneDrive\Desktop\MAINPROJECT\PhytoVisionAI_Research\dataset\final_split\train\Brahmi\4853.jpg
train,Brahmi,4765.jpg,C:\Users\Kushal A\OneDrive\Desktop\MAINPROJECT\PhytoVisionAI_Research\dataset\final_split\train\Brahmi\4765.jpg
train,Brahmi,913.jpg,C:\Users\Kushal A\OneDrive\Desktop\MAINPROJECT\PhytoVisionAI_Research\dataset\final_split\train\Brahmi\913.jpg
train,Brahmi,4826.jpg,C:\Users\Kushal A\OneDrive\Desktop\MAINPROJECT\PhytoVisionAI_Research\dataset\final_split\train\Brahmi\4826.jpg
train,Brahmi,4804.jpg,C:\Users\Kushal A\OneDrive\Desktop\MAINPROJECT\PhytoVisionAI_Research\dataset\final_split\train\Brahmi\4804.jpg
train,Brahmi,403.jpg,C:\Users\Kushal A\OneDrive\Desktop\MAINPROJECT\PhytoVisionAI_Research\dataset\final_split\train\Brahmi\403.jpg
train,Brahmi,4818.jpg,C:\Users\Kushal A\OneDrive\Desktop\MAINPROJECT\PhytoVisionAI_Research\dataset\final_split\train\Brahmi\4818.jpg
train,Brahmi,399.jpg,C:\Users\Kushal A\OneDrive\Desktop\MAINPROJECT\PhytoVisionAI_Research\dataset\final_split\train\Brahmi\399.jpg
train,Brahmi,4775.jpg,C:\Users\Kushal A\OneDrive\Desktop\MAINPROJECT\PhytoVisionAI_Research\dataset\final_split\train\Brahmi\4775.jpg
train,Brahmi,4845.jpg,C:\Users\Kushal A\OneDrive\Desktop\MAINPROJECT\PhytoVisionAI_Research\dataset\final_split\train\Brahmi\4845.jpg
train,Brahmi,4813.jpg,C:\Users\Kushal A\OneDrive\Desktop\MAINPROJECT\PhytoVisionAI_Research\dataset\final_split\train\Brahmi\4813.jpg
train,Brahmi,397.jpg,C:\Users\Kushal A\OneDrive\Desktop\MAINPROJECT\PhytoVisionAI_Research\dataset\final_split\train\Brahmi\397.jpg
train,Brahmi,4809.jpg,C:\Users\Kushal A\OneDrive\Desktop\MAINPROJECT\PhytoVisionAI_Research\dataset\final_split\train\Brahmi\4809.jpg
train,Brahmi,4819.jpg,C:\Users\Kushal A\OneDrive\Desktop\MAINPROJECT\PhytoVisionAI_Research\dataset\final_split\train\Brahmi\4819.jpg
train,Brahmi,4844.jpg,C:\Users\Kushal A\OneDrive\Desktop\MAINPROJECT\PhytoVisionAI_Research\dataset\final_split\train\Brahmi\4844.jpg
train,Brahmi,4785.jpg,C:\Users\Kushal A\OneDrive\Desktop\MAINPROJECT\PhytoVisionAI_Research\dataset\final_split\train\Brahmi\4785.jpg
train,Brahmi,4782.jpg,C:\Users\Kushal A\OneDrive\Desktop\MAINPROJECT\PhytoVisionAI_Research\dataset\final_split\train\Brahmi\4782.jpg
train,Brahmi,4769.jpg,C:\Users\Kushal A\OneDrive\Desktop\MAINPROJECT\PhytoVisionAI_Research\dataset\final_split\train\Brahmi\4769.jpg
train,Brahmi,4780.jpg,C:\Users\Kushal A\OneDrive\Desktop\MAINPROJECT\PhytoVisionAI_Research\dataset\final_split\train\Brahmi\4780.jpg
train,Brahmi,4779.jpg,C:\Users\Kushal A\OneDrive\Desktop\MAINPROJECT\PhytoVisionAI_Research\dataset\final_split\train\Brahmi\4779.jpg
train,Brahmi,4753.jpg,C:\Users\Kushal A\OneDrive\Desktop\MAINPROJECT\PhytoVisionAI_Research\dataset\final_split\train\Brahmi\4753.jpg
train,Brahmi,4811.jpg,C:\Users\Kushal A\OneDrive\Desktop\MAINPROJECT\PhytoVisionAI_Research\dataset\final_split\train\Brahmi\4811.jpg
train,Brahmi,4799.jpg,C:\Users\Kushal A\OneDrive\Desktop\MAINPROJECT\PhytoVisionAI_Research\dataset\final_split\train\Brahmi\4799.jpg
train,Brahmi,4800.jpg,C:\Users\Kushal A\OneDrive\Desktop\MAINPROJECT\PhytoVisionAI_Research\dataset\final_split\train\Brahmi\4800.jpg
train,Brahmi,4835.jpg,C:\Users\Kushal A\OneDrive\Desktop\MAINPROJECT\PhytoVisionAI_Research\dataset\final_split\train\Brahmi\4835.jpg
train,Castor,4514.jpg,C:\Users\Kushal A\OneDrive\Desktop\MAINPROJECT\PhytoVisionAI_Research\dataset\final_split\train\Castor\4514.jpg
train,Castor,4605.jpg,C:\Users\Kushal A\OneDrive\Desktop\MAINPROJECT\PhytoVisionAI_Research\dataset\final_split\train\Castor\4605.jpg
train,Castor,4523.jpg,C:\Users\Kushal A\OneDrive\Desktop\MAINPROJECT\PhytoVisionAI_Research\dataset\final_split\train\Castor\4523.jpg
train,Castor,4580.jpg,C:\Users\Kushal A\OneDrive\Desktop\MAINPROJECT\PhytoVisionAI_Research\dataset\final_split\train\Castor\4580.jpg
train,Castor,368.jpg,C:\Users\Kushal A\OneDrive\Desktop\MAINPROJECT\PhytoVisionAI_Research\dataset\final_split\train\Castor\368.jpg
train,Castor,889.jpg,C:\Users\Kushal A\OneDrive\Desktop\MAINPROJECT\PhytoVisionAI_Research\dataset\final_split\train\Castor\889.jpg
train,Castor,4621.jpg,C:\Users\Kushal A\OneDrive\Desktop\MAINPROJECT\PhytoVisionAI_Research\dataset\final_split\train\Castor\4621.jpg
train,Castor,4571.jpg,C:\Users\Kushal A\OneDrive\Desktop\MAINPROJECT\PhytoVisionAI_Research\dataset\final_split\train\Castor\4571.jpg
train,Castor,4562.jpg,C:\Users\Kushal A\OneDrive\Desktop\MAINPROJECT\PhytoVisionAI_Research\dataset\final_split\train\Castor\4562.jpg
train,Castor,4614.jpg,C:\Users\Kushal A\OneDrive\Desktop\MAINPROJECT\PhytoVisionAI_Research\dataset\final_split\train\Castor\4614.jpg
train,Castor,4587.jpg,C:\Users\Kushal A\OneDrive\Desktop\MAINPROJECT\PhytoVisionAI_Research\dataset\final_split\train\Castor\4587.jpg
train,Castor,4550.jpg,C:\Users\Kushal A\OneDrive\Desktop\MAINPROJECT\PhytoVisionAI_Research\dataset\final_split\train\Castor\4550.jpg
train,Castor,4608.jpg,C:\Users\Kushal A\OneDrive\Desktop\MAINPROJECT\PhytoVisionAI_Research\dataset\final_split\train\Castor\4608.jpg
train,Castor,370.jpg,C:\Users\Kushal A\OneDrive\Desktop\MAINPROJECT\PhytoVisionAI_Research\dataset\final_split\train\Castor\370.jpg
train,Castor,4582.jpg,C:\Users\Kushal A\OneDrive\Desktop\MAINPROJECT\PhytoVisionAI_Research\dataset\final_split\train\Castor\4582.jpg
train,Castor,894.jpg,C:\Users\Kushal A\OneDrive\Desktop\MAINPROJECT\PhytoVisionAI_Research\dataset\final_split\train\Castor\894.jpg
train,Castor,4593.jpg,C:\Users\Kushal A\OneDrive\Desktop\MAINPROJECT\PhytoVisionAI_Research\dataset\final_split\train\Castor\4593.jpg
train,Castor,4508.jpg,C:\Users\Kushal A\OneDrive\Desktop\MAINPROJECT\PhytoVisionAI_Research\dataset\final_split\train\Castor\4508.jpg
train,Castor,4561.jpg,C:\Users\Kushal A\OneDrive\Desktop\MAINPROJECT\PhytoVisionAI_Research\dataset\final_split\train\Castor\4561.jpg
train,Castor,4591.jpg,C:\Users\Kushal A\OneDrive\Desktop\MAINPROJECT\PhytoVisionAI_Research\dataset\final_split\train\Castor\4591.jpg
train,Castor,377.jpg,C:\Users\Kushal A\OneDrive\Desktop\MAINPROJECT\PhytoVisionAI_Research\dataset\final_split\train\Castor\377.jpg
train,Castor,4619.jpg,C:\Users\Kushal A\OneDrive\Desktop\MAINPROJECT\PhytoVisionAI_Research\dataset\final_split\train\Castor\4619.jpg
train,Castor,892.jpg,C:\Users\Kushal A\OneDrive\Desktop\MAINPROJECT\PhytoVisionAI_Research\dataset\final_split\train\Castor\892.jpg
train,Castor,4579.jpg,C:\Users\Kushal A\OneDrive\Desktop\MAINPROJECT\PhytoVisionAI_Research\dataset\final_split\train\Castor\4579.jpg
train,Castor,4596.jpg,C:\Users\Kushal A\OneDrive\Desktop\MAINPROJECT\PhytoVisionAI_Research\dataset\final_split\train\Castor\4596.jpg
train,Castor,4503.jpg,C:\Users\Kushal A\OneDrive\Desktop\MAINPROJECT\PhytoVisionAI_Research\dataset\final_split\train\Castor\4503.jpg
train,Castor,4612.jpg,C:\Users\Kushal A\OneDrive\Desktop\MAINPROJECT\PhytoVisionAI_Research\dataset\final_split\train\Castor\4612.jpg
train,Castor,4510.jpg,C:\Users\Kushal A\OneDrive\Desktop\MAINPROJECT\PhytoVisionAI_Research\dataset\final_split\train\Castor\4510.jpg
train,Castor,4549.jpg,C:\Users\Kushal A\OneDrive\Desktop\MAINPROJECT\PhytoVisionAI_Research\dataset\final_split\train\Castor\4549.jpg
train,Castor,374.jpg,C:\Users\Kushal A\OneDrive\Desktop\MAINPROJECT\PhytoVisionAI_Research\dataset\final_split\train\Castor\374.jpg
train,Castor,4602.jpg,C:\Users\Kushal A\OneDrive\Desktop\MAINPROJECT\PhytoVisionAI_Research\dataset\final_split\train\Castor\4602.jpg
train,Castor,4609.jpg,C:\Users\Kushal A\OneDrive\Desktop\MAINPROJECT\PhytoVisionAI_Research\dataset\final_split\train\Castor\4609.jpg
train,Castor,4526.jpg,C:\Users\Kushal A\OneDrive\Desktop\MAINPROJECT\PhytoVisionAI_Research\dataset\final_split\train\Castor\4526.jpg
train,Castor,4537.jpg,C:\Users\Kushal A\OneDrive\Desktop\MAINPROJECT\PhytoVisionAI_Research\dataset\final_split\train\Castor\4537.jpg
train,Castor,4519.jpg,C:\Users\Kushal A\OneDrive\Desktop\MAINPROJECT\PhytoVisionAI_Research\dataset\final_split\train\Castor\4519.jpg
train,Castor,4536.jpg,C:\Users\Kushal A\OneDrive\Desktop\MAINPROJECT\PhytoVisionAI_Research\dataset\final_split\train\Castor\4536.jpg
train,Castor,4504.jpg,C:\Users\Kushal A\OneDrive\Desktop\MAINPROJECT\PhytoVisionAI_Research\dataset\final_split\train\Castor\4504.jpg
train,Castor,376.jpg,C:\Users\Kushal A\OneDrive\Desktop\MAINPROJECT\PhytoVisionAI_Research\dataset\final_split\train\Castor\376.jpg
train,Castor,4518.jpg,C:\Users\Kushal A\OneDrive\Desktop\MAINPROJECT\PhytoVisionAI_Research\dataset\final_split\train\Castor\4518.jpg
train,Castor,4509.jpg,C:\Users\Kushal A\OneDrive\Desktop\MAINPROJECT\PhytoVisionAI_Research\dataset\final_split\train\Castor\4509.jpg
train,Castor,4527.jpg,C:\Users\Kushal A\OneDrive\Desktop\MAINPROJECT\PhytoVisionAI_Research\dataset\final_split\train\Castor\4527.jpg
train,Castor,4588.jpg,C:\Users\Kushal A\OneDrive\Desktop\MAINPROJECT\PhytoVisionAI_Research\dataset\final_split\train\Castor\4588.jpg
train,Castor,888.jpg,C:\Users\Kushal A\OneDrive\Desktop\MAINPROJECT\PhytoVisionAI_Research\dataset\final_split\train\Castor\888.jpg
train,Castor,890.jpg,C:\Users\Kushal A\OneDrive\Desktop\MAINPROJECT\PhytoVisionAI_Research\dataset\final_split\train\Castor\890.jpg
train,Castor,4577.jpg,C:\Users\Kushal A\OneDrive\Desktop\MAINPROJECT\PhytoVisionAI_Research\dataset\final_split\train\Castor\4577.jpg
train,Castor,4569.jpg,C:\Users\Kushal A\OneDrive\Desktop\MAINPROJECT\PhytoVisionAI_Research\dataset\final_split\train\Castor\4569.jpg
train,Castor,4534.jpg,C:\Users\Kushal A\OneDrive\Desktop\MAINPROJECT\PhytoVisionAI_Research\dataset\final_split\train\Castor\4534.jpg
train,Castor,4517.jpg,C:\Users\Kushal A\OneDrive\Desktop\MAINPROJECT\PhytoVisionAI_Research\dataset\final_split\train\Castor\4517.jpg
train,Castor,4559.jpg,C:\Users\Kushal A\OneDrive\Desktop\MAINPROJECT\PhytoVisionAI_Research\dataset\final_split\train\Castor\4559.jpg
train,Castor,893.jpg,C:\Users\Kushal A\OneDrive\Desktop\MAINPROJECT\PhytoVisionAI_Research\dataset\final_split\train\Castor\893.jpg
train,Castor,891.jpg,C:\Users\Kushal A\OneDrive\Desktop\MAINPROJECT\PhytoVisionAI_Research\dataset\final_split\train\Castor\891.jpg
train,Castor,897.jpg,C:\Users\Kushal A\OneDrive\Desktop\MAINPROJECT\PhytoVisionAI_Research\dataset\final_split\train\Castor\897.jpg
train,Castor,4525.jpg,C:\Users\Kushal A\OneDrive\Desktop\MAINPROJECT\PhytoVisionAI_Research\dataset\final_split\train\Castor\4525.jpg
train,Castor,4497.jpg,C:\Users\Kushal A\OneDrive\Desktop\MAINPROJECT\PhytoVisionAI_Research\dataset\final_split\train\Castor\4497.jpg
train,Castor,366.jpg,C:\Users\Kushal A\OneDrive\Desktop\MAINPROJECT\PhytoVisionAI_Research\dataset\final_split\train\Castor\366.jpg
train,Castor,4522.jpg,C:\Users\Kushal A\OneDrive\Desktop\MAINPROJECT\PhytoVisionAI_Research\dataset\final_split\train\Castor\4522.jpg
train,Castor,4491.jpg,C:\Users\Kushal A\OneDrive\Desktop\MAINPROJECT\PhytoVisionAI_Research\dataset\final_split\train\Castor\4491.jpg
train,Castor,4546.jpg,C:\Users\Kushal A\OneDrive\Desktop\MAINPROJECT\PhytoVisionAI_Research\dataset\final_split\train\Castor\4546.jpg
train,Castor,4499.jpg,C:\Users\Kushal A\OneDrive\Desktop\MAINPROJECT\PhytoVisionAI_Research\dataset\final_split\train\Castor\4499.jpg
train,Castor,4515.jpg,C:\Users\Kushal A\OneDrive\Desktop\MAINPROJECT\PhytoVisionAI_Research\dataset\final_split\train\Castor\4515.jpg
train,Castor,4566.jpg,C:\Users\Kushal A\OneDrive\Desktop\MAINPROJECT\PhytoVisionAI_Research\dataset\final_split\train\Castor\4566.jpg
train,Castor,4557.jpg,C:\Users\Kushal A\OneDrive\Desktop\MAINPROJECT\PhytoVisionAI_Research\dataset\final_split\train\Castor\4557.jpg
train,Castor,4530.jpg,C:\Users\Kushal A\OneDrive\Desktop\MAINPROJECT\PhytoVisionAI_Research\dataset\final_split\train\Castor\4530.jpg
train,Castor,4524.jpg,C:\Users\Kushal A\OneDrive\Desktop\MAINPROJECT\PhytoVisionAI_Research\dataset\final_split\train\Castor\4524.jpg
train,Castor,4558.jpg,C:\Users\Kushal A\OneDrive\Desktop\MAINPROJECT\PhytoVisionAI_Research\dataset\final_split\train\Castor\4558.jpg
train,Castor,4541.jpg,C:\Users\Kushal A\OneDrive\Desktop\MAINPROJECT\PhytoVisionAI_Research\dataset\final_split\train\Castor\4541.jpg
train,Castor,4539.jpg,C:\Users\Kushal A\OneDrive\Desktop\MAINPROJECT\PhytoVisionAI_Research\dataset\final_split\train\Castor\4539.jpg
train,Castor,4563.jpg,C:\Users\Kushal A\OneDrive\Desktop\MAINPROJECT\PhytoVisionAI_Research\dataset\final_split\train\Castor\4563.jpg
train,Castor,4521.jpg,C:\Users\Kushal A\OneDrive\Desktop\MAINPROJECT\PhytoVisionAI_Research\dataset\final_split\train\Castor\4521.jpg
train,Castor,4601.jpg,C:\Users\Kushal A\OneDrive\Desktop\MAINPROJECT\PhytoVisionAI_Research\dataset\final_split\train\Castor\4601.jpg
train,Castor,4584.jpg,C:\Users\Kushal A\OneDrive\Desktop\MAINPROJECT\PhytoVisionAI_Research\dataset\final_split\train\Castor\4584.jpg
train,Castor,4620.jpg,C:\Users\Kushal A\OneDrive\Desktop\MAINPROJECT\PhytoVisionAI_Research\dataset\final_split\train\Castor\4620.jpg
train,Castor,4567.jpg,C:\Users\Kushal A\OneDrive\Desktop\MAINPROJECT\PhytoVisionAI_Research\dataset\final_split\train\Castor\4567.jpg
train,Castor,4589.jpg,C:\Users\Kushal A\OneDrive\Desktop\MAINPROJECT\PhytoVisionAI_Research\dataset\final_split\train\Castor\4589.jpg
train,Castor,4520.jpg,C:\Users\Kushal A\OneDrive\Desktop\MAINPROJECT\PhytoVisionAI_Research\dataset\final_split\train\Castor\4520.jpg
train,Castor,4585.jpg,C:\Users\Kushal A\OneDrive\Desktop\MAINPROJECT\PhytoVisionAI_Research\dataset\final_split\train\Castor\4585.jpg
train,Castor,4575.jpg,C:\Users\Kushal A\OneDrive\Desktop\MAINPROJECT\PhytoVisionAI_Research\dataset\final_split\train\Castor\4575.jpg
train,Castor,885.jpg,C:\Users\Kushal A\OneDrive\Desktop\MAINPROJECT\PhytoVisionAI_Research\dataset\final_split\train\Castor\885.jpg
train,Castor,4600.jpg,C:\Users\Kushal A\OneDrive\Desktop\MAINPROJECT\PhytoVisionAI_Research\dataset\final_split\train\Castor\4600.jpg
train,Castor,4578.jpg,C:\Users\Kushal A\OneDrive\Desktop\MAINPROJECT\PhytoVisionAI_Research\dataset\final_split\train\Castor\4578.jpg
train,Castor,4548.jpg,C:\Users\Kushal A\OneDrive\Desktop\MAINPROJECT\PhytoVisionAI_Research\dataset\final_split\train\Castor\4548.jpg
train,Castor,4540.jpg,C:\Users\Kushal A\OneDrive\Desktop\MAINPROJECT\PhytoVisionAI_Research\dataset\final_split\train\Castor\4540.jpg
train,Castor,4555.jpg,C:\Users\Kushal A\OneDrive\Desktop\MAINPROJECT\PhytoVisionAI_Research\dataset\final_split\train\Castor\4555.jpg
train,Castor,4583.jpg,C:\Users\Kushal A\OneDrive\Desktop\MAINPROJECT\PhytoVisionAI_Research\dataset\final_split\train\Castor\4583.jpg
train,Castor,4543.jpg,C:\Users\Kushal A\OneDrive\Desktop\MAINPROJECT\PhytoVisionAI_Research\dataset\final_split\train\Castor\4543.jpg
train,Castor,4551.jpg,C:\Users\Kushal A\OneDrive\Desktop\MAINPROJECT\PhytoVisionAI_Research\dataset\final_split\train\Castor\4551.jpg
train,Castor,4538.jpg,C:\Users\Kushal A\OneDrive\Desktop\MAINPROJECT\PhytoVisionAI_Research\dataset\final_split\train\Castor\4538.jpg
train,Castor,4574.jpg,C:\Users\Kushal A\OneDrive\Desktop\MAINPROJECT\PhytoVisionAI_Research\dataset\final_split\train\Castor\4574.jpg
train,Castor,373.jpg,C:\Users\Kushal A\OneDrive\Desktop\MAINPROJECT\PhytoVisionAI_Research\dataset\final_split\train\Castor\373.jpg
train,Castor,4533.jpg,C:\Users\Kushal A\OneDrive\Desktop\MAINPROJECT\PhytoVisionAI_Research\dataset\final_split\train\Castor\4533.jpg
train,Castor,4554.jpg,C:\Users\Kushal A\OneDrive\Desktop\MAINPROJECT\PhytoVisionAI_Research\dataset\final_split\train\Castor\4554.jpg
train,Castor,4604.jpg,C:\Users\Kushal A\OneDrive\Desktop\MAINPROJECT\PhytoVisionAI_Research\dataset\final_split\train\Castor\4604.jpg
train,Castor,4528.jpg,C:\Users\Kushal A\OneDrive\Desktop\MAINPROJECT\PhytoVisionAI_Research\dataset\final_split\train\Castor\4528.jpg
train,Castor,4618.jpg,C:\Users\Kushal A\OneDrive\Desktop\MAINPROJECT\PhytoVisionAI_Research\dataset\final_split\train\Castor\4618.jpg
train,Castor,895.jpg,C:\Users\Kushal A\OneDrive\Desktop\MAINPROJECT\PhytoVisionAI_Research\dataset\final_split\train\Castor\895.jpg
train,Castor,4490.jpg,C:\Users\Kushal A\OneDrive\Desktop\MAINPROJECT\PhytoVisionAI_Research\dataset\final_split\train\Castor\4490.jpg
train,Castor,4513.jpg,C:\Users\Kushal A\OneDrive\Desktop\MAINPROJECT\PhytoVisionAI_Research\dataset\final_split\train\Castor\4513.jpg
train,Castor,4505.jpg,C:\Users\Kushal A\OneDrive\Desktop\MAINPROJECT\PhytoVisionAI_Research\dataset\final_split\train\Castor\4505.jpg
train,Castor,4597.jpg,C:\Users\Kushal A\OneDrive\Desktop\MAINPROJECT\PhytoVisionAI_Research\dataset\final_split\train\Castor\4597.jpg
train,Castor,4489.jpg,C:\Users\Kushal A\OneDrive\Desktop\MAINPROJECT\PhytoVisionAI_Research\dataset\final_split\train\Castor\4489.jpg
train,Castor,4529.jpg,C:\Users\Kushal A\OneDrive\Desktop\MAINPROJECT\PhytoVisionAI_Research\dataset\final_split\train\Castor\4529.jpg
train,Castor,4542.jpg,C:\Users\Kushal A\OneDrive\Desktop\MAINPROJECT\PhytoVisionAI_Research\dataset\final_split\train\Castor\4542.jpg
train,Castor,4552.jpg,C:\Users\Kushal A\OneDrive\Desktop\MAINPROJECT\PhytoVisionAI_Research\dataset\final_split\train\Castor\4552.jpg
train,Castor,4568.jpg,C:\Users\Kushal A\OneDrive\Desktop\MAINPROJECT\PhytoVisionAI_Research\dataset\final_split\train\Castor\4568.jpg
train,Castor,4545.jpg,C:\Users\Kushal A\OneDrive\Desktop\MAINPROJECT\PhytoVisionAI_Research\dataset\final_split\train\Castor\4545.jpg
train,Castor,4494.jpg,C:\Users\Kushal A\OneDrive\Desktop\MAINPROJECT\PhytoVisionAI_Research\dataset\final_split\train\Castor\4494.jpg
train,Castor,4502.jpg,C:\Users\Kushal A\OneDrive\Desktop\MAINPROJECT\PhytoVisionAI_Research\dataset\final_split\train\Castor\4502.jpg
train,Castor,4507.jpg,C:\Users\Kushal A\OneDrive\Desktop\MAINPROJECT\PhytoVisionAI_Research\dataset\final_split\train\Castor\4507.jpg
train,Castor,367.jpg,C:\Users\Kushal A\OneDrive\Desktop\MAINPROJECT\PhytoVisionAI_Research\dataset\final_split\train\Castor\367.jpg
train,Castor,375.jpg,C:\Users\Kushal A\OneDrive\Desktop\MAINPROJECT\PhytoVisionAI_Research\dataset\final_split\train\Castor\375.jpg
train,Castor,365.jpg,C:\Users\Kushal A\OneDrive\Desktop\MAINPROJECT\PhytoVisionAI_Research\dataset\final_split\train\Castor\365.jpg
train,Castor,4553.jpg,C:\Users\Kushal A\OneDrive\Desktop\MAINPROJECT\PhytoVisionAI_Research\dataset\final_split\train\Castor\4553.jpg
train,Curry_Leaf,3878.jpg,C:\Users\Kushal A\OneDrive\Desktop\MAINPROJECT\PhytoVisionAI_Research\dataset\final_split\train\Curry_Leaf\3878.jpg
train,Curry_Leaf,3964.jpg,C:\Users\Kushal A\OneDrive\Desktop\MAINPROJECT\PhytoVisionAI_Research\dataset\final_split\train\Curry_Leaf\3964.jpg
train,Curry_Leaf,3872.jpg,C:\Users\Kushal A\OneDrive\Desktop\MAINPROJECT\PhytoVisionAI_Research\dataset\final_split\train\Curry_Leaf\3872.jpg
train,Curry_Leaf,300.jpg,C:\Users\Kushal A\OneDrive\Desktop\MAINPROJECT\PhytoVisionAI_Research\dataset\final_split\train\Curry_Leaf\300.jpg
train,Curry_Leaf,304.jpg,C:\Users\Kushal A\OneDrive\Desktop\MAINPROJECT\PhytoVisionAI_Research\dataset\final_split\train\Curry_Leaf\304.jpg
train,Curry_Leaf,3950.jpg,C:\Users\Kushal A\OneDrive\Desktop\MAINPROJECT\PhytoVisionAI_Research\dataset\final_split\train\Curry_Leaf\3950.jpg
train,Curry_Leaf,mmpd_27 (99).jpg,C:\Users\Kushal A\OneDrive\Desktop\MAINPROJECT\PhytoVisionAI_Research\dataset\final_split\train\Curry_Leaf\mmpd_27 (99).jpg
train,Curry_Leaf,3898.jpg,C:\Users\Kushal A\OneDrive\Desktop\MAINPROJECT\PhytoVisionAI_Research\dataset\final_split\train\Curry_Leaf\3898.jpg
train,Curry_Leaf,3968.jpg,C:\Users\Kushal A\OneDrive\Desktop\MAINPROJECT\PhytoVisionAI_Research\dataset\final_split\train\Curry_Leaf\3968.jpg
train,Curry_Leaf,831.jpg,C:\Users\Kushal A\OneDrive\Desktop\MAINPROJECT\PhytoVisionAI_Research\dataset\final_split\train\Curry_Leaf\831.jpg
train,Curry_Leaf,mmpd_27 (68).jpg,C:\Users\Kushal A\OneDrive\Desktop\MAINPROJECT\PhytoVisionAI_Research\dataset\final_split\train\Curry_Leaf\mmpd_27 (68).jpg
train,Curry_Leaf,3894.jpg,C:\Users\Kushal A\OneDrive\Desktop\MAINPROJECT\PhytoVisionAI_Research\dataset\final_split\train\Curry_Leaf\3894.jpg
train,Curry_Leaf,mmpd_27 (74).jpg,C:\Users\Kushal A\OneDrive\Desktop\MAINPROJECT\PhytoVisionAI_Research\dataset\final_split\train\Curry_Leaf\mmpd_27 (74).jpg
train,Curry_Leaf,mmpd_27 (21).jpg,C:\Users\Kushal A\OneDrive\Desktop\MAINPROJECT\PhytoVisionAI_Research\dataset\final_split\train\Curry_Leaf\mmpd_27 (21).jpg
train,Curry_Leaf,3945.jpg,C:\Users\Kushal A\OneDrive\Desktop\MAINPROJECT\PhytoVisionAI_Research\dataset\final_split\train\Curry_Leaf\3945.jpg
train,Curry_Leaf,mmpd_27 (6).jpg,C:\Users\Kushal A\OneDrive\Desktop\MAINPROJECT\PhytoVisionAI_Research\dataset\final_split\train\Curry_Leaf\mmpd_27 (6).jpg
train,Curry_Leaf,3949.jpg,C:\Users\Kushal A\OneDrive\Desktop\MAINPROJECT\PhytoVisionAI_Research\dataset\final_split\train\Curry_Leaf\3949.jpg
train,Curry_Leaf,mmpd_27 (82).jpg,C:\Users\Kushal A\OneDrive\Desktop\MAINPROJECT\PhytoVisionAI_Research\dataset\final_split\train\Curry_Leaf\mmpd_27 (82).jpg
train,Curry_Leaf,827.jpg,C:\Users\Kushal A\OneDrive\Desktop\MAINPROJECT\PhytoVisionAI_Research\dataset\final_split\train\Curry_Leaf\827.jpg
train,Curry_Leaf,3869.jpg,C:\Users\Kushal A\OneDrive\Desktop\MAINPROJECT\PhytoVisionAI_Research\dataset\final_split\train\Curry_Leaf\3869.jpg
train,Curry_Leaf,3951.jpg,C:\Users\Kushal A\OneDrive\Desktop\MAINPROJECT\PhytoVisionAI_Research\dataset\final_split\train\Curry_Leaf\3951.jpg
train,Curry_Leaf,mmpd_27 (22).jpg,C:\Users\Kushal A\OneDrive\Desktop\MAINPROJECT\PhytoVisionAI_Research\dataset\final_split\train\Curry_Leaf\mmpd_27 (22).jpg
train,Curry_Leaf,824.jpg,C:\Users\Kushal A\OneDrive\Desktop\MAINPROJECT\PhytoVisionAI_Research\dataset\final_split\train\Curry_Leaf\824.jpg
train,Curry_Leaf,3901.jpg,C:\Users\Kushal A\OneDrive\Desktop\MAINPROJECT\PhytoVisionAI_Research\dataset\final_split\train\Curry_Leaf\3901.jpg
train,Curry_Leaf,mmpd_27 (56).jpg,C:\Users\Kushal A\OneDrive\Desktop\MAINPROJECT\PhytoVisionAI_Research\dataset\final_split\train\Curry_Leaf\mmpd_27 (56).jpg
train,Curry_Leaf,mmpd_27 (15).jpg,C:\Users\Kushal A\OneDrive\Desktop\MAINPROJECT\PhytoVisionAI_Research\dataset\final_split\train\Curry_Leaf\mmpd_27 (15).jpg
train,Curry_Leaf,312.jpg,C:\Users\Kushal A\OneDrive\Desktop\MAINPROJECT\PhytoVisionAI_Research\dataset\final_split\train\Curry_Leaf\312.jpg
train,Curry_Leaf,3893.jpg,C:\Users\Kushal A\OneDrive\Desktop\MAINPROJECT\PhytoVisionAI_Research\dataset\final_split\train\Curry_Leaf\3893.jpg
train,Curry_Leaf,mmpd_27 (2).jpg,C:\Users\Kushal A\OneDrive\Desktop\MAINPROJECT\PhytoVisionAI_Research\dataset\final_split\train\Curry_Leaf\mmpd_27 (2).jpg
train,Curry_Leaf,3910.jpg,C:\Users\Kushal A\OneDrive\Desktop\MAINPROJECT\PhytoVisionAI_Research\dataset\final_split\train\Curry_Leaf\3910.jpg
train,Curry_Leaf,3924.jpg,C:\Users\Kushal A\OneDrive\Desktop\MAINPROJECT\PhytoVisionAI_Research\dataset\final_split\train\Curry_Leaf\3924.jpg
train,Curry_Leaf,3967.jpg,C:\Users\Kushal A\OneDrive\Desktop\MAINPROJECT\PhytoVisionAI_Research\dataset\final_split\train\Curry_Leaf\3967.jpg
train,Curry_Leaf,mmpd_27 (52).jpg,C:\Users\Kushal A\OneDrive\Desktop\MAINPROJECT\PhytoVisionAI_Research\dataset\final_split\train\Curry_Leaf\mmpd_27 (52).jpg
train,Curry_Leaf,828.jpg,C:\Users\Kushal A\OneDrive\Desktop\MAINPROJECT\PhytoVisionAI_Research\dataset\final_split\train\Curry_Leaf\828.jpg
train,Curry_Leaf,mmpd_27 (9).jpg,C:\Users\Kushal A\OneDrive\Desktop\MAINPROJECT\PhytoVisionAI_Research\dataset\final_split\train\Curry_Leaf\mmpd_27 (9).jpg
train,Curry_Leaf,3888.jpg,C:\Users\Kushal A\OneDrive\Desktop\MAINPROJECT\PhytoVisionAI_Research\dataset\final_split\train\Curry_Leaf\3888.jpg
train,Curry_Leaf,mmpd_27 (76).jpg,C:\Users\Kushal A\OneDrive\Desktop\MAINPROJECT\PhytoVisionAI_Research\dataset\final_split\train\Curry_Leaf\mmpd_27 (76).jpg
train,Curry_Leaf,3907.jpg,C:\Users\Kushal A\OneDrive\Desktop\MAINPROJECT\PhytoVisionAI_Research\dataset\final_split\train\Curry_Leaf\3907.jpg
train,Curry_Leaf,3858.jpg,C:\Users\Kushal A\OneDrive\Desktop\MAINPROJECT\PhytoVisionAI_Research\dataset\final_split\train\Curry_Leaf\3858.jpg
train,Curry_Leaf,3965.jpg,C:\Users\Kushal A\OneDrive\Desktop\MAINPROJECT\PhytoVisionAI_Research\dataset\final_split\train\Curry_Leaf\3965.jpg
train,Curry_Leaf,3890.jpg,C:\Users\Kushal A\OneDrive\Desktop\MAINPROJECT\PhytoVisionAI_Research\dataset\final_split\train\Curry_Leaf\3890.jpg
train,Curry_Leaf,mmpd_27 (96).jpg,C:\Users\Kushal A\OneDrive\Desktop\MAINPROJECT\PhytoVisionAI_Research\dataset\final_split\train\Curry_Leaf\mmpd_27 (96).jpg
train,Curry_Leaf,3903.jpg,C:\Users\Kushal A\OneDrive\Desktop\MAINPROJECT\PhytoVisionAI_Research\dataset\final_split\train\Curry_Leaf\3903.jpg
train,Curry_Leaf,301.jpg,C:\Users\Kushal A\OneDrive\Desktop\MAINPROJECT\PhytoVisionAI_Research\dataset\final_split\train\Curry_Leaf\301.jpg
train,Curry_Leaf,302.jpg,C:\Users\Kushal A\OneDrive\Desktop\MAINPROJECT\PhytoVisionAI_Research\dataset\final_split\train\Curry_Leaf\302.jpg
train,Curry_Leaf,mmpd_27 (88).jpg,C:\Users\Kushal A\OneDrive\Desktop\MAINPROJECT\PhytoVisionAI_Research\dataset\final_split\train\Curry_Leaf\mmpd_27 (88).jpg
train,Curry_Leaf,820.jpg,C:\Users\Kushal A\OneDrive\Desktop\MAINPROJECT\PhytoVisionAI_Research\dataset\final_split\train\Curry_Leaf\820.jpg
train,Curry_Leaf,3929.jpg,C:\Users\Kushal A\OneDrive\Desktop\MAINPROJECT\PhytoVisionAI_Research\dataset\final_split\train\Curry_Leaf\3929.jpg
train,Curry_Leaf,3963.jpg,C:\Users\Kushal A\OneDrive\Desktop\MAINPROJECT\PhytoVisionAI_Research\dataset\final_split\train\Curry_Leaf\3963.jpg
train,Curry_Leaf,mmpd_27 (4).jpg,C:\Users\Kushal A\OneDrive\Desktop\MAINPROJECT\PhytoVisionAI_Research\dataset\final_split\train\Curry_Leaf\mmpd_27 (4).jpg
train,Curry_Leaf,mmpd_27 (80).jpg,C:\Users\Kushal A\OneDrive\Desktop\MAINPROJECT\PhytoVisionAI_Research\dataset\final_split\train\Curry_Leaf\mmpd_27 (80).jpg
train,Curry_Leaf,3930.jpg,C:\Users\Kushal A\OneDrive\Desktop\MAINPROJECT\PhytoVisionAI_Research\dataset\final_split\train\Curry_Leaf\3930.jpg
train,Curry_Leaf,mmpd_27 (53).jpg,C:\Users\Kushal A\OneDrive\Desktop\MAINPROJECT\PhytoVisionAI_Research\dataset\final_split\train\Curry_Leaf\mmpd_27 (53).jpg
train,Curry_Leaf,mmpd_27 (10).jpg,C:\Users\Kushal A\OneDrive\Desktop\MAINPROJECT\PhytoVisionAI_Research\dataset\final_split\train\Curry_Leaf\mmpd_27 (10).jpg
train,Curry_Leaf,3882.jpg,C:\Users\Kushal A\OneDrive\Desktop\MAINPROJECT\PhytoVisionAI_Research\dataset\final_split\train\Curry_Leaf\3882.jpg
train,Curry_Leaf,825.jpg,C:\Users\Kushal A\OneDrive\Desktop\MAINPROJECT\PhytoVisionAI_Research\dataset\final_split\train\Curry_Leaf\825.jpg
train,Curry_Leaf,3917.jpg,C:\Users\Kushal A\OneDrive\Desktop\MAINPROJECT\PhytoVisionAI_Research\dataset\final_split\train\Curry_Leaf\3917.jpg
train,Curry_Leaf,3914.jpg,C:\Users\Kushal A\OneDrive\Desktop\MAINPROJECT\PhytoVisionAI_Research\dataset\final_split\train\Curry_Leaf\3914.jpg
train,Curry_Leaf,305.jpg,C:\Users\Kushal A\OneDrive\Desktop\MAINPROJECT\PhytoVisionAI_Research\dataset\final_split\train\Curry_Leaf\305.jpg
train,Curry_Leaf,829.jpg,C:\Users\Kushal A\OneDrive\Desktop\MAINPROJECT\PhytoVisionAI_Research\dataset\final_split\train\Curry_Leaf\829.jpg
train,Curry_Leaf,3952.jpg,C:\Users\Kushal A\OneDrive\Desktop\MAINPROJECT\PhytoVisionAI_Research\dataset\final_split\train\Curry_Leaf\3952.jpg
train,Curry_Leaf,mmpd_27 (44).jpg,C:\Users\Kushal A\OneDrive\Desktop\MAINPROJECT\PhytoVisionAI_Research\dataset\final_split\train\Curry_Leaf\mmpd_27 (44).jpg
train,Curry_Leaf,mmpd_27 (73).jpg,C:\Users\Kushal A\OneDrive\Desktop\MAINPROJECT\PhytoVisionAI_Research\dataset\final_split\train\Curry_Leaf\mmpd_27 (73).jpg
train,Curry_Leaf,mmpd_27 (30).jpg,C:\Users\Kushal A\OneDrive\Desktop\MAINPROJECT\PhytoVisionAI_Research\dataset\final_split\train\Curry_Leaf\mmpd_27 (30).jpg
train,Curry_Leaf,mmpd_27 (39).jpg,C:\Users\Kushal A\OneDrive\Desktop\MAINPROJECT\PhytoVisionAI_Research\dataset\final_split\train\Curry_Leaf\mmpd_27 (39).jpg
train,Curry_Leaf,mmpd_27 (35).jpg,C:\Users\Kushal A\OneDrive\Desktop\MAINPROJECT\PhytoVisionAI_Research\dataset\final_split\train\Curry_Leaf\mmpd_27 (35).jpg
train,Curry_Leaf,mmpd_27 (41).jpg,C:\Users\Kushal A\OneDrive\Desktop\MAINPROJECT\PhytoVisionAI_Research\dataset\final_split\train\Curry_Leaf\mmpd_27 (41).jpg
train,Curry_Leaf,mmpd_27 (87).jpg,C:\Users\Kushal A\OneDrive\Desktop\MAINPROJECT\PhytoVisionAI_Research\dataset\final_split\train\Curry_Leaf\mmpd_27 (87).jpg
train,Curry_Leaf,mmpd_27 (46).jpg,C:\Users\Kushal A\OneDrive\Desktop\MAINPROJECT\PhytoVisionAI_Research\dataset\final_split\train\Curry_Leaf\mmpd_27 (46).jpg
train,Curry_Leaf,3922.jpg,C:\Users\Kushal A\OneDrive\Desktop\MAINPROJECT\PhytoVisionAI_Research\dataset\final_split\train\Curry_Leaf\3922.jpg
train,Curry_Leaf,mmpd_27 (25).jpg,C:\Users\Kushal A\OneDrive\Desktop\MAINPROJECT\PhytoVisionAI_Research\dataset\final_split\train\Curry_Leaf\mmpd_27 (25).jpg
train,Curry_Leaf,3873.jpg,C:\Users\Kushal A\OneDrive\Desktop\MAINPROJECT\PhytoVisionAI_Research\dataset\final_split\train\Curry_Leaf\3873.jpg
train,Curry_Leaf,3886.jpg,C:\Users\Kushal A\OneDrive\Desktop\MAINPROJECT\PhytoVisionAI_Research\dataset\final_split\train\Curry_Leaf\3886.jpg
train,Curry_Leaf,mmpd_27 (75).jpg,C:\Users\Kushal A\OneDrive\Desktop\MAINPROJECT\PhytoVisionAI_Research\dataset\final_split\train\Curry_Leaf\mmpd_27 (75).jpg
train,Curry_Leaf,mmpd_27 (86).jpg,C:\Users\Kushal A\OneDrive\Desktop\MAINPROJECT\PhytoVisionAI_Research\dataset\final_split\train\Curry_Leaf\mmpd_27 (86).jpg
train,Curry_Leaf,3883.jpg,C:\Users\Kushal A\OneDrive\Desktop\MAINPROJECT\PhytoVisionAI_Research\dataset\final_split\train\Curry_Leaf\3883.jpg
train,Curry_Leaf,mmpd_27 (28).jpg,C:\Users\Kushal A\OneDrive\Desktop\MAINPROJECT\PhytoVisionAI_Research\dataset\final_split\train\Curry_Leaf\mmpd_27 (28).jpg
train,Curry_Leaf,mmpd_27 (64).jpg,C:\Users\Kushal A\OneDrive\Desktop\MAINPROJECT\PhytoVisionAI_Research\dataset\final_split\train\Curry_Leaf\mmpd_27 (64).jpg
train,Curry_Leaf,3860.jpg,C:\Users\Kushal A\OneDrive\Desktop\MAINPROJECT\PhytoVisionAI_Research\dataset\final_split\train\Curry_Leaf\3860.jpg
train,Curry_Leaf,mmpd_27 (47).jpg,C:\Users\Kushal A\OneDrive\Desktop\MAINPROJECT\PhytoVisionAI_Research\dataset\final_split\train\Curry_Leaf\mmpd_27 (47).jpg
train,Curry_Leaf,3909.jpg,C:\Users\Kushal A\OneDrive\Desktop\MAINPROJECT\PhytoVisionAI_Research\dataset\final_split\train\Curry_Leaf\3909.jpg
train,Curry_Leaf,3900.jpg,C:\Users\Kushal A\OneDrive\Desktop\MAINPROJECT\PhytoVisionAI_Research\dataset\final_split\train\Curry_Leaf\3900.jpg
train,Curry_Leaf,mmpd_27 (60).jpg,C:\Users\Kushal A\OneDrive\Desktop\MAINPROJECT\PhytoVisionAI_Research\dataset\final_split\train\Curry_Leaf\mmpd_27 (60).jpg
train,Curry_Leaf,3868.jpg,C:\Users\Kushal A\OneDrive\Desktop\MAINPROJECT\PhytoVisionAI_Research\dataset\final_split\train\Curry_Leaf\3868.jpg
train,Curry_Leaf,mmpd_27 (72).jpg,C:\Users\Kushal A\OneDrive\Desktop\MAINPROJECT\PhytoVisionAI_Research\dataset\final_split\train\Curry_Leaf\mmpd_27 (72).jpg
train,Curry_Leaf,823.jpg,C:\Users\Kushal A\OneDrive\Desktop\MAINPROJECT\PhytoVisionAI_Research\dataset\final_split\train\Curry_Leaf\823.jpg
train,Curry_Leaf,mmpd_27 (43).jpg,C:\Users\Kushal A\OneDrive\Desktop\MAINPROJECT\PhytoVisionAI_Research\dataset\final_split\train\Curry_Leaf\mmpd_27 (43).jpg
train,Curry_Leaf,3941.jpg,C:\Users\Kushal A\OneDrive\Desktop\MAINPROJECT\PhytoVisionAI_Research\dataset\final_split\train\Curry_Leaf\3941.jpg
train,Curry_Leaf,3975.jpg,C:\Users\Kushal A\OneDrive\Desktop\MAINPROJECT\PhytoVisionAI_Research\dataset\final_split\train\Curry_Leaf\3975.jpg
train,Curry_Leaf,mmpd_27 (11).jpg,C:\Users\Kushal A\OneDrive\Desktop\MAINPROJECT\PhytoVisionAI_Research\dataset\final_split\train\Curry_Leaf\mmpd_27 (11).jpg
train,Curry_Leaf,3932.jpg,C:\Users\Kushal A\OneDrive\Desktop\MAINPROJECT\PhytoVisionAI_Research\dataset\final_split\train\Curry_Leaf\3932.jpg
train,Curry_Leaf,mmpd_27 (100).jpg,C:\Users\Kushal A\OneDrive\Desktop\MAINPROJECT\PhytoVisionAI_Research\dataset\final_split\train\Curry_Leaf\mmpd_27 (100).jpg
train,Curry_Leaf,3973.jpg,C:\Users\Kushal A\OneDrive\Desktop\MAINPROJECT\PhytoVisionAI_Research\dataset\final_split\train\Curry_Leaf\3973.jpg
train,Curry_Leaf,3942.jpg,C:\Users\Kushal A\OneDrive\Desktop\MAINPROJECT\PhytoVisionAI_Research\dataset\final_split\train\Curry_Leaf\3942.jpg
train,Curry_Leaf,mmpd_27 (77).jpg,C:\Users\Kushal A\OneDrive\Desktop\MAINPROJECT\PhytoVisionAI_Research\dataset\final_split\train\Curry_Leaf\mmpd_27 (77).jpg
train,Curry_Leaf,mmpd_27 (50).jpg,C:\Users\Kushal A\OneDrive\Desktop\MAINPROJECT\PhytoVisionAI_Research\dataset\final_split\train\Curry_Leaf\mmpd_27 (50).jpg
train,Curry_Leaf,mmpd_27 (59).jpg,C:\Users\Kushal A\OneDrive\Desktop\MAINPROJECT\PhytoVisionAI_Research\dataset\final_split\train\Curry_Leaf\mmpd_27 (59).jpg
train,Curry_Leaf,309.jpg,C:\Users\Kushal A\OneDrive\Desktop\MAINPROJECT\PhytoVisionAI_Research\dataset\final_split\train\Curry_Leaf\309.jpg
train,Curry_Leaf,3961.jpg,C:\Users\Kushal A\OneDrive\Desktop\MAINPROJECT\PhytoVisionAI_Research\dataset\final_split\train\Curry_Leaf\3961.jpg
train,Curry_Leaf,3966.jpg,C:\Users\Kushal A\OneDrive\Desktop\MAINPROJECT\PhytoVisionAI_Research\dataset\final_split\train\Curry_Leaf\3966.jpg
train,Curry_Leaf,mmpd_27 (66).jpg,C:\Users\Kushal A\OneDrive\Desktop\MAINPROJECT\PhytoVisionAI_Research\dataset\final_split\train\Curry_Leaf\mmpd_27 (66).jpg
train,Curry_Leaf,3897.jpg,C:\Users\Kushal A\OneDrive\Desktop\MAINPROJECT\PhytoVisionAI_Research\dataset\final_split\train\Curry_Leaf\3897.jpg
train,Curry_Leaf,mmpd_27 (12).jpg,C:\Users\Kushal A\OneDrive\Desktop\MAINPROJECT\PhytoVisionAI_Research\dataset\final_split\train\Curry_Leaf\mmpd_27 (12).jpg
train,Curry_Leaf,3906.jpg,C:\Users\Kushal A\OneDrive\Desktop\MAINPROJECT\PhytoVisionAI_Research\dataset\final_split\train\Curry_Leaf\3906.jpg
train,Curry_Leaf,3974.jpg,C:\Users\Kushal A\OneDrive\Desktop\MAINPROJECT\PhytoVisionAI_Research\dataset\final_split\train\Curry_Leaf\3974.jpg
train,Curry_Leaf,3936.jpg,C:\Users\Kushal A\OneDrive\Desktop\MAINPROJECT\PhytoVisionAI_Research\dataset\final_split\train\Curry_Leaf\3936.jpg
train,Curry_Leaf,3895.jpg,C:\Users\Kushal A\OneDrive\Desktop\MAINPROJECT\PhytoVisionAI_Research\dataset\final_split\train\Curry_Leaf\3895.jpg
train,Curry_Leaf,mmpd_27 (32).jpg,C:\Users\Kushal A\OneDrive\Desktop\MAINPROJECT\PhytoVisionAI_Research\dataset\final_split\train\Curry_Leaf\mmpd_27 (32).jpg
train,Curry_Leaf,mmpd_27 (34).jpg,C:\Users\Kushal A\OneDrive\Desktop\MAINPROJECT\PhytoVisionAI_Research\dataset\final_split\train\Curry_Leaf\mmpd_27 (34).jpg
train,Curry_Leaf,311.jpg,C:\Users\Kushal A\OneDrive\Desktop\MAINPROJECT\PhytoVisionAI_Research\dataset\final_split\train\Curry_Leaf\311.jpg
train,Curry_Leaf,mmpd_27 (71).jpg,C:\Users\Kushal A\OneDrive\Desktop\MAINPROJECT\PhytoVisionAI_Research\dataset\final_split\train\Curry_Leaf\mmpd_27 (71).jpg
train,Curry_Leaf,821.jpg,C:\Users\Kushal A\OneDrive\Desktop\MAINPROJECT\PhytoVisionAI_Research\dataset\final_split\train\Curry_Leaf\821.jpg
train,Curry_Leaf,3962.jpg,C:\Users\Kushal A\OneDrive\Desktop\MAINPROJECT\PhytoVisionAI_Research\dataset\final_split\train\Curry_Leaf\3962.jpg
train,Curry_Leaf,3947.jpg,C:\Users\Kushal A\OneDrive\Desktop\MAINPROJECT\PhytoVisionAI_Research\dataset\final_split\train\Curry_Leaf\3947.jpg
train,Curry_Leaf,3904.jpg,C:\Users\Kushal A\OneDrive\Desktop\MAINPROJECT\PhytoVisionAI_Research\dataset\final_split\train\Curry_Leaf\3904.jpg
train,Curry_Leaf,mmpd_27 (18).jpg,C:\Users\Kushal A\OneDrive\Desktop\MAINPROJECT\PhytoVisionAI_Research\dataset\final_split\train\Curry_Leaf\mmpd_27 (18).jpg
train,Curry_Leaf,mmpd_27 (27).jpg,C:\Users\Kushal A\OneDrive\Desktop\MAINPROJECT\PhytoVisionAI_Research\dataset\final_split\train\Curry_Leaf\mmpd_27 (27).jpg
train,Curry_Leaf,mmpd_27 (58).jpg,C:\Users\Kushal A\OneDrive\Desktop\MAINPROJECT\PhytoVisionAI_Research\dataset\final_split\train\Curry_Leaf\mmpd_27 (58).jpg
train,Curry_Leaf,mmpd_27 (8).jpg,C:\Users\Kushal A\OneDrive\Desktop\MAINPROJECT\PhytoVisionAI_Research\dataset\final_split\train\Curry_Leaf\mmpd_27 (8).jpg
train,Curry_Leaf,303.jpg,C:\Users\Kushal A\OneDrive\Desktop\MAINPROJECT\PhytoVisionAI_Research\dataset\final_split\train\Curry_Leaf\303.jpg
train,Curry_Leaf,mmpd_27 (20).jpg,C:\Users\Kushal A\OneDrive\Desktop\MAINPROJECT\PhytoVisionAI_Research\dataset\final_split\train\Curry_Leaf\mmpd_27 (20).jpg
train,Curry_Leaf,3969.jpg,C:\Users\Kushal A\OneDrive\Desktop\MAINPROJECT\PhytoVisionAI_Research\dataset\final_split\train\Curry_Leaf\3969.jpg
train,Curry_Leaf,mmpd_27 (13).jpg,C:\Users\Kushal A\OneDrive\Desktop\MAINPROJECT\PhytoVisionAI_Research\dataset\final_split\train\Curry_Leaf\mmpd_27 (13).jpg
train,Curry_Leaf,mmpd_27 (40).jpg,C:\Users\Kushal A\OneDrive\Desktop\MAINPROJECT\PhytoVisionAI_Research\dataset\final_split\train\Curry_Leaf\mmpd_27 (40).jpg
train,Curry_Leaf,mmpd_27 (23).jpg,C:\Users\Kushal A\OneDrive\Desktop\MAINPROJECT\PhytoVisionAI_Research\dataset\final_split\train\Curry_Leaf\mmpd_27 (23).jpg
train,Curry_Leaf,3870.jpg,C:\Users\Kushal A\OneDrive\Desktop\MAINPROJECT\PhytoVisionAI_Research\dataset\final_split\train\Curry_Leaf\3870.jpg
train,Curry_Leaf,3971.jpg,C:\Users\Kushal A\OneDrive\Desktop\MAINPROJECT\PhytoVisionAI_Research\dataset\final_split\train\Curry_Leaf\3971.jpg
train,Curry_Leaf,mmpd_27 (14).jpg,C:\Users\Kushal A\OneDrive\Desktop\MAINPROJECT\PhytoVisionAI_Research\dataset\final_split\train\Curry_Leaf\mmpd_27 (14).jpg
train,Curry_Leaf,3902.jpg,C:\Users\Kushal A\OneDrive\Desktop\MAINPROJECT\PhytoVisionAI_Research\dataset\final_split\train\Curry_Leaf\3902.jpg
train,Curry_Leaf,mmpd_27 (93).jpg,C:\Users\Kushal A\OneDrive\Desktop\MAINPROJECT\PhytoVisionAI_Research\dataset\final_split\train\Curry_Leaf\mmpd_27 (93).jpg
train,Curry_Leaf,mmpd_27 (79).jpg,C:\Users\Kushal A\OneDrive\Desktop\MAINPROJECT\PhytoVisionAI_Research\dataset\final_split\train\Curry_Leaf\mmpd_27 (79).jpg
train,Curry_Leaf,mmpd_27 (48).jpg,C:\Users\Kushal A\OneDrive\Desktop\MAINPROJECT\PhytoVisionAI_Research\dataset\final_split\train\Curry_Leaf\mmpd_27 (48).jpg
train,Curry_Leaf,3921.jpg,C:\Users\Kushal A\OneDrive\Desktop\MAINPROJECT\PhytoVisionAI_Research\dataset\final_split\train\Curry_Leaf\3921.jpg
train,Curry_Leaf,3919.jpg,C:\Users\Kushal A\OneDrive\Desktop\MAINPROJECT\PhytoVisionAI_Research\dataset\final_split\train\Curry_Leaf\3919.jpg
train,Curry_Leaf,3861.jpg,C:\Users\Kushal A\OneDrive\Desktop\MAINPROJECT\PhytoVisionAI_Research\dataset\final_split\train\Curry_Leaf\3861.jpg
train,Curry_Leaf,3933.jpg,C:\Users\Kushal A\OneDrive\Desktop\MAINPROJECT\PhytoVisionAI_Research\dataset\final_split\train\Curry_Leaf\3933.jpg
train,Curry_Leaf,3926.jpg,C:\Users\Kushal A\OneDrive\Desktop\MAINPROJECT\PhytoVisionAI_Research\dataset\final_split\train\Curry_Leaf\3926.jpg
train,Curry_Leaf,3867.jpg,C:\Users\Kushal A\OneDrive\Desktop\MAINPROJECT\PhytoVisionAI_Research\dataset\final_split\train\Curry_Leaf\3867.jpg
train,Curry_Leaf,mmpd_27 (29).jpg,C:\Users\Kushal A\OneDrive\Desktop\MAINPROJECT\PhytoVisionAI_Research\dataset\final_split\train\Curry_Leaf\mmpd_27 (29).jpg
train,Curry_Leaf,3889.jpg,C:\Users\Kushal A\OneDrive\Desktop\MAINPROJECT\PhytoVisionAI_Research\dataset\final_split\train\Curry_Leaf\3889.jpg
train,Curry_Leaf,mmpd_27 (54).jpg,C:\Users\Kushal A\OneDrive\Desktop\MAINPROJECT\PhytoVisionAI_Research\dataset\final_split\train\Curry_Leaf\mmpd_27 (54).jpg
train,Curry_Leaf,3863.jpg,C:\Users\Kushal A\OneDrive\Desktop\MAINPROJECT\PhytoVisionAI_Research\dataset\final_split\train\Curry_Leaf\3863.jpg
train,Curry_Leaf,3879.jpg,C:\Users\Kushal A\OneDrive\Desktop\MAINPROJECT\PhytoVisionAI_Research\dataset\final_split\train\Curry_Leaf\3879.jpg
train,Curry_Leaf,3876.jpg,C:\Users\Kushal A\OneDrive\Desktop\MAINPROJECT\PhytoVisionAI_Research\dataset\final_split\train\Curry_Leaf\3876.jpg
train,Curry_Leaf,3896.jpg,C:\Users\Kushal A\OneDrive\Desktop\MAINPROJECT\PhytoVisionAI_Research\dataset\final_split\train\Curry_Leaf\3896.jpg
train,Curry_Leaf,3970.jpg,C:\Users\Kushal A\OneDrive\Desktop\MAINPROJECT\PhytoVisionAI_Research\dataset\final_split\train\Curry_Leaf\3970.jpg
train,Curry_Leaf,3918.jpg,C:\Users\Kushal A\OneDrive\Desktop\MAINPROJECT\PhytoVisionAI_Research\dataset\final_split\train\Curry_Leaf\3918.jpg
train,Curry_Leaf,3899.jpg,C:\Users\Kushal A\OneDrive\Desktop\MAINPROJECT\PhytoVisionAI_Research\dataset\final_split\train\Curry_Leaf\3899.jpg
train,Curry_Leaf,mmpd_27 (63).jpg,C:\Users\Kushal A\OneDrive\Desktop\MAINPROJECT\PhytoVisionAI_Research\dataset\final_split\train\Curry_Leaf\mmpd_27 (63).jpg
train,Curry_Leaf,3911.jpg,C:\Users\Kushal A\OneDrive\Desktop\MAINPROJECT\PhytoVisionAI_Research\dataset\final_split\train\Curry_Leaf\3911.jpg
train,Curry_Leaf,3912.jpg,C:\Users\Kushal A\OneDrive\Desktop\MAINPROJECT\PhytoVisionAI_Research\dataset\final_split\train\Curry_Leaf\3912.jpg
train,Curry_Leaf,3875.jpg,C:\Users\Kushal A\OneDrive\Desktop\MAINPROJECT\PhytoVisionAI_Research\dataset\final_split\train\Curry_Leaf\3875.jpg
train,Curry_Leaf,830.jpg,C:\Users\Kushal A\OneDrive\Desktop\MAINPROJECT\PhytoVisionAI_Research\dataset\final_split\train\Curry_Leaf\830.jpg
train,Curry_Leaf,3944.jpg,C:\Users\Kushal A\OneDrive\Desktop\MAINPROJECT\PhytoVisionAI_Research\dataset\final_split\train\Curry_Leaf\3944.jpg
train,Curry_Leaf,mmpd_27 (89).jpg,C:\Users\Kushal A\OneDrive\Desktop\MAINPROJECT\PhytoVisionAI_Research\dataset\final_split\train\Curry_Leaf\mmpd_27 (89).jpg
train,Curry_Leaf,mmpd_27 (92).jpg,C:\Users\Kushal A\OneDrive\Desktop\MAINPROJECT\PhytoVisionAI_Research\dataset\final_split\train\Curry_Leaf\mmpd_27 (92).jpg
train,Curry_Leaf,mmpd_27 (95).jpg,C:\Users\Kushal A\OneDrive\Desktop\MAINPROJECT\PhytoVisionAI_Research\dataset\final_split\train\Curry_Leaf\mmpd_27 (95).jpg
train,Curry_Leaf,306.jpg,C:\Users\Kushal A\OneDrive\Desktop\MAINPROJECT\PhytoVisionAI_Research\dataset\final_split\train\Curry_Leaf\306.jpg
train,Curry_Leaf,3874.jpg,C:\Users\Kushal A\OneDrive\Desktop\MAINPROJECT\PhytoVisionAI_Research\dataset\final_split\train\Curry_Leaf\3874.jpg
train,Curry_Leaf,3908.jpg,C:\Users\Kushal A\OneDrive\Desktop\MAINPROJECT\PhytoVisionAI_Research\dataset\final_split\train\Curry_Leaf\3908.jpg
train,Curry_Leaf,3916.jpg,C:\Users\Kushal A\OneDrive\Desktop\MAINPROJECT\PhytoVisionAI_Research\dataset\final_split\train\Curry_Leaf\3916.jpg
train,Curry_Leaf,3925.jpg,C:\Users\Kushal A\OneDrive\Desktop\MAINPROJECT\PhytoVisionAI_Research\dataset\final_split\train\Curry_Leaf\3925.jpg
train,Curry_Leaf,3946.jpg,C:\Users\Kushal A\OneDrive\Desktop\MAINPROJECT\PhytoVisionAI_Research\dataset\final_split\train\Curry_Leaf\3946.jpg
train,Curry_Leaf,mmpd_27 (38).jpg,C:\Users\Kushal A\OneDrive\Desktop\MAINPROJECT\PhytoVisionAI_Research\dataset\final_split\train\Curry_Leaf\mmpd_27 (38).jpg
train,Curry_Leaf,822.jpg,C:\Users\Kushal A\OneDrive\Desktop\MAINPROJECT\PhytoVisionAI_Research\dataset\final_split\train\Curry_Leaf\822.jpg
train,Curry_Leaf,3880.jpg,C:\Users\Kushal A\OneDrive\Desktop\MAINPROJECT\PhytoVisionAI_Research\dataset\final_split\train\Curry_Leaf\3880.jpg
train,Curry_Leaf,mmpd_27 (1).jpg,C:\Users\Kushal A\OneDrive\Desktop\MAINPROJECT\PhytoVisionAI_Research\dataset\final_split\train\Curry_Leaf\mmpd_27 (1).jpg
train,Curry_Leaf,mmpd_27 (55).jpg,C:\Users\Kushal A\OneDrive\Desktop\MAINPROJECT\PhytoVisionAI_Research\dataset\final_split\train\Curry_Leaf\mmpd_27 (55).jpg
train,Curry_Leaf,mmpd_27 (65).jpg,C:\Users\Kushal A\OneDrive\Desktop\MAINPROJECT\PhytoVisionAI_Research\dataset\final_split\train\Curry_Leaf\mmpd_27 (65).jpg
train,Curry_Leaf,3940.jpg,C:\Users\Kushal A\OneDrive\Desktop\MAINPROJECT\PhytoVisionAI_Research\dataset\final_split\train\Curry_Leaf\3940.jpg
train,Curry_Leaf,mmpd_27 (91).jpg,C:\Users\Kushal A\OneDrive\Desktop\MAINPROJECT\PhytoVisionAI_Research\dataset\final_split\train\Curry_Leaf\mmpd_27 (91).jpg
train,Curry_Leaf,3960.jpg,C:\Users\Kushal A\OneDrive\Desktop\MAINPROJECT\PhytoVisionAI_Research\dataset\final_split\train\Curry_Leaf\3960.jpg
train,Doddapatre,5411.jpg,C:\Users\Kushal A\OneDrive\Desktop\MAINPROJECT\PhytoVisionAI_Research\dataset\final_split\train\Doddapatre\5411.jpg
train,Doddapatre,979.jpg,C:\Users\Kushal A\OneDrive\Desktop\MAINPROJECT\PhytoVisionAI_Research\dataset\final_split\train\Doddapatre\979.jpg
train,Doddapatre,5442.jpg,C:\Users\Kushal A\OneDrive\Desktop\MAINPROJECT\PhytoVisionAI_Research\dataset\final_split\train\Doddapatre\5442.jpg
train,Doddapatre,5441.jpg,C:\Users\Kushal A\OneDrive\Desktop\MAINPROJECT\PhytoVisionAI_Research\dataset\final_split\train\Doddapatre\5441.jpg
train,Doddapatre,5408.jpg,C:\Users\Kushal A\OneDrive\Desktop\MAINPROJECT\PhytoVisionAI_Research\dataset\final_split\train\Doddapatre\5408.jpg
train,Doddapatre,460.jpg,C:\Users\Kushal A\OneDrive\Desktop\MAINPROJECT\PhytoVisionAI_Research\dataset\final_split\train\Doddapatre\460.jpg
train,Doddapatre,5359.jpg,C:\Users\Kushal A\OneDrive\Desktop\MAINPROJECT\PhytoVisionAI_Research\dataset\final_split\train\Doddapatre\5359.jpg
train,Doddapatre,459.jpg,C:\Users\Kushal A\OneDrive\Desktop\MAINPROJECT\PhytoVisionAI_Research\dataset\final_split\train\Doddapatre\459.jpg
train,Doddapatre,5347.jpg,C:\Users\Kushal A\OneDrive\Desktop\MAINPROJECT\PhytoVisionAI_Research\dataset\final_split\train\Doddapatre\5347.jpg
train,Doddapatre,5423.jpg,C:\Users\Kushal A\OneDrive\Desktop\MAINPROJECT\PhytoVisionAI_Research\dataset\final_split\train\Doddapatre\5423.jpg
train,Doddapatre,5361.jpg,C:\Users\Kushal A\OneDrive\Desktop\MAINPROJECT\PhytoVisionAI_Research\dataset\final_split\train\Doddapatre\5361.jpg
train,Doddapatre,5454.jpg,C:\Users\Kushal A\OneDrive\Desktop\MAINPROJECT\PhytoVisionAI_Research\dataset\final_split\train\Doddapatre\5454.jpg
train,Doddapatre,5406.jpg,C:\Users\Kushal A\OneDrive\Desktop\MAINPROJECT\PhytoVisionAI_Research\dataset\final_split\train\Doddapatre\5406.jpg
train,Doddapatre,5420.jpg,C:\Users\Kushal A\OneDrive\Desktop\MAINPROJECT\PhytoVisionAI_Research\dataset\final_split\train\Doddapatre\5420.jpg
train,Doddapatre,5395.jpg,C:\Users\Kushal A\OneDrive\Desktop\MAINPROJECT\PhytoVisionAI_Research\dataset\final_split\train\Doddapatre\5395.jpg
train,Doddapatre,5462.jpg,C:\Users\Kushal A\OneDrive\Desktop\MAINPROJECT\PhytoVisionAI_Research\dataset\final_split\train\Doddapatre\5462.jpg
train,Doddapatre,5437.jpg,C:\Users\Kushal A\OneDrive\Desktop\MAINPROJECT\PhytoVisionAI_Research\dataset\final_split\train\Doddapatre\5437.jpg
train,Doddapatre,5386.jpg,C:\Users\Kushal A\OneDrive\Desktop\MAINPROJECT\PhytoVisionAI_Research\dataset\final_split\train\Doddapatre\5386.jpg
train,Doddapatre,985.jpg,C:\Users\Kushal A\OneDrive\Desktop\MAINPROJECT\PhytoVisionAI_Research\dataset\final_split\train\Doddapatre\985.jpg
train,Doddapatre,5432.jpg,C:\Users\Kushal A\OneDrive\Desktop\MAINPROJECT\PhytoVisionAI_Research\dataset\final_split\train\Doddapatre\5432.jpg
train,Doddapatre,5450.jpg,C:\Users\Kushal A\OneDrive\Desktop\MAINPROJECT\PhytoVisionAI_Research\dataset\final_split\train\Doddapatre\5450.jpg
train,Doddapatre,5410.jpg,C:\Users\Kushal A\OneDrive\Desktop\MAINPROJECT\PhytoVisionAI_Research\dataset\final_split\train\Doddapatre\5410.jpg
train,Doddapatre,5422.jpg,C:\Users\Kushal A\OneDrive\Desktop\MAINPROJECT\PhytoVisionAI_Research\dataset\final_split\train\Doddapatre\5422.jpg
train,Doddapatre,456.jpg,C:\Users\Kushal A\OneDrive\Desktop\MAINPROJECT\PhytoVisionAI_Research\dataset\final_split\train\Doddapatre\456.jpg
train,Doddapatre,5463.jpg,C:\Users\Kushal A\OneDrive\Desktop\MAINPROJECT\PhytoVisionAI_Research\dataset\final_split\train\Doddapatre\5463.jpg
train,Doddapatre,5355.jpg,C:\Users\Kushal A\OneDrive\Desktop\MAINPROJECT\PhytoVisionAI_Research\dataset\final_split\train\Doddapatre\5355.jpg
train,Doddapatre,5389.jpg,C:\Users\Kushal A\OneDrive\Desktop\MAINPROJECT\PhytoVisionAI_Research\dataset\final_split\train\Doddapatre\5389.jpg
train,Doddapatre,5412.jpg,C:\Users\Kushal A\OneDrive\Desktop\MAINPROJECT\PhytoVisionAI_Research\dataset\final_split\train\Doddapatre\5412.jpg
train,Doddapatre,5387.jpg,C:\Users\Kushal A\OneDrive\Desktop\MAINPROJECT\PhytoVisionAI_Research\dataset\final_split\train\Doddapatre\5387.jpg
train,Doddapatre,5402.jpg,C:\Users\Kushal A\OneDrive\Desktop\MAINPROJECT\PhytoVisionAI_Research\dataset\final_split\train\Doddapatre\5402.jpg
train,Doddapatre,5433.jpg,C:\Users\Kushal A\OneDrive\Desktop\MAINPROJECT\PhytoVisionAI_Research\dataset\final_split\train\Doddapatre\5433.jpg
train,Doddapatre,463.jpg,C:\Users\Kushal A\OneDrive\Desktop\MAINPROJECT\PhytoVisionAI_Research\dataset\final_split\train\Doddapatre\463.jpg
train,Doddapatre,5375.jpg,C:\Users\Kushal A\OneDrive\Desktop\MAINPROJECT\PhytoVisionAI_Research\dataset\final_split\train\Doddapatre\5375.jpg
train,Doddapatre,5356.jpg,C:\Users\Kushal A\OneDrive\Desktop\MAINPROJECT\PhytoVisionAI_Research\dataset\final_split\train\Doddapatre\5356.jpg
train,Doddapatre,5434.jpg,C:\Users\Kushal A\OneDrive\Desktop\MAINPROJECT\PhytoVisionAI_Research\dataset\final_split\train\Doddapatre\5434.jpg
train,Doddapatre,5464.jpg,C:\Users\Kushal A\OneDrive\Desktop\MAINPROJECT\PhytoVisionAI_Research\dataset\final_split\train\Doddapatre\5464.jpg
train,Doddapatre,5377.jpg,C:\Users\Kushal A\OneDrive\Desktop\MAINPROJECT\PhytoVisionAI_Research\dataset\final_split\train\Doddapatre\5377.jpg
train,Doddapatre,5417.jpg,C:\Users\Kushal A\OneDrive\Desktop\MAINPROJECT\PhytoVisionAI_Research\dataset\final_split\train\Doddapatre\5417.jpg
train,Doddapatre,987.jpg,C:\Users\Kushal A\OneDrive\Desktop\MAINPROJECT\PhytoVisionAI_Research\dataset\final_split\train\Doddapatre\987.jpg
train,Doddapatre,5367.jpg,C:\Users\Kushal A\OneDrive\Desktop\MAINPROJECT\PhytoVisionAI_Research\dataset\final_split\train\Doddapatre\5367.jpg
train,Doddapatre,5374.jpg,C:\Users\Kushal A\OneDrive\Desktop\MAINPROJECT\PhytoVisionAI_Research\dataset\final_split\train\Doddapatre\5374.jpg
train,Doddapatre,5385.jpg,C:\Users\Kushal A\OneDrive\Desktop\MAINPROJECT\PhytoVisionAI_Research\dataset\final_split\train\Doddapatre\5385.jpg
train,Doddapatre,5392.jpg,C:\Users\Kushal A\OneDrive\Desktop\MAINPROJECT\PhytoVisionAI_Research\dataset\final_split\train\Doddapatre\5392.jpg
train,Doddapatre,5370.jpg,C:\Users\Kushal A\OneDrive\Desktop\MAINPROJECT\PhytoVisionAI_Research\dataset\final_split\train\Doddapatre\5370.jpg
train,Doddapatre,5352.jpg,C:\Users\Kushal A\OneDrive\Desktop\MAINPROJECT\PhytoVisionAI_Research\dataset\final_split\train\Doddapatre\5352.jpg
train,Doddapatre,5415.jpg,C:\Users\Kushal A\OneDrive\Desktop\MAINPROJECT\PhytoVisionAI_Research\dataset\final_split\train\Doddapatre\5415.jpg
train,Doddapatre,5435.jpg,C:\Users\Kushal A\OneDrive\Desktop\MAINPROJECT\PhytoVisionAI_Research\dataset\final_split\train\Doddapatre\5435.jpg
train,Doddapatre,466.jpg,C:\Users\Kushal A\OneDrive\Desktop\MAINPROJECT\PhytoVisionAI_Research\dataset\final_split\train\Doddapatre\466.jpg
train,Doddapatre,5447.jpg,C:\Users\Kushal A\OneDrive\Desktop\MAINPROJECT\PhytoVisionAI_Research\dataset\final_split\train\Doddapatre\5447.jpg
train,Doddapatre,5457.jpg,C:\Users\Kushal A\OneDrive\Desktop\MAINPROJECT\PhytoVisionAI_Research\dataset\final_split\train\Doddapatre\5457.jpg
train,Doddapatre,5353.jpg,C:\Users\Kushal A\OneDrive\Desktop\MAINPROJECT\PhytoVisionAI_Research\dataset\final_split\train\Doddapatre\5353.jpg
train,Doddapatre,5394.jpg,C:\Users\Kushal A\OneDrive\Desktop\MAINPROJECT\PhytoVisionAI_Research\dataset\final_split\train\Doddapatre\5394.jpg
train,Doddapatre,5365.jpg,C:\Users\Kushal A\OneDrive\Desktop\MAINPROJECT\PhytoVisionAI_Research\dataset\final_split\train\Doddapatre\5365.jpg
train,Doddapatre,5371.jpg,C:\Users\Kushal A\OneDrive\Desktop\MAINPROJECT\PhytoVisionAI_Research\dataset\final_split\train\Doddapatre\5371.jpg
train,Doddapatre,5439.jpg,C:\Users\Kushal A\OneDrive\Desktop\MAINPROJECT\PhytoVisionAI_Research\dataset\final_split\train\Doddapatre\5439.jpg
train,Doddapatre,5362.jpg,C:\Users\Kushal A\OneDrive\Desktop\MAINPROJECT\PhytoVisionAI_Research\dataset\final_split\train\Doddapatre\5362.jpg
train,Doddapatre,5430.jpg,C:\Users\Kushal A\OneDrive\Desktop\MAINPROJECT\PhytoVisionAI_Research\dataset\final_split\train\Doddapatre\5430.jpg
train,Doddapatre,5449.jpg,C:\Users\Kushal A\OneDrive\Desktop\MAINPROJECT\PhytoVisionAI_Research\dataset\final_split\train\Doddapatre\5449.jpg
train,Doddapatre,5399.jpg,C:\Users\Kushal A\OneDrive\Desktop\MAINPROJECT\PhytoVisionAI_Research\dataset\final_split\train\Doddapatre\5399.jpg
train,Doddapatre,5354.jpg,C:\Users\Kushal A\OneDrive\Desktop\MAINPROJECT\PhytoVisionAI_Research\dataset\final_split\train\Doddapatre\5354.jpg
train,Doddapatre,5446.jpg,C:\Users\Kushal A\OneDrive\Desktop\MAINPROJECT\PhytoVisionAI_Research\dataset\final_split\train\Doddapatre\5446.jpg
train,Doddapatre,464.jpg,C:\Users\Kushal A\OneDrive\Desktop\MAINPROJECT\PhytoVisionAI_Research\dataset\final_split\train\Doddapatre\464.jpg
train,Doddapatre,5455.jpg,C:\Users\Kushal A\OneDrive\Desktop\MAINPROJECT\PhytoVisionAI_Research\dataset\final_split\train\Doddapatre\5455.jpg
train,Doddapatre,5400.jpg,C:\Users\Kushal A\OneDrive\Desktop\MAINPROJECT\PhytoVisionAI_Research\dataset\final_split\train\Doddapatre\5400.jpg
train,Doddapatre,5425.jpg,C:\Users\Kushal A\OneDrive\Desktop\MAINPROJECT\PhytoVisionAI_Research\dataset\final_split\train\Doddapatre\5425.jpg
train,Doddapatre,5414.jpg,C:\Users\Kushal A\OneDrive\Desktop\MAINPROJECT\PhytoVisionAI_Research\dataset\final_split\train\Doddapatre\5414.jpg
train,Doddapatre,5424.jpg,C:\Users\Kushal A\OneDrive\Desktop\MAINPROJECT\PhytoVisionAI_Research\dataset\final_split\train\Doddapatre\5424.jpg
train,Doddapatre,5398.jpg,C:\Users\Kushal A\OneDrive\Desktop\MAINPROJECT\PhytoVisionAI_Research\dataset\final_split\train\Doddapatre\5398.jpg
train,Doddapatre,5358.jpg,C:\Users\Kushal A\OneDrive\Desktop\MAINPROJECT\PhytoVisionAI_Research\dataset\final_split\train\Doddapatre\5358.jpg
train,Doddapatre,5351.jpg,C:\Users\Kushal A\OneDrive\Desktop\MAINPROJECT\PhytoVisionAI_Research\dataset\final_split\train\Doddapatre\5351.jpg
train,Doddapatre,5438.jpg,C:\Users\Kushal A\OneDrive\Desktop\MAINPROJECT\PhytoVisionAI_Research\dataset\final_split\train\Doddapatre\5438.jpg
train,Doddapatre,5421.jpg,C:\Users\Kushal A\OneDrive\Desktop\MAINPROJECT\PhytoVisionAI_Research\dataset\final_split\train\Doddapatre\5421.jpg
train,Doddapatre,5376.jpg,C:\Users\Kushal A\OneDrive\Desktop\MAINPROJECT\PhytoVisionAI_Research\dataset\final_split\train\Doddapatre\5376.jpg
train,Doddapatre,5380.jpg,C:\Users\Kushal A\OneDrive\Desktop\MAINPROJECT\PhytoVisionAI_Research\dataset\final_split\train\Doddapatre\5380.jpg
train,Doddapatre,5461.jpg,C:\Users\Kushal A\OneDrive\Desktop\MAINPROJECT\PhytoVisionAI_Research\dataset\final_split\train\Doddapatre\5461.jpg
train,Doddapatre,981.jpg,C:\Users\Kushal A\OneDrive\Desktop\MAINPROJECT\PhytoVisionAI_Research\dataset\final_split\train\Doddapatre\981.jpg
train,Doddapatre,5349.jpg,C:\Users\Kushal A\OneDrive\Desktop\MAINPROJECT\PhytoVisionAI_Research\dataset\final_split\train\Doddapatre\5349.jpg
train,Doddapatre,5348.jpg,C:\Users\Kushal A\OneDrive\Desktop\MAINPROJECT\PhytoVisionAI_Research\dataset\final_split\train\Doddapatre\5348.jpg
train,Doddapatre,5368.jpg,C:\Users\Kushal A\OneDrive\Desktop\MAINPROJECT\PhytoVisionAI_Research\dataset\final_split\train\Doddapatre\5368.jpg
train,Doddapatre,5418.jpg,C:\Users\Kushal A\OneDrive\Desktop\MAINPROJECT\PhytoVisionAI_Research\dataset\final_split\train\Doddapatre\5418.jpg
train,Doddapatre,5390.jpg,C:\Users\Kushal A\OneDrive\Desktop\MAINPROJECT\PhytoVisionAI_Research\dataset\final_split\train\Doddapatre\5390.jpg
train,Doddapatre,5451.jpg,C:\Users\Kushal A\OneDrive\Desktop\MAINPROJECT\PhytoVisionAI_Research\dataset\final_split\train\Doddapatre\5451.jpg
train,Doddapatre,5382.jpg,C:\Users\Kushal A\OneDrive\Desktop\MAINPROJECT\PhytoVisionAI_Research\dataset\final_split\train\Doddapatre\5382.jpg
train,Doddapatre,465.jpg,C:\Users\Kushal A\OneDrive\Desktop\MAINPROJECT\PhytoVisionAI_Research\dataset\final_split\train\Doddapatre\465.jpg
train,Doddapatre,5436.jpg,C:\Users\Kushal A\OneDrive\Desktop\MAINPROJECT\PhytoVisionAI_Research\dataset\final_split\train\Doddapatre\5436.jpg
train,Doddapatre,5403.jpg,C:\Users\Kushal A\OneDrive\Desktop\MAINPROJECT\PhytoVisionAI_Research\dataset\final_split\train\Doddapatre\5403.jpg
train,Doddapatre,5429.jpg,C:\Users\Kushal A\OneDrive\Desktop\MAINPROJECT\PhytoVisionAI_Research\dataset\final_split\train\Doddapatre\5429.jpg
train,Doddapatre,982.jpg,C:\Users\Kushal A\OneDrive\Desktop\MAINPROJECT\PhytoVisionAI_Research\dataset\final_split\train\Doddapatre\982.jpg
train,Doddapatre,5404.jpg,C:\Users\Kushal A\OneDrive\Desktop\MAINPROJECT\PhytoVisionAI_Research\dataset\final_split\train\Doddapatre\5404.jpg
train,Doddapatre,5405.jpg,C:\Users\Kushal A\OneDrive\Desktop\MAINPROJECT\PhytoVisionAI_Research\dataset\final_split\train\Doddapatre\5405.jpg
train,Doddapatre,5444.jpg,C:\Users\Kushal A\OneDrive\Desktop\MAINPROJECT\PhytoVisionAI_Research\dataset\final_split\train\Doddapatre\5444.jpg
train,Doddapatre,5427.jpg,C:\Users\Kushal A\OneDrive\Desktop\MAINPROJECT\PhytoVisionAI_Research\dataset\final_split\train\Doddapatre\5427.jpg
train,Doddapatre,461.jpg,C:\Users\Kushal A\OneDrive\Desktop\MAINPROJECT\PhytoVisionAI_Research\dataset\final_split\train\Doddapatre\461.jpg
train,Doddapatre,5428.jpg,C:\Users\Kushal A\OneDrive\Desktop\MAINPROJECT\PhytoVisionAI_Research\dataset\final_split\train\Doddapatre\5428.jpg
train,Doddapatre,5384.jpg,C:\Users\Kushal A\OneDrive\Desktop\MAINPROJECT\PhytoVisionAI_Research\dataset\final_split\train\Doddapatre\5384.jpg
train,Doddapatre,5379.jpg,C:\Users\Kushal A\OneDrive\Desktop\MAINPROJECT\PhytoVisionAI_Research\dataset\final_split\train\Doddapatre\5379.jpg
train,Doddapatre,5426.jpg,C:\Users\Kushal A\OneDrive\Desktop\MAINPROJECT\PhytoVisionAI_Research\dataset\final_split\train\Doddapatre\5426.jpg
train,Doddapatre,5366.jpg,C:\Users\Kushal A\OneDrive\Desktop\MAINPROJECT\PhytoVisionAI_Research\dataset\final_split\train\Doddapatre\5366.jpg
train,Doddapatre,5350.jpg,C:\Users\Kushal A\OneDrive\Desktop\MAINPROJECT\PhytoVisionAI_Research\dataset\final_split\train\Doddapatre\5350.jpg
train,Doddapatre,5388.jpg,C:\Users\Kushal A\OneDrive\Desktop\MAINPROJECT\PhytoVisionAI_Research\dataset\final_split\train\Doddapatre\5388.jpg
train,Doddapatre,5346.jpg,C:\Users\Kushal A\OneDrive\Desktop\MAINPROJECT\PhytoVisionAI_Research\dataset\final_split\train\Doddapatre\5346.jpg
train,Doddapatre,457.jpg,C:\Users\Kushal A\OneDrive\Desktop\MAINPROJECT\PhytoVisionAI_Research\dataset\final_split\train\Doddapatre\457.jpg
train,Ekka,2562.jpg,C:\Users\Kushal A\OneDrive\Desktop\MAINPROJECT\PhytoVisionAI_Research\dataset\final_split\train\Ekka\2562.jpg
train,Ekka,2594.jpg,C:\Users\Kushal A\OneDrive\Desktop\MAINPROJECT\PhytoVisionAI_Research\dataset\final_split\train\Ekka\2594.jpg
train,Ekka,2531.jpg,C:\Users\Kushal A\OneDrive\Desktop\MAINPROJECT\PhytoVisionAI_Research\dataset\final_split\train\Ekka\2531.jpg
train,Ekka,2572.jpg,C:\Users\Kushal A\OneDrive\Desktop\MAINPROJECT\PhytoVisionAI_Research\dataset\final_split\train\Ekka\2572.jpg
train,Ekka,2591.jpg,C:\Users\Kushal A\OneDrive\Desktop\MAINPROJECT\PhytoVisionAI_Research\dataset\final_split\train\Ekka\2591.jpg
train,Ekka,2537.jpg,C:\Users\Kushal A\OneDrive\Desktop\MAINPROJECT\PhytoVisionAI_Research\dataset\final_split\train\Ekka\2537.jpg
train,Ekka,2580.jpg,C:\Users\Kushal A\OneDrive\Desktop\MAINPROJECT\PhytoVisionAI_Research\dataset\final_split\train\Ekka\2580.jpg
train,Ekka,161.jpg,C:\Users\Kushal A\OneDrive\Desktop\MAINPROJECT\PhytoVisionAI_Research\dataset\final_split\train\Ekka\161.jpg
train,Ekka,2630.jpg,C:\Users\Kushal A\OneDrive\Desktop\MAINPROJECT\PhytoVisionAI_Research\dataset\final_split\train\Ekka\2630.jpg
train,Ekka,2579.jpg,C:\Users\Kushal A\OneDrive\Desktop\MAINPROJECT\PhytoVisionAI_Research\dataset\final_split\train\Ekka\2579.jpg
train,Ekka,2582.jpg,C:\Users\Kushal A\OneDrive\Desktop\MAINPROJECT\PhytoVisionAI_Research\dataset\final_split\train\Ekka\2582.jpg
train,Ekka,164.jpg,C:\Users\Kushal A\OneDrive\Desktop\MAINPROJECT\PhytoVisionAI_Research\dataset\final_split\train\Ekka\164.jpg
train,Ekka,2604.jpg,C:\Users\Kushal A\OneDrive\Desktop\MAINPROJECT\PhytoVisionAI_Research\dataset\final_split\train\Ekka\2604.jpg
train,Ekka,2569.jpg,C:\Users\Kushal A\OneDrive\Desktop\MAINPROJECT\PhytoVisionAI_Research\dataset\final_split\train\Ekka\2569.jpg
train,Ekka,2585.jpg,C:\Users\Kushal A\OneDrive\Desktop\MAINPROJECT\PhytoVisionAI_Research\dataset\final_split\train\Ekka\2585.jpg
train,Ekka,2599.jpg,C:\Users\Kushal A\OneDrive\Desktop\MAINPROJECT\PhytoVisionAI_Research\dataset\final_split\train\Ekka\2599.jpg
train,Ekka,2575.jpg,C:\Users\Kushal A\OneDrive\Desktop\MAINPROJECT\PhytoVisionAI_Research\dataset\final_split\train\Ekka\2575.jpg
train,Ekka,2566.jpg,C:\Users\Kushal A\OneDrive\Desktop\MAINPROJECT\PhytoVisionAI_Research\dataset\final_split\train\Ekka\2566.jpg
train,Ekka,2614.jpg,C:\Users\Kushal A\OneDrive\Desktop\MAINPROJECT\PhytoVisionAI_Research\dataset\final_split\train\Ekka\2614.jpg
train,Ekka,2534.jpg,C:\Users\Kushal A\OneDrive\Desktop\MAINPROJECT\PhytoVisionAI_Research\dataset\final_split\train\Ekka\2534.jpg
train,Ekka,2557.jpg,C:\Users\Kushal A\OneDrive\Desktop\MAINPROJECT\PhytoVisionAI_Research\dataset\final_split\train\Ekka\2557.jpg
train,Ekka,2628.jpg,C:\Users\Kushal A\OneDrive\Desktop\MAINPROJECT\PhytoVisionAI_Research\dataset\final_split\train\Ekka\2628.jpg
train,Ekka,678.jpg,C:\Users\Kushal A\OneDrive\Desktop\MAINPROJECT\PhytoVisionAI_Research\dataset\final_split\train\Ekka\678.jpg
train,Ekka,158.jpg,C:\Users\Kushal A\OneDrive\Desktop\MAINPROJECT\PhytoVisionAI_Research\dataset\final_split\train\Ekka\158.jpg
train,Ekka,166.jpg,C:\Users\Kushal A\OneDrive\Desktop\MAINPROJECT\PhytoVisionAI_Research\dataset\final_split\train\Ekka\166.jpg
train,Ekka,2538.jpg,C:\Users\Kushal A\OneDrive\Desktop\MAINPROJECT\PhytoVisionAI_Research\dataset\final_split\train\Ekka\2538.jpg
train,Ekka,2554.jpg,C:\Users\Kushal A\OneDrive\Desktop\MAINPROJECT\PhytoVisionAI_Research\dataset\final_split\train\Ekka\2554.jpg
train,Ekka,2610.jpg,C:\Users\Kushal A\OneDrive\Desktop\MAINPROJECT\PhytoVisionAI_Research\dataset\final_split\train\Ekka\2610.jpg
train,Ekka,2590.jpg,C:\Users\Kushal A\OneDrive\Desktop\MAINPROJECT\PhytoVisionAI_Research\dataset\final_split\train\Ekka\2590.jpg
train,Ekka,2574.jpg,C:\Users\Kushal A\OneDrive\Desktop\MAINPROJECT\PhytoVisionAI_Research\dataset\final_split\train\Ekka\2574.jpg
train,Ekka,2631.jpg,C:\Users\Kushal A\OneDrive\Desktop\MAINPROJECT\PhytoVisionAI_Research\dataset\final_split\train\Ekka\2631.jpg
train,Ekka,685.jpg,C:\Users\Kushal A\OneDrive\Desktop\MAINPROJECT\PhytoVisionAI_Research\dataset\final_split\train\Ekka\685.jpg
train,Ekka,688.jpg,C:\Users\Kushal A\OneDrive\Desktop\MAINPROJECT\PhytoVisionAI_Research\dataset\final_split\train\Ekka\688.jpg
train,Ekka,682.jpg,C:\Users\Kushal A\OneDrive\Desktop\MAINPROJECT\PhytoVisionAI_Research\dataset\final_split\train\Ekka\682.jpg
train,Ekka,168.jpg,C:\Users\Kushal A\OneDrive\Desktop\MAINPROJECT\PhytoVisionAI_Research\dataset\final_split\train\Ekka\168.jpg
train,Ekka,159.jpg,C:\Users\Kushal A\OneDrive\Desktop\MAINPROJECT\PhytoVisionAI_Research\dataset\final_split\train\Ekka\159.jpg
train,Ekka,2587.jpg,C:\Users\Kushal A\OneDrive\Desktop\MAINPROJECT\PhytoVisionAI_Research\dataset\final_split\train\Ekka\2587.jpg
train,Ekka,2529.jpg,C:\Users\Kushal A\OneDrive\Desktop\MAINPROJECT\PhytoVisionAI_Research\dataset\final_split\train\Ekka\2529.jpg
train,Ekka,2634.jpg,C:\Users\Kushal A\OneDrive\Desktop\MAINPROJECT\PhytoVisionAI_Research\dataset\final_split\train\Ekka\2634.jpg
train,Ekka,677.jpg,C:\Users\Kushal A\OneDrive\Desktop\MAINPROJECT\PhytoVisionAI_Research\dataset\final_split\train\Ekka\677.jpg
train,Ekka,160.jpg,C:\Users\Kushal A\OneDrive\Desktop\MAINPROJECT\PhytoVisionAI_Research\dataset\final_split\train\Ekka\160.jpg
train,Ekka,2561.jpg,C:\Users\Kushal A\OneDrive\Desktop\MAINPROJECT\PhytoVisionAI_Research\dataset\final_split\train\Ekka\2561.jpg
train,Ekka,2645.jpg,C:\Users\Kushal A\OneDrive\Desktop\MAINPROJECT\PhytoVisionAI_Research\dataset\final_split\train\Ekka\2645.jpg
train,Ekka,2535.jpg,C:\Users\Kushal A\OneDrive\Desktop\MAINPROJECT\PhytoVisionAI_Research\dataset\final_split\train\Ekka\2535.jpg
train,Ekka,2600.jpg,C:\Users\Kushal A\OneDrive\Desktop\MAINPROJECT\PhytoVisionAI_Research\dataset\final_split\train\Ekka\2600.jpg
train,Ekka,169.jpg,C:\Users\Kushal A\OneDrive\Desktop\MAINPROJECT\PhytoVisionAI_Research\dataset\final_split\train\Ekka\169.jpg
train,Ekka,2570.jpg,C:\Users\Kushal A\OneDrive\Desktop\MAINPROJECT\PhytoVisionAI_Research\dataset\final_split\train\Ekka\2570.jpg
train,Ekka,2633.jpg,C:\Users\Kushal A\OneDrive\Desktop\MAINPROJECT\PhytoVisionAI_Research\dataset\final_split\train\Ekka\2633.jpg
train,Ekka,2573.jpg,C:\Users\Kushal A\OneDrive\Desktop\MAINPROJECT\PhytoVisionAI_Research\dataset\final_split\train\Ekka\2573.jpg
train,Ekka,2556.jpg,C:\Users\Kushal A\OneDrive\Desktop\MAINPROJECT\PhytoVisionAI_Research\dataset\final_split\train\Ekka\2556.jpg
train,Ekka,2592.jpg,C:\Users\Kushal A\OneDrive\Desktop\MAINPROJECT\PhytoVisionAI_Research\dataset\final_split\train\Ekka\2592.jpg
train,Ekka,2596.jpg,C:\Users\Kushal A\OneDrive\Desktop\MAINPROJECT\PhytoVisionAI_Research\dataset\final_split\train\Ekka\2596.jpg
train,Ekka,2609.jpg,C:\Users\Kushal A\OneDrive\Desktop\MAINPROJECT\PhytoVisionAI_Research\dataset\final_split\train\Ekka\2609.jpg
train,Ekka,157.jpg,C:\Users\Kushal A\OneDrive\Desktop\MAINPROJECT\PhytoVisionAI_Research\dataset\final_split\train\Ekka\157.jpg
train,Ekka,165.jpg,C:\Users\Kushal A\OneDrive\Desktop\MAINPROJECT\PhytoVisionAI_Research\dataset\final_split\train\Ekka\165.jpg
train,Ekka,2564.jpg,C:\Users\Kushal A\OneDrive\Desktop\MAINPROJECT\PhytoVisionAI_Research\dataset\final_split\train\Ekka\2564.jpg
train,Ekka,2558.jpg,C:\Users\Kushal A\OneDrive\Desktop\MAINPROJECT\PhytoVisionAI_Research\dataset\final_split\train\Ekka\2558.jpg
train,Ekka,2615.jpg,C:\Users\Kushal A\OneDrive\Desktop\MAINPROJECT\PhytoVisionAI_Research\dataset\final_split\train\Ekka\2615.jpg
train,Ekka,2589.jpg,C:\Users\Kushal A\OneDrive\Desktop\MAINPROJECT\PhytoVisionAI_Research\dataset\final_split\train\Ekka\2589.jpg
train,Ekka,2640.jpg,C:\Users\Kushal A\OneDrive\Desktop\MAINPROJECT\PhytoVisionAI_Research\dataset\final_split\train\Ekka\2640.jpg
train,Ekka,2536.jpg,C:\Users\Kushal A\OneDrive\Desktop\MAINPROJECT\PhytoVisionAI_Research\dataset\final_split\train\Ekka\2536.jpg
train,Ekka,2618.jpg,C:\Users\Kushal A\OneDrive\Desktop\MAINPROJECT\PhytoVisionAI_Research\dataset\final_split\train\Ekka\2618.jpg
train,Ekka,2578.jpg,C:\Users\Kushal A\OneDrive\Desktop\MAINPROJECT\PhytoVisionAI_Research\dataset\final_split\train\Ekka\2578.jpg
train,Ekka,2581.jpg,C:\Users\Kushal A\OneDrive\Desktop\MAINPROJECT\PhytoVisionAI_Research\dataset\final_split\train\Ekka\2581.jpg
train,Ekka,2544.jpg,C:\Users\Kushal A\OneDrive\Desktop\MAINPROJECT\PhytoVisionAI_Research\dataset\final_split\train\Ekka\2544.jpg
train,Ekka,2623.jpg,C:\Users\Kushal A\OneDrive\Desktop\MAINPROJECT\PhytoVisionAI_Research\dataset\final_split\train\Ekka\2623.jpg
train,Ekka,163.jpg,C:\Users\Kushal A\OneDrive\Desktop\MAINPROJECT\PhytoVisionAI_Research\dataset\final_split\train\Ekka\163.jpg
train,Ekka,2627.jpg,C:\Users\Kushal A\OneDrive\Desktop\MAINPROJECT\PhytoVisionAI_Research\dataset\final_split\train\Ekka\2627.jpg
train,Ekka,2545.jpg,C:\Users\Kushal A\OneDrive\Desktop\MAINPROJECT\PhytoVisionAI_Research\dataset\final_split\train\Ekka\2545.jpg
train,Ekka,2528.jpg,C:\Users\Kushal A\OneDrive\Desktop\MAINPROJECT\PhytoVisionAI_Research\dataset\final_split\train\Ekka\2528.jpg
train,Ekka,2532.jpg,C:\Users\Kushal A\OneDrive\Desktop\MAINPROJECT\PhytoVisionAI_Research\dataset\final_split\train\Ekka\2532.jpg
train,Ekka,2606.jpg,C:\Users\Kushal A\OneDrive\Desktop\MAINPROJECT\PhytoVisionAI_Research\dataset\final_split\train\Ekka\2606.jpg
train,Ekka,2646.jpg,C:\Users\Kushal A\OneDrive\Desktop\MAINPROJECT\PhytoVisionAI_Research\dataset\final_split\train\Ekka\2646.jpg
train,Ekka,2549.jpg,C:\Users\Kushal A\OneDrive\Desktop\MAINPROJECT\PhytoVisionAI_Research\dataset\final_split\train\Ekka\2549.jpg
train,Ekka,2583.jpg,C:\Users\Kushal A\OneDrive\Desktop\MAINPROJECT\PhytoVisionAI_Research\dataset\final_split\train\Ekka\2583.jpg
train,Ekka,2540.jpg,C:\Users\Kushal A\OneDrive\Desktop\MAINPROJECT\PhytoVisionAI_Research\dataset\final_split\train\Ekka\2540.jpg
train,Ekka,2542.jpg,C:\Users\Kushal A\OneDrive\Desktop\MAINPROJECT\PhytoVisionAI_Research\dataset\final_split\train\Ekka\2542.jpg
train,Ekka,2621.jpg,C:\Users\Kushal A\OneDrive\Desktop\MAINPROJECT\PhytoVisionAI_Research\dataset\final_split\train\Ekka\2621.jpg
train,Ekka,2547.jpg,C:\Users\Kushal A\OneDrive\Desktop\MAINPROJECT\PhytoVisionAI_Research\dataset\final_split\train\Ekka\2547.jpg
train,Ekka,2571.jpg,C:\Users\Kushal A\OneDrive\Desktop\MAINPROJECT\PhytoVisionAI_Research\dataset\final_split\train\Ekka\2571.jpg
train,Ekka,2616.jpg,C:\Users\Kushal A\OneDrive\Desktop\MAINPROJECT\PhytoVisionAI_Research\dataset\final_split\train\Ekka\2616.jpg
train,Ekka,167.jpg,C:\Users\Kushal A\OneDrive\Desktop\MAINPROJECT\PhytoVisionAI_Research\dataset\final_split\train\Ekka\167.jpg
train,Ekka,2608.jpg,C:\Users\Kushal A\OneDrive\Desktop\MAINPROJECT\PhytoVisionAI_Research\dataset\final_split\train\Ekka\2608.jpg
train,Ekka,162.jpg,C:\Users\Kushal A\OneDrive\Desktop\MAINPROJECT\PhytoVisionAI_Research\dataset\final_split\train\Ekka\162.jpg
train,Ekka,2552.jpg,C:\Users\Kushal A\OneDrive\Desktop\MAINPROJECT\PhytoVisionAI_Research\dataset\final_split\train\Ekka\2552.jpg
train,Ekka,2533.jpg,C:\Users\Kushal A\OneDrive\Desktop\MAINPROJECT\PhytoVisionAI_Research\dataset\final_split\train\Ekka\2533.jpg
train,Ekka,2612.jpg,C:\Users\Kushal A\OneDrive\Desktop\MAINPROJECT\PhytoVisionAI_Research\dataset\final_split\train\Ekka\2612.jpg
train,Ekka,2565.jpg,C:\Users\Kushal A\OneDrive\Desktop\MAINPROJECT\PhytoVisionAI_Research\dataset\final_split\train\Ekka\2565.jpg
train,Ekka,2563.jpg,C:\Users\Kushal A\OneDrive\Desktop\MAINPROJECT\PhytoVisionAI_Research\dataset\final_split\train\Ekka\2563.jpg
train,Ekka,2641.jpg,C:\Users\Kushal A\OneDrive\Desktop\MAINPROJECT\PhytoVisionAI_Research\dataset\final_split\train\Ekka\2641.jpg
train,Ekka,2639.jpg,C:\Users\Kushal A\OneDrive\Desktop\MAINPROJECT\PhytoVisionAI_Research\dataset\final_split\train\Ekka\2639.jpg
train,Ekka,2588.jpg,C:\Users\Kushal A\OneDrive\Desktop\MAINPROJECT\PhytoVisionAI_Research\dataset\final_split\train\Ekka\2588.jpg
train,Ekka,681.jpg,C:\Users\Kushal A\OneDrive\Desktop\MAINPROJECT\PhytoVisionAI_Research\dataset\final_split\train\Ekka\681.jpg
train,Ekka,684.jpg,C:\Users\Kushal A\OneDrive\Desktop\MAINPROJECT\PhytoVisionAI_Research\dataset\final_split\train\Ekka\684.jpg
train,Ekka,679.jpg,C:\Users\Kushal A\OneDrive\Desktop\MAINPROJECT\PhytoVisionAI_Research\dataset\final_split\train\Ekka\679.jpg
train,Ekka,2636.jpg,C:\Users\Kushal A\OneDrive\Desktop\MAINPROJECT\PhytoVisionAI_Research\dataset\final_split\train\Ekka\2636.jpg
train,Ekka,2625.jpg,C:\Users\Kushal A\OneDrive\Desktop\MAINPROJECT\PhytoVisionAI_Research\dataset\final_split\train\Ekka\2625.jpg
train,Ekka,2644.jpg,C:\Users\Kushal A\OneDrive\Desktop\MAINPROJECT\PhytoVisionAI_Research\dataset\final_split\train\Ekka\2644.jpg
train,Ekka,2629.jpg,C:\Users\Kushal A\OneDrive\Desktop\MAINPROJECT\PhytoVisionAI_Research\dataset\final_split\train\Ekka\2629.jpg
train,Ekka,2555.jpg,C:\Users\Kushal A\OneDrive\Desktop\MAINPROJECT\PhytoVisionAI_Research\dataset\final_split\train\Ekka\2555.jpg
train,Ekka,2577.jpg,C:\Users\Kushal A\OneDrive\Desktop\MAINPROJECT\PhytoVisionAI_Research\dataset\final_split\train\Ekka\2577.jpg
train,Ekka,2619.jpg,C:\Users\Kushal A\OneDrive\Desktop\MAINPROJECT\PhytoVisionAI_Research\dataset\final_split\train\Ekka\2619.jpg
train,Ganike,799.jpg,C:\Users\Kushal A\OneDrive\Desktop\MAINPROJECT\PhytoVisionAI_Research\dataset\final_split\train\Ganike\799.jpg
train,Ganike,3711.jpg,C:\Users\Kushal A\OneDrive\Desktop\MAINPROJECT\PhytoVisionAI_Research\dataset\final_split\train\Ganike\3711.jpg
train,Ganike,3688.jpg,C:\Users\Kushal A\OneDrive\Desktop\MAINPROJECT\PhytoVisionAI_Research\dataset\final_split\train\Ganike\3688.jpg
train,Ganike,3657.jpg,C:\Users\Kushal A\OneDrive\Desktop\MAINPROJECT\PhytoVisionAI_Research\dataset\final_split\train\Ganike\3657.jpg
train,Ganike,801.jpg,C:\Users\Kushal A\OneDrive\Desktop\MAINPROJECT\PhytoVisionAI_Research\dataset\final_split\train\Ganike\801.jpg
train,Ganike,800.jpg,C:\Users\Kushal A\OneDrive\Desktop\MAINPROJECT\PhytoVisionAI_Research\dataset\final_split\train\Ganike\800.jpg
train,Ganike,3661.jpg,C:\Users\Kushal A\OneDrive\Desktop\MAINPROJECT\PhytoVisionAI_Research\dataset\final_split\train\Ganike\3661.jpg
train,Ganike,794.jpg,C:\Users\Kushal A\OneDrive\Desktop\MAINPROJECT\PhytoVisionAI_Research\dataset\final_split\train\Ganike\794.jpg
train,Ganike,3723.jpg,C:\Users\Kushal A\OneDrive\Desktop\MAINPROJECT\PhytoVisionAI_Research\dataset\final_split\train\Ganike\3723.jpg
train,Ganike,3703.jpg,C:\Users\Kushal A\OneDrive\Desktop\MAINPROJECT\PhytoVisionAI_Research\dataset\final_split\train\Ganike\3703.jpg
train,Ganike,804.jpg,C:\Users\Kushal A\OneDrive\Desktop\MAINPROJECT\PhytoVisionAI_Research\dataset\final_split\train\Ganike\804.jpg
train,Ganike,3728.jpg,C:\Users\Kushal A\OneDrive\Desktop\MAINPROJECT\PhytoVisionAI_Research\dataset\final_split\train\Ganike\3728.jpg
train,Ganike,805.jpg,C:\Users\Kushal A\OneDrive\Desktop\MAINPROJECT\PhytoVisionAI_Research\dataset\final_split\train\Ganike\805.jpg
train,Ganike,3733.jpg,C:\Users\Kushal A\OneDrive\Desktop\MAINPROJECT\PhytoVisionAI_Research\dataset\final_split\train\Ganike\3733.jpg
train,Ganike,3655.jpg,C:\Users\Kushal A\OneDrive\Desktop\MAINPROJECT\PhytoVisionAI_Research\dataset\final_split\train\Ganike\3655.jpg
train,Ganike,276.jpg,C:\Users\Kushal A\OneDrive\Desktop\MAINPROJECT\PhytoVisionAI_Research\dataset\final_split\train\Ganike\276.jpg
train,Ganike,3698.jpg,C:\Users\Kushal A\OneDrive\Desktop\MAINPROJECT\PhytoVisionAI_Research\dataset\final_split\train\Ganike\3698.jpg
train,Ganike,3712.jpg,C:\Users\Kushal A\OneDrive\Desktop\MAINPROJECT\PhytoVisionAI_Research\dataset\final_split\train\Ganike\3712.jpg
train,Ganike,796.jpg,C:\Users\Kushal A\OneDrive\Desktop\MAINPROJECT\PhytoVisionAI_Research\dataset\final_split\train\Ganike\796.jpg
train,Ganike,3691.jpg,C:\Users\Kushal A\OneDrive\Desktop\MAINPROJECT\PhytoVisionAI_Research\dataset\final_split\train\Ganike\3691.jpg
train,Ganike,3663.jpg,C:\Users\Kushal A\OneDrive\Desktop\MAINPROJECT\PhytoVisionAI_Research\dataset\final_split\train\Ganike\3663.jpg
train,Ganike,284.jpg,C:\Users\Kushal A\OneDrive\Desktop\MAINPROJECT\PhytoVisionAI_Research\dataset\final_split\train\Ganike\284.jpg
train,Ganike,3735.jpg,C:\Users\Kushal A\OneDrive\Desktop\MAINPROJECT\PhytoVisionAI_Research\dataset\final_split\train\Ganike\3735.jpg
train,Ganike,3681.jpg,C:\Users\Kushal A\OneDrive\Desktop\MAINPROJECT\PhytoVisionAI_Research\dataset\final_split\train\Ganike\3681.jpg
train,Ganike,3702.jpg,C:\Users\Kushal A\OneDrive\Desktop\MAINPROJECT\PhytoVisionAI_Research\dataset\final_split\train\Ganike\3702.jpg
train,Ganike,3705.jpg,C:\Users\Kushal A\OneDrive\Desktop\MAINPROJECT\PhytoVisionAI_Research\dataset\final_split\train\Ganike\3705.jpg
train,Ganike,280.jpg,C:\Users\Kushal A\OneDrive\Desktop\MAINPROJECT\PhytoVisionAI_Research\dataset\final_split\train\Ganike\280.jpg
train,Ganike,3652.jpg,C:\Users\Kushal A\OneDrive\Desktop\MAINPROJECT\PhytoVisionAI_Research\dataset\final_split\train\Ganike\3652.jpg
train,Ganike,3672.jpg,C:\Users\Kushal A\OneDrive\Desktop\MAINPROJECT\PhytoVisionAI_Research\dataset\final_split\train\Ganike\3672.jpg
train,Ganike,3725.jpg,C:\Users\Kushal A\OneDrive\Desktop\MAINPROJECT\PhytoVisionAI_Research\dataset\final_split\train\Ganike\3725.jpg
train,Ganike,3686.jpg,C:\Users\Kushal A\OneDrive\Desktop\MAINPROJECT\PhytoVisionAI_Research\dataset\final_split\train\Ganike\3686.jpg
train,Ganike,277.jpg,C:\Users\Kushal A\OneDrive\Desktop\MAINPROJECT\PhytoVisionAI_Research\dataset\final_split\train\Ganike\277.jpg
train,Ganike,3707.jpg,C:\Users\Kushal A\OneDrive\Desktop\MAINPROJECT\PhytoVisionAI_Research\dataset\final_split\train\Ganike\3707.jpg
train,Ganike,278.jpg,C:\Users\Kushal A\OneDrive\Desktop\MAINPROJECT\PhytoVisionAI_Research\dataset\final_split\train\Ganike\278.jpg
train,Ganike,3684.jpg,C:\Users\Kushal A\OneDrive\Desktop\MAINPROJECT\PhytoVisionAI_Research\dataset\final_split\train\Ganike\3684.jpg
train,Ganike,798.jpg,C:\Users\Kushal A\OneDrive\Desktop\MAINPROJECT\PhytoVisionAI_Research\dataset\final_split\train\Ganike\798.jpg
train,Ganike,3664.jpg,C:\Users\Kushal A\OneDrive\Desktop\MAINPROJECT\PhytoVisionAI_Research\dataset\final_split\train\Ganike\3664.jpg
train,Ganike,3713.jpg,C:\Users\Kushal A\OneDrive\Desktop\MAINPROJECT\PhytoVisionAI_Research\dataset\final_split\train\Ganike\3713.jpg
train,Ganike,279.jpg,C:\Users\Kushal A\OneDrive\Desktop\MAINPROJECT\PhytoVisionAI_Research\dataset\final_split\train\Ganike\279.jpg
train,Ganike,3719.jpg,C:\Users\Kushal A\OneDrive\Desktop\MAINPROJECT\PhytoVisionAI_Research\dataset\final_split\train\Ganike\3719.jpg
train,Ganike,3699.jpg,C:\Users\Kushal A\OneDrive\Desktop\MAINPROJECT\PhytoVisionAI_Research\dataset\final_split\train\Ganike\3699.jpg
train,Ganike,3649.jpg,C:\Users\Kushal A\OneDrive\Desktop\MAINPROJECT\PhytoVisionAI_Research\dataset\final_split\train\Ganike\3649.jpg
train,Ganike,3715.jpg,C:\Users\Kushal A\OneDrive\Desktop\MAINPROJECT\PhytoVisionAI_Research\dataset\final_split\train\Ganike\3715.jpg
train,Ganike,3716.jpg,C:\Users\Kushal A\OneDrive\Desktop\MAINPROJECT\PhytoVisionAI_Research\dataset\final_split\train\Ganike\3716.jpg
train,Ganike,3689.jpg,C:\Users\Kushal A\OneDrive\Desktop\MAINPROJECT\PhytoVisionAI_Research\dataset\final_split\train\Ganike\3689.jpg
train,Ganike,3671.jpg,C:\Users\Kushal A\OneDrive\Desktop\MAINPROJECT\PhytoVisionAI_Research\dataset\final_split\train\Ganike\3671.jpg
train,Ganike,3680.jpg,C:\Users\Kushal A\OneDrive\Desktop\MAINPROJECT\PhytoVisionAI_Research\dataset\final_split\train\Ganike\3680.jpg
train,Ganike,3662.jpg,C:\Users\Kushal A\OneDrive\Desktop\MAINPROJECT\PhytoVisionAI_Research\dataset\final_split\train\Ganike\3662.jpg
train,Ganike,3724.jpg,C:\Users\Kushal A\OneDrive\Desktop\MAINPROJECT\PhytoVisionAI_Research\dataset\final_split\train\Ganike\3724.jpg
train,Ganike,3736.jpg,C:\Users\Kushal A\OneDrive\Desktop\MAINPROJECT\PhytoVisionAI_Research\dataset\final_split\train\Ganike\3736.jpg
train,Ganike,3683.jpg,C:\Users\Kushal A\OneDrive\Desktop\MAINPROJECT\PhytoVisionAI_Research\dataset\final_split\train\Ganike\3683.jpg
train,Ganike,3665.jpg,C:\Users\Kushal A\OneDrive\Desktop\MAINPROJECT\PhytoVisionAI_Research\dataset\final_split\train\Ganike\3665.jpg
train,Ganike,283.jpg,C:\Users\Kushal A\OneDrive\Desktop\MAINPROJECT\PhytoVisionAI_Research\dataset\final_split\train\Ganike\283.jpg
train,Ganike,797.jpg,C:\Users\Kushal A\OneDrive\Desktop\MAINPROJECT\PhytoVisionAI_Research\dataset\final_split\train\Ganike\797.jpg
train,Ganike,282.jpg,C:\Users\Kushal A\OneDrive\Desktop\MAINPROJECT\PhytoVisionAI_Research\dataset\final_split\train\Ganike\282.jpg
train,Ganike,3692.jpg,C:\Users\Kushal A\OneDrive\Desktop\MAINPROJECT\PhytoVisionAI_Research\dataset\final_split\train\Ganike\3692.jpg
train,Ganike,3650.jpg,C:\Users\Kushal A\OneDrive\Desktop\MAINPROJECT\PhytoVisionAI_Research\dataset\final_split\train\Ganike\3650.jpg
train,Ganike,795.jpg,C:\Users\Kushal A\OneDrive\Desktop\MAINPROJECT\PhytoVisionAI_Research\dataset\final_split\train\Ganike\795.jpg
train,Ganike,3726.jpg,C:\Users\Kushal A\OneDrive\Desktop\MAINPROJECT\PhytoVisionAI_Research\dataset\final_split\train\Ganike\3726.jpg
train,Ganike,3654.jpg,C:\Users\Kushal A\OneDrive\Desktop\MAINPROJECT\PhytoVisionAI_Research\dataset\final_split\train\Ganike\3654.jpg
train,Ganike,3696.jpg,C:\Users\Kushal A\OneDrive\Desktop\MAINPROJECT\PhytoVisionAI_Research\dataset\final_split\train\Ganike\3696.jpg
train,Ganike,3694.jpg,C:\Users\Kushal A\OneDrive\Desktop\MAINPROJECT\PhytoVisionAI_Research\dataset\final_split\train\Ganike\3694.jpg
train,Ganike,3676.jpg,C:\Users\Kushal A\OneDrive\Desktop\MAINPROJECT\PhytoVisionAI_Research\dataset\final_split\train\Ganike\3676.jpg
train,Ganike,3706.jpg,C:\Users\Kushal A\OneDrive\Desktop\MAINPROJECT\PhytoVisionAI_Research\dataset\final_split\train\Ganike\3706.jpg
train,Ganike,3704.jpg,C:\Users\Kushal A\OneDrive\Desktop\MAINPROJECT\PhytoVisionAI_Research\dataset\final_split\train\Ganike\3704.jpg
train,Ganike,3700.jpg,C:\Users\Kushal A\OneDrive\Desktop\MAINPROJECT\PhytoVisionAI_Research\dataset\final_split\train\Ganike\3700.jpg
train,Ganike,3729.jpg,C:\Users\Kushal A\OneDrive\Desktop\MAINPROJECT\PhytoVisionAI_Research\dataset\final_split\train\Ganike\3729.jpg
train,Ganike,3656.jpg,C:\Users\Kushal A\OneDrive\Desktop\MAINPROJECT\PhytoVisionAI_Research\dataset\final_split\train\Ganike\3656.jpg
train,Ganike,3675.jpg,C:\Users\Kushal A\OneDrive\Desktop\MAINPROJECT\PhytoVisionAI_Research\dataset\final_split\train\Ganike\3675.jpg
train,Ganike,3695.jpg,C:\Users\Kushal A\OneDrive\Desktop\MAINPROJECT\PhytoVisionAI_Research\dataset\final_split\train\Ganike\3695.jpg
train,Ganike,3651.jpg,C:\Users\Kushal A\OneDrive\Desktop\MAINPROJECT\PhytoVisionAI_Research\dataset\final_split\train\Ganike\3651.jpg
train,Ganike,281.jpg,C:\Users\Kushal A\OneDrive\Desktop\MAINPROJECT\PhytoVisionAI_Research\dataset\final_split\train\Ganike\281.jpg
train,Ganike,806.jpg,C:\Users\Kushal A\OneDrive\Desktop\MAINPROJECT\PhytoVisionAI_Research\dataset\final_split\train\Ganike\806.jpg
train,Ganike,3682.jpg,C:\Users\Kushal A\OneDrive\Desktop\MAINPROJECT\PhytoVisionAI_Research\dataset\final_split\train\Ganike\3682.jpg
train,Ganike,3720.jpg,C:\Users\Kushal A\OneDrive\Desktop\MAINPROJECT\PhytoVisionAI_Research\dataset\final_split\train\Ganike\3720.jpg
train,Ganike,802.jpg,C:\Users\Kushal A\OneDrive\Desktop\MAINPROJECT\PhytoVisionAI_Research\dataset\final_split\train\Ganike\802.jpg
train,Ganike,3709.jpg,C:\Users\Kushal A\OneDrive\Desktop\MAINPROJECT\PhytoVisionAI_Research\dataset\final_split\train\Ganike\3709.jpg
train,Ganike,3710.jpg,C:\Users\Kushal A\OneDrive\Desktop\MAINPROJECT\PhytoVisionAI_Research\dataset\final_split\train\Ganike\3710.jpg
train,Ganike,3674.jpg,C:\Users\Kushal A\OneDrive\Desktop\MAINPROJECT\PhytoVisionAI_Research\dataset\final_split\train\Ganike\3674.jpg
train,Ganike,3678.jpg,C:\Users\Kushal A\OneDrive\Desktop\MAINPROJECT\PhytoVisionAI_Research\dataset\final_split\train\Ganike\3678.jpg
train,Gauva,2707.jpg,C:\Users\Kushal A\OneDrive\Desktop\MAINPROJECT\PhytoVisionAI_Research\dataset\final_split\train\Gauva\2707.jpg
train,Gauva,2730.jpg,C:\Users\Kushal A\OneDrive\Desktop\MAINPROJECT\PhytoVisionAI_Research\dataset\final_split\train\Gauva\2730.jpg
train,Gauva,2701.jpg,C:\Users\Kushal A\OneDrive\Desktop\MAINPROJECT\PhytoVisionAI_Research\dataset\final_split\train\Gauva\2701.jpg
train,Gauva,2656.jpg,C:\Users\Kushal A\OneDrive\Desktop\MAINPROJECT\PhytoVisionAI_Research\dataset\final_split\train\Gauva\2656.jpg
train,Gauva,2712.jpg,C:\Users\Kushal A\OneDrive\Desktop\MAINPROJECT\PhytoVisionAI_Research\dataset\final_split\train\Gauva\2712.jpg
train,Gauva,171.jpg,C:\Users\Kushal A\OneDrive\Desktop\MAINPROJECT\PhytoVisionAI_Research\dataset\final_split\train\Gauva\171.jpg
train,Gauva,2680.jpg,C:\Users\Kushal A\OneDrive\Desktop\MAINPROJECT\PhytoVisionAI_Research\dataset\final_split\train\Gauva\2680.jpg
train,Gauva,2714.jpg,C:\Users\Kushal A\OneDrive\Desktop\MAINPROJECT\PhytoVisionAI_Research\dataset\final_split\train\Gauva\2714.jpg
train,Gauva,2715.jpg,C:\Users\Kushal A\OneDrive\Desktop\MAINPROJECT\PhytoVisionAI_Research\dataset\final_split\train\Gauva\2715.jpg
train,Gauva,701.jpg,C:\Users\Kushal A\OneDrive\Desktop\MAINPROJECT\PhytoVisionAI_Research\dataset\final_split\train\Gauva\701.jpg
train,Gauva,2706.jpg,C:\Users\Kushal A\OneDrive\Desktop\MAINPROJECT\PhytoVisionAI_Research\dataset\final_split\train\Gauva\2706.jpg
train,Gauva,2710.jpg,C:\Users\Kushal A\OneDrive\Desktop\MAINPROJECT\PhytoVisionAI_Research\dataset\final_split\train\Gauva\2710.jpg
train,Gauva,2735.jpg,C:\Users\Kushal A\OneDrive\Desktop\MAINPROJECT\PhytoVisionAI_Research\dataset\final_split\train\Gauva\2735.jpg
train,Gauva,2740.jpg,C:\Users\Kushal A\OneDrive\Desktop\MAINPROJECT\PhytoVisionAI_Research\dataset\final_split\train\Gauva\2740.jpg
train,Gauva,2729.jpg,C:\Users\Kushal A\OneDrive\Desktop\MAINPROJECT\PhytoVisionAI_Research\dataset\final_split\train\Gauva\2729.jpg
train,Gauva,2763.jpg,C:\Users\Kushal A\OneDrive\Desktop\MAINPROJECT\PhytoVisionAI_Research\dataset\final_split\train\Gauva\2763.jpg
train,Gauva,2658.jpg,C:\Users\Kushal A\OneDrive\Desktop\MAINPROJECT\PhytoVisionAI_Research\dataset\final_split\train\Gauva\2658.jpg
train,Gauva,2696.jpg,C:\Users\Kushal A\OneDrive\Desktop\MAINPROJECT\PhytoVisionAI_Research\dataset\final_split\train\Gauva\2696.jpg
train,Gauva,2699.jpg,C:\Users\Kushal A\OneDrive\Desktop\MAINPROJECT\PhytoVisionAI_Research\dataset\final_split\train\Gauva\2699.jpg
train,Gauva,2734.jpg,C:\Users\Kushal A\OneDrive\Desktop\MAINPROJECT\PhytoVisionAI_Research\dataset\final_split\train\Gauva\2734.jpg
train,Gauva,2676.jpg,C:\Users\Kushal A\OneDrive\Desktop\MAINPROJECT\PhytoVisionAI_Research\dataset\final_split\train\Gauva\2676.jpg
train,Gauva,2737.jpg,C:\Users\Kushal A\OneDrive\Desktop\MAINPROJECT\PhytoVisionAI_Research\dataset\final_split\train\Gauva\2737.jpg
train,Gauva,2709.jpg,C:\Users\Kushal A\OneDrive\Desktop\MAINPROJECT\PhytoVisionAI_Research\dataset\final_split\train\Gauva\2709.jpg
train,Gauva,2761.jpg,C:\Users\Kushal A\OneDrive\Desktop\MAINPROJECT\PhytoVisionAI_Research\dataset\final_split\train\Gauva\2761.jpg
train,Gauva,2766.jpg,C:\Users\Kushal A\OneDrive\Desktop\MAINPROJECT\PhytoVisionAI_Research\dataset\final_split\train\Gauva\2766.jpg
train,Gauva,2726.jpg,C:\Users\Kushal A\OneDrive\Desktop\MAINPROJECT\PhytoVisionAI_Research\dataset\final_split\train\Gauva\2726.jpg
train,Gauva,2648.jpg,C:\Users\Kushal A\OneDrive\Desktop\MAINPROJECT\PhytoVisionAI_Research\dataset\final_split\train\Gauva\2648.jpg
train,Gauva,2697.jpg,C:\Users\Kushal A\OneDrive\Desktop\MAINPROJECT\PhytoVisionAI_Research\dataset\final_split\train\Gauva\2697.jpg
train,Gauva,2756.jpg,C:\Users\Kushal A\OneDrive\Desktop\MAINPROJECT\PhytoVisionAI_Research\dataset\final_split\train\Gauva\2756.jpg
train,Gauva,2738.jpg,C:\Users\Kushal A\OneDrive\Desktop\MAINPROJECT\PhytoVisionAI_Research\dataset\final_split\train\Gauva\2738.jpg
train,Gauva,2660.jpg,C:\Users\Kushal A\OneDrive\Desktop\MAINPROJECT\PhytoVisionAI_Research\dataset\final_split\train\Gauva\2660.jpg
train,Gauva,2760.jpg,C:\Users\Kushal A\OneDrive\Desktop\MAINPROJECT\PhytoVisionAI_Research\dataset\final_split\train\Gauva\2760.jpg
train,Gauva,2762.jpg,C:\Users\Kushal A\OneDrive\Desktop\MAINPROJECT\PhytoVisionAI_Research\dataset\final_split\train\Gauva\2762.jpg
train,Gauva,2675.jpg,C:\Users\Kushal A\OneDrive\Desktop\MAINPROJECT\PhytoVisionAI_Research\dataset\final_split\train\Gauva\2675.jpg
train,Gauva,2705.jpg,C:\Users\Kushal A\OneDrive\Desktop\MAINPROJECT\PhytoVisionAI_Research\dataset\final_split\train\Gauva\2705.jpg
train,Gauva,2674.jpg,C:\Users\Kushal A\OneDrive\Desktop\MAINPROJECT\PhytoVisionAI_Research\dataset\final_split\train\Gauva\2674.jpg
train,Gauva,700.jpg,C:\Users\Kushal A\OneDrive\Desktop\MAINPROJECT\PhytoVisionAI_Research\dataset\final_split\train\Gauva\700.jpg
train,Gauva,696.jpg,C:\Users\Kushal A\OneDrive\Desktop\MAINPROJECT\PhytoVisionAI_Research\dataset\final_split\train\Gauva\696.jpg
train,Gauva,2672.jpg,C:\Users\Kushal A\OneDrive\Desktop\MAINPROJECT\PhytoVisionAI_Research\dataset\final_split\train\Gauva\2672.jpg
train,Gauva,2750.jpg,C:\Users\Kushal A\OneDrive\Desktop\MAINPROJECT\PhytoVisionAI_Research\dataset\final_split\train\Gauva\2750.jpg
train,Gauva,173.jpg,C:\Users\Kushal A\OneDrive\Desktop\MAINPROJECT\PhytoVisionAI_Research\dataset\final_split\train\Gauva\173.jpg
train,Gauva,2698.jpg,C:\Users\Kushal A\OneDrive\Desktop\MAINPROJECT\PhytoVisionAI_Research\dataset\final_split\train\Gauva\2698.jpg
train,Gauva,2725.jpg,C:\Users\Kushal A\OneDrive\Desktop\MAINPROJECT\PhytoVisionAI_Research\dataset\final_split\train\Gauva\2725.jpg
train,Gauva,2711.jpg,C:\Users\Kushal A\OneDrive\Desktop\MAINPROJECT\PhytoVisionAI_Research\dataset\final_split\train\Gauva\2711.jpg
train,Gauva,2695.jpg,C:\Users\Kushal A\OneDrive\Desktop\MAINPROJECT\PhytoVisionAI_Research\dataset\final_split\train\Gauva\2695.jpg
train,Gauva,2668.jpg,C:\Users\Kushal A\OneDrive\Desktop\MAINPROJECT\PhytoVisionAI_Research\dataset\final_split\train\Gauva\2668.jpg
train,Gauva,2677.jpg,C:\Users\Kushal A\OneDrive\Desktop\MAINPROJECT\PhytoVisionAI_Research\dataset\final_split\train\Gauva\2677.jpg
train,Gauva,179.jpg,C:\Users\Kushal A\OneDrive\Desktop\MAINPROJECT\PhytoVisionAI_Research\dataset\final_split\train\Gauva\179.jpg
train,Gauva,2720.jpg,C:\Users\Kushal A\OneDrive\Desktop\MAINPROJECT\PhytoVisionAI_Research\dataset\final_split\train\Gauva\2720.jpg
train,Gauva,695.jpg,C:\Users\Kushal A\OneDrive\Desktop\MAINPROJECT\PhytoVisionAI_Research\dataset\final_split\train\Gauva\695.jpg
train,Gauva,698.jpg,C:\Users\Kushal A\OneDrive\Desktop\MAINPROJECT\PhytoVisionAI_Research\dataset\final_split\train\Gauva\698.jpg
train,Gauva,2678.jpg,C:\Users\Kushal A\OneDrive\Desktop\MAINPROJECT\PhytoVisionAI_Research\dataset\final_split\train\Gauva\2678.jpg
train,Gauva,2684.jpg,C:\Users\Kushal A\OneDrive\Desktop\MAINPROJECT\PhytoVisionAI_Research\dataset\final_split\train\Gauva\2684.jpg
train,Gauva,2732.jpg,C:\Users\Kushal A\OneDrive\Desktop\MAINPROJECT\PhytoVisionAI_Research\dataset\final_split\train\Gauva\2732.jpg
train,Gauva,2765.jpg,C:\Users\Kushal A\OneDrive\Desktop\MAINPROJECT\PhytoVisionAI_Research\dataset\final_split\train\Gauva\2765.jpg
train,Gauva,2655.jpg,C:\Users\Kushal A\OneDrive\Desktop\MAINPROJECT\PhytoVisionAI_Research\dataset\final_split\train\Gauva\2655.jpg
train,Gauva,2671.jpg,C:\Users\Kushal A\OneDrive\Desktop\MAINPROJECT\PhytoVisionAI_Research\dataset\final_split\train\Gauva\2671.jpg
train,Gauva,2764.jpg,C:\Users\Kushal A\OneDrive\Desktop\MAINPROJECT\PhytoVisionAI_Research\dataset\final_split\train\Gauva\2764.jpg
train,Gauva,690.jpg,C:\Users\Kushal A\OneDrive\Desktop\MAINPROJECT\PhytoVisionAI_Research\dataset\final_split\train\Gauva\690.jpg
train,Gauva,2687.jpg,C:\Users\Kushal A\OneDrive\Desktop\MAINPROJECT\PhytoVisionAI_Research\dataset\final_split\train\Gauva\2687.jpg
train,Gauva,2717.jpg,C:\Users\Kushal A\OneDrive\Desktop\MAINPROJECT\PhytoVisionAI_Research\dataset\final_split\train\Gauva\2717.jpg
train,Gauva,697.jpg,C:\Users\Kushal A\OneDrive\Desktop\MAINPROJECT\PhytoVisionAI_Research\dataset\final_split\train\Gauva\697.jpg
train,Gauva,2667.jpg,C:\Users\Kushal A\OneDrive\Desktop\MAINPROJECT\PhytoVisionAI_Research\dataset\final_split\train\Gauva\2667.jpg
train,Gauva,2747.jpg,C:\Users\Kushal A\OneDrive\Desktop\MAINPROJECT\PhytoVisionAI_Research\dataset\final_split\train\Gauva\2747.jpg
train,Gauva,177.jpg,C:\Users\Kushal A\OneDrive\Desktop\MAINPROJECT\PhytoVisionAI_Research\dataset\final_split\train\Gauva\177.jpg
train,Gauva,2662.jpg,C:\Users\Kushal A\OneDrive\Desktop\MAINPROJECT\PhytoVisionAI_Research\dataset\final_split\train\Gauva\2662.jpg
train,Gauva,2724.jpg,C:\Users\Kushal A\OneDrive\Desktop\MAINPROJECT\PhytoVisionAI_Research\dataset\final_split\train\Gauva\2724.jpg
train,Gauva,2691.jpg,C:\Users\Kushal A\OneDrive\Desktop\MAINPROJECT\PhytoVisionAI_Research\dataset\final_split\train\Gauva\2691.jpg
train,Gauva,2686.jpg,C:\Users\Kushal A\OneDrive\Desktop\MAINPROJECT\PhytoVisionAI_Research\dataset\final_split\train\Gauva\2686.jpg
train,Gauva,702.jpg,C:\Users\Kushal A\OneDrive\Desktop\MAINPROJECT\PhytoVisionAI_Research\dataset\final_split\train\Gauva\702.jpg
train,Gauva,694.jpg,C:\Users\Kushal A\OneDrive\Desktop\MAINPROJECT\PhytoVisionAI_Research\dataset\final_split\train\Gauva\694.jpg
train,Gauva,176.jpg,C:\Users\Kushal A\OneDrive\Desktop\MAINPROJECT\PhytoVisionAI_Research\dataset\final_split\train\Gauva\176.jpg
train,Gauva,2758.jpg,C:\Users\Kushal A\OneDrive\Desktop\MAINPROJECT\PhytoVisionAI_Research\dataset\final_split\train\Gauva\2758.jpg
train,Gauva,2716.jpg,C:\Users\Kushal A\OneDrive\Desktop\MAINPROJECT\PhytoVisionAI_Research\dataset\final_split\train\Gauva\2716.jpg
train,Gauva,182.jpg,C:\Users\Kushal A\OneDrive\Desktop\MAINPROJECT\PhytoVisionAI_Research\dataset\final_split\train\Gauva\182.jpg
train,Gauva,2767.jpg,C:\Users\Kushal A\OneDrive\Desktop\MAINPROJECT\PhytoVisionAI_Research\dataset\final_split\train\Gauva\2767.jpg
train,Gauva,2661.jpg,C:\Users\Kushal A\OneDrive\Desktop\MAINPROJECT\PhytoVisionAI_Research\dataset\final_split\train\Gauva\2661.jpg
train,Gauva,2665.jpg,C:\Users\Kushal A\OneDrive\Desktop\MAINPROJECT\PhytoVisionAI_Research\dataset\final_split\train\Gauva\2665.jpg
train,Gauva,2733.jpg,C:\Users\Kushal A\OneDrive\Desktop\MAINPROJECT\PhytoVisionAI_Research\dataset\final_split\train\Gauva\2733.jpg
train,Gauva,2713.jpg,C:\Users\Kushal A\OneDrive\Desktop\MAINPROJECT\PhytoVisionAI_Research\dataset\final_split\train\Gauva\2713.jpg
train,Gauva,2688.jpg,C:\Users\Kushal A\OneDrive\Desktop\MAINPROJECT\PhytoVisionAI_Research\dataset\final_split\train\Gauva\2688.jpg
train,Gauva,174.jpg,C:\Users\Kushal A\OneDrive\Desktop\MAINPROJECT\PhytoVisionAI_Research\dataset\final_split\train\Gauva\174.jpg
train,Gauva,2649.jpg,C:\Users\Kushal A\OneDrive\Desktop\MAINPROJECT\PhytoVisionAI_Research\dataset\final_split\train\Gauva\2649.jpg
train,Gauva,2659.jpg,C:\Users\Kushal A\OneDrive\Desktop\MAINPROJECT\PhytoVisionAI_Research\dataset\final_split\train\Gauva\2659.jpg
train,Gauva,2670.jpg,C:\Users\Kushal A\OneDrive\Desktop\MAINPROJECT\PhytoVisionAI_Research\dataset\final_split\train\Gauva\2670.jpg
train,Gauva,2654.jpg,C:\Users\Kushal A\OneDrive\Desktop\MAINPROJECT\PhytoVisionAI_Research\dataset\final_split\train\Gauva\2654.jpg
train,Gauva,2744.jpg,C:\Users\Kushal A\OneDrive\Desktop\MAINPROJECT\PhytoVisionAI_Research\dataset\final_split\train\Gauva\2744.jpg
train,Gauva,2693.jpg,C:\Users\Kushal A\OneDrive\Desktop\MAINPROJECT\PhytoVisionAI_Research\dataset\final_split\train\Gauva\2693.jpg
train,Gauva,2666.jpg,C:\Users\Kushal A\OneDrive\Desktop\MAINPROJECT\PhytoVisionAI_Research\dataset\final_split\train\Gauva\2666.jpg
train,Gauva,2664.jpg,C:\Users\Kushal A\OneDrive\Desktop\MAINPROJECT\PhytoVisionAI_Research\dataset\final_split\train\Gauva\2664.jpg
train,Gauva,2753.jpg,C:\Users\Kushal A\OneDrive\Desktop\MAINPROJECT\PhytoVisionAI_Research\dataset\final_split\train\Gauva\2753.jpg
train,Gauva,2741.jpg,C:\Users\Kushal A\OneDrive\Desktop\MAINPROJECT\PhytoVisionAI_Research\dataset\final_split\train\Gauva\2741.jpg
train,Gauva,2689.jpg,C:\Users\Kushal A\OneDrive\Desktop\MAINPROJECT\PhytoVisionAI_Research\dataset\final_split\train\Gauva\2689.jpg
train,Gauva,2748.jpg,C:\Users\Kushal A\OneDrive\Desktop\MAINPROJECT\PhytoVisionAI_Research\dataset\final_split\train\Gauva\2748.jpg
train,Gauva,2727.jpg,C:\Users\Kushal A\OneDrive\Desktop\MAINPROJECT\PhytoVisionAI_Research\dataset\final_split\train\Gauva\2727.jpg
train,Gauva,2721.jpg,C:\Users\Kushal A\OneDrive\Desktop\MAINPROJECT\PhytoVisionAI_Research\dataset\final_split\train\Gauva\2721.jpg
train,Gauva,2694.jpg,C:\Users\Kushal A\OneDrive\Desktop\MAINPROJECT\PhytoVisionAI_Research\dataset\final_split\train\Gauva\2694.jpg
train,Gauva,2673.jpg,C:\Users\Kushal A\OneDrive\Desktop\MAINPROJECT\PhytoVisionAI_Research\dataset\final_split\train\Gauva\2673.jpg
train,Gauva,172.jpg,C:\Users\Kushal A\OneDrive\Desktop\MAINPROJECT\PhytoVisionAI_Research\dataset\final_split\train\Gauva\172.jpg
train,Gauva,2731.jpg,C:\Users\Kushal A\OneDrive\Desktop\MAINPROJECT\PhytoVisionAI_Research\dataset\final_split\train\Gauva\2731.jpg
train,Gauva,699.jpg,C:\Users\Kushal A\OneDrive\Desktop\MAINPROJECT\PhytoVisionAI_Research\dataset\final_split\train\Gauva\699.jpg
train,Gauva,2663.jpg,C:\Users\Kushal A\OneDrive\Desktop\MAINPROJECT\PhytoVisionAI_Research\dataset\final_split\train\Gauva\2663.jpg
train,Geranium,1104.jpg,C:\Users\Kushal A\OneDrive\Desktop\MAINPROJECT\PhytoVisionAI_Research\dataset\final_split\train\Geranium\1104.jpg
train,Geranium,1046.jpg,C:\Users\Kushal A\OneDrive\Desktop\MAINPROJECT\PhytoVisionAI_Research\dataset\final_split\train\Geranium\1046.jpg
train,Geranium,1077.jpg,C:\Users\Kushal A\OneDrive\Desktop\MAINPROJECT\PhytoVisionAI_Research\dataset\final_split\train\Geranium\1077.jpg
train,Geranium,1045.jpg,C:\Users\Kushal A\OneDrive\Desktop\MAINPROJECT\PhytoVisionAI_Research\dataset\final_split\train\Geranium\1045.jpg
train,Geranium,1059.jpg,C:\Users\Kushal A\OneDrive\Desktop\MAINPROJECT\PhytoVisionAI_Research\dataset\final_split\train\Geranium\1059.jpg
train,Geranium,1096.jpg,C:\Users\Kushal A\OneDrive\Desktop\MAINPROJECT\PhytoVisionAI_Research\dataset\final_split\train\Geranium\1096.jpg
train,Geranium,1124.jpg,C:\Users\Kushal A\OneDrive\Desktop\MAINPROJECT\PhytoVisionAI_Research\dataset\final_split\train\Geranium\1124.jpg
train,Geranium,1061.jpg,C:\Users\Kushal A\OneDrive\Desktop\MAINPROJECT\PhytoVisionAI_Research\dataset\final_split\train\Geranium\1061.jpg
train,Geranium,1088.jpg,C:\Users\Kushal A\OneDrive\Desktop\MAINPROJECT\PhytoVisionAI_Research\dataset\final_split\train\Geranium\1088.jpg
train,Geranium,1107.jpg,C:\Users\Kushal A\OneDrive\Desktop\MAINPROJECT\PhytoVisionAI_Research\dataset\final_split\train\Geranium\1107.jpg
train,Geranium,1102.jpg,C:\Users\Kushal A\OneDrive\Desktop\MAINPROJECT\PhytoVisionAI_Research\dataset\final_split\train\Geranium\1102.jpg
train,Geranium,1135.jpg,C:\Users\Kushal A\OneDrive\Desktop\MAINPROJECT\PhytoVisionAI_Research\dataset\final_split\train\Geranium\1135.jpg
train,Geranium,13.jpg,C:\Users\Kushal A\OneDrive\Desktop\MAINPROJECT\PhytoVisionAI_Research\dataset\final_split\train\Geranium\13.jpg
train,Geranium,1090.jpg,C:\Users\Kushal A\OneDrive\Desktop\MAINPROJECT\PhytoVisionAI_Research\dataset\final_split\train\Geranium\1090.jpg
train,Geranium,1063.jpg,C:\Users\Kushal A\OneDrive\Desktop\MAINPROJECT\PhytoVisionAI_Research\dataset\final_split\train\Geranium\1063.jpg
train,Geranium,1116.jpg,C:\Users\Kushal A\OneDrive\Desktop\MAINPROJECT\PhytoVisionAI_Research\dataset\final_split\train\Geranium\1116.jpg
train,Geranium,1074.jpg,C:\Users\Kushal A\OneDrive\Desktop\MAINPROJECT\PhytoVisionAI_Research\dataset\final_split\train\Geranium\1074.jpg
train,Geranium,1156.jpg,C:\Users\Kushal A\OneDrive\Desktop\MAINPROJECT\PhytoVisionAI_Research\dataset\final_split\train\Geranium\1156.jpg
train,Geranium,1125.jpg,C:\Users\Kushal A\OneDrive\Desktop\MAINPROJECT\PhytoVisionAI_Research\dataset\final_split\train\Geranium\1125.jpg
train,Geranium,1158.jpg,C:\Users\Kushal A\OneDrive\Desktop\MAINPROJECT\PhytoVisionAI_Research\dataset\final_split\train\Geranium\1158.jpg
train,Geranium,3.jpg,C:\Users\Kushal A\OneDrive\Desktop\MAINPROJECT\PhytoVisionAI_Research\dataset\final_split\train\Geranium\3.jpg
train,Geranium,5.jpg,C:\Users\Kushal A\OneDrive\Desktop\MAINPROJECT\PhytoVisionAI_Research\dataset\final_split\train\Geranium\5.jpg
train,Geranium,1117.jpg,C:\Users\Kushal A\OneDrive\Desktop\MAINPROJECT\PhytoVisionAI_Research\dataset\final_split\train\Geranium\1117.jpg
train,Geranium,1109.jpg,C:\Users\Kushal A\OneDrive\Desktop\MAINPROJECT\PhytoVisionAI_Research\dataset\final_split\train\Geranium\1109.jpg
train,Geranium,1147.jpg,C:\Users\Kushal A\OneDrive\Desktop\MAINPROJECT\PhytoVisionAI_Research\dataset\final_split\train\Geranium\1147.jpg
train,Geranium,1055.jpg,C:\Users\Kushal A\OneDrive\Desktop\MAINPROJECT\PhytoVisionAI_Research\dataset\final_split\train\Geranium\1055.jpg
train,Geranium,1066.jpg,C:\Users\Kushal A\OneDrive\Desktop\MAINPROJECT\PhytoVisionAI_Research\dataset\final_split\train\Geranium\1066.jpg
train,Geranium,1154.jpg,C:\Users\Kushal A\OneDrive\Desktop\MAINPROJECT\PhytoVisionAI_Research\dataset\final_split\train\Geranium\1154.jpg
train,Geranium,1141.jpg,C:\Users\Kushal A\OneDrive\Desktop\MAINPROJECT\PhytoVisionAI_Research\dataset\final_split\train\Geranium\1141.jpg
train,Geranium,526.jpg,C:\Users\Kushal A\OneDrive\Desktop\MAINPROJECT\PhytoVisionAI_Research\dataset\final_split\train\Geranium\526.jpg
train,Geranium,1056.jpg,C:\Users\Kushal A\OneDrive\Desktop\MAINPROJECT\PhytoVisionAI_Research\dataset\final_split\train\Geranium\1056.jpg
train,Geranium,1083.jpg,C:\Users\Kushal A\OneDrive\Desktop\MAINPROJECT\PhytoVisionAI_Research\dataset\final_split\train\Geranium\1083.jpg
train,Geranium,10.jpg,C:\Users\Kushal A\OneDrive\Desktop\MAINPROJECT\PhytoVisionAI_Research\dataset\final_split\train\Geranium\10.jpg
train,Geranium,1138.jpg,C:\Users\Kushal A\OneDrive\Desktop\MAINPROJECT\PhytoVisionAI_Research\dataset\final_split\train\Geranium\1138.jpg
train,Geranium,1151.jpg,C:\Users\Kushal A\OneDrive\Desktop\MAINPROJECT\PhytoVisionAI_Research\dataset\final_split\train\Geranium\1151.jpg
train,Geranium,1119.jpg,C:\Users\Kushal A\OneDrive\Desktop\MAINPROJECT\PhytoVisionAI_Research\dataset\final_split\train\Geranium\1119.jpg
train,Geranium,7.jpg,C:\Users\Kushal A\OneDrive\Desktop\MAINPROJECT\PhytoVisionAI_Research\dataset\final_split\train\Geranium\7.jpg
train,Geranium,1113.jpg,C:\Users\Kushal A\OneDrive\Desktop\MAINPROJECT\PhytoVisionAI_Research\dataset\final_split\train\Geranium\1113.jpg
train,Geranium,1144.jpg,C:\Users\Kushal A\OneDrive\Desktop\MAINPROJECT\PhytoVisionAI_Research\dataset\final_split\train\Geranium\1144.jpg
train,Geranium,532.jpg,C:\Users\Kushal A\OneDrive\Desktop\MAINPROJECT\PhytoVisionAI_Research\dataset\final_split\train\Geranium\532.jpg
train,Geranium,525.jpg,C:\Users\Kushal A\OneDrive\Desktop\MAINPROJECT\PhytoVisionAI_Research\dataset\final_split\train\Geranium\525.jpg
train,Geranium,1048.jpg,C:\Users\Kushal A\OneDrive\Desktop\MAINPROJECT\PhytoVisionAI_Research\dataset\final_split\train\Geranium\1048.jpg
train,Geranium,1152.jpg,C:\Users\Kushal A\OneDrive\Desktop\MAINPROJECT\PhytoVisionAI_Research\dataset\final_split\train\Geranium\1152.jpg
train,Geranium,1053.jpg,C:\Users\Kushal A\OneDrive\Desktop\MAINPROJECT\PhytoVisionAI_Research\dataset\final_split\train\Geranium\1053.jpg
train,Geranium,1129.jpg,C:\Users\Kushal A\OneDrive\Desktop\MAINPROJECT\PhytoVisionAI_Research\dataset\final_split\train\Geranium\1129.jpg
train,Geranium,1159.jpg,C:\Users\Kushal A\OneDrive\Desktop\MAINPROJECT\PhytoVisionAI_Research\dataset\final_split\train\Geranium\1159.jpg
train,Geranium,1131.jpg,C:\Users\Kushal A\OneDrive\Desktop\MAINPROJECT\PhytoVisionAI_Research\dataset\final_split\train\Geranium\1131.jpg
train,Geranium,1.jpg,C:\Users\Kushal A\OneDrive\Desktop\MAINPROJECT\PhytoVisionAI_Research\dataset\final_split\train\Geranium\1.jpg
train,Geranium,1118.jpg,C:\Users\Kushal A\OneDrive\Desktop\MAINPROJECT\PhytoVisionAI_Research\dataset\final_split\train\Geranium\1118.jpg
train,Geranium,1114.jpg,C:\Users\Kushal A\OneDrive\Desktop\MAINPROJECT\PhytoVisionAI_Research\dataset\final_split\train\Geranium\1114.jpg
train,Geranium,1043.jpg,C:\Users\Kushal A\OneDrive\Desktop\MAINPROJECT\PhytoVisionAI_Research\dataset\final_split\train\Geranium\1043.jpg
train,Geranium,523.jpg,C:\Users\Kushal A\OneDrive\Desktop\MAINPROJECT\PhytoVisionAI_Research\dataset\final_split\train\Geranium\523.jpg
train,Geranium,1122.jpg,C:\Users\Kushal A\OneDrive\Desktop\MAINPROJECT\PhytoVisionAI_Research\dataset\final_split\train\Geranium\1122.jpg
train,Geranium,521.jpg,C:\Users\Kushal A\OneDrive\Desktop\MAINPROJECT\PhytoVisionAI_Research\dataset\final_split\train\Geranium\521.jpg
train,Geranium,1149.jpg,C:\Users\Kushal A\OneDrive\Desktop\MAINPROJECT\PhytoVisionAI_Research\dataset\final_split\train\Geranium\1149.jpg
train,Geranium,1136.jpg,C:\Users\Kushal A\OneDrive\Desktop\MAINPROJECT\PhytoVisionAI_Research\dataset\final_split\train\Geranium\1136.jpg
train,Geranium,1095.jpg,C:\Users\Kushal A\OneDrive\Desktop\MAINPROJECT\PhytoVisionAI_Research\dataset\final_split\train\Geranium\1095.jpg
train,Geranium,1050.jpg,C:\Users\Kushal A\OneDrive\Desktop\MAINPROJECT\PhytoVisionAI_Research\dataset\final_split\train\Geranium\1050.jpg
train,Geranium,1111.jpg,C:\Users\Kushal A\OneDrive\Desktop\MAINPROJECT\PhytoVisionAI_Research\dataset\final_split\train\Geranium\1111.jpg
train,Geranium,1073.jpg,C:\Users\Kushal A\OneDrive\Desktop\MAINPROJECT\PhytoVisionAI_Research\dataset\final_split\train\Geranium\1073.jpg
train,Geranium,1139.jpg,C:\Users\Kushal A\OneDrive\Desktop\MAINPROJECT\PhytoVisionAI_Research\dataset\final_split\train\Geranium\1139.jpg
train,Geranium,1047.jpg,C:\Users\Kushal A\OneDrive\Desktop\MAINPROJECT\PhytoVisionAI_Research\dataset\final_split\train\Geranium\1047.jpg
train,Geranium,6.jpg,C:\Users\Kushal A\OneDrive\Desktop\MAINPROJECT\PhytoVisionAI_Research\dataset\final_split\train\Geranium\6.jpg
train,Geranium,1142.jpg,C:\Users\Kushal A\OneDrive\Desktop\MAINPROJECT\PhytoVisionAI_Research\dataset\final_split\train\Geranium\1142.jpg
train,Geranium,1060.jpg,C:\Users\Kushal A\OneDrive\Desktop\MAINPROJECT\PhytoVisionAI_Research\dataset\final_split\train\Geranium\1060.jpg
train,Geranium,1097.jpg,C:\Users\Kushal A\OneDrive\Desktop\MAINPROJECT\PhytoVisionAI_Research\dataset\final_split\train\Geranium\1097.jpg
train,Geranium,1105.jpg,C:\Users\Kushal A\OneDrive\Desktop\MAINPROJECT\PhytoVisionAI_Research\dataset\final_split\train\Geranium\1105.jpg
train,Geranium,1100.jpg,C:\Users\Kushal A\OneDrive\Desktop\MAINPROJECT\PhytoVisionAI_Research\dataset\final_split\train\Geranium\1100.jpg
train,Geranium,1071.jpg,C:\Users\Kushal A\OneDrive\Desktop\MAINPROJECT\PhytoVisionAI_Research\dataset\final_split\train\Geranium\1071.jpg
train,Geranium,1082.jpg,C:\Users\Kushal A\OneDrive\Desktop\MAINPROJECT\PhytoVisionAI_Research\dataset\final_split\train\Geranium\1082.jpg
train,Geranium,1143.jpg,C:\Users\Kushal A\OneDrive\Desktop\MAINPROJECT\PhytoVisionAI_Research\dataset\final_split\train\Geranium\1143.jpg
train,Geranium,1148.jpg,C:\Users\Kushal A\OneDrive\Desktop\MAINPROJECT\PhytoVisionAI_Research\dataset\final_split\train\Geranium\1148.jpg
train,Geranium,1157.jpg,C:\Users\Kushal A\OneDrive\Desktop\MAINPROJECT\PhytoVisionAI_Research\dataset\final_split\train\Geranium\1157.jpg
train,Geranium,1126.jpg,C:\Users\Kushal A\OneDrive\Desktop\MAINPROJECT\PhytoVisionAI_Research\dataset\final_split\train\Geranium\1126.jpg
train,Geranium,1146.jpg,C:\Users\Kushal A\OneDrive\Desktop\MAINPROJECT\PhytoVisionAI_Research\dataset\final_split\train\Geranium\1146.jpg
train,Geranium,1068.jpg,C:\Users\Kushal A\OneDrive\Desktop\MAINPROJECT\PhytoVisionAI_Research\dataset\final_split\train\Geranium\1068.jpg
train,Geranium,1081.jpg,C:\Users\Kushal A\OneDrive\Desktop\MAINPROJECT\PhytoVisionAI_Research\dataset\final_split\train\Geranium\1081.jpg
train,Geranium,1064.jpg,C:\Users\Kushal A\OneDrive\Desktop\MAINPROJECT\PhytoVisionAI_Research\dataset\final_split\train\Geranium\1064.jpg
train,Geranium,1058.jpg,C:\Users\Kushal A\OneDrive\Desktop\MAINPROJECT\PhytoVisionAI_Research\dataset\final_split\train\Geranium\1058.jpg
train,Geranium,1076.jpg,C:\Users\Kushal A\OneDrive\Desktop\MAINPROJECT\PhytoVisionAI_Research\dataset\final_split\train\Geranium\1076.jpg
train,Geranium,524.jpg,C:\Users\Kushal A\OneDrive\Desktop\MAINPROJECT\PhytoVisionAI_Research\dataset\final_split\train\Geranium\524.jpg
train,Geranium,1120.jpg,C:\Users\Kushal A\OneDrive\Desktop\MAINPROJECT\PhytoVisionAI_Research\dataset\final_split\train\Geranium\1120.jpg
train,Geranium,1112.jpg,C:\Users\Kushal A\OneDrive\Desktop\MAINPROJECT\PhytoVisionAI_Research\dataset\final_split\train\Geranium\1112.jpg
train,Geranium,1150.jpg,C:\Users\Kushal A\OneDrive\Desktop\MAINPROJECT\PhytoVisionAI_Research\dataset\final_split\train\Geranium\1150.jpg
train,Geranium,1140.jpg,C:\Users\Kushal A\OneDrive\Desktop\MAINPROJECT\PhytoVisionAI_Research\dataset\final_split\train\Geranium\1140.jpg
train,Geranium,1041.jpg,C:\Users\Kushal A\OneDrive\Desktop\MAINPROJECT\PhytoVisionAI_Research\dataset\final_split\train\Geranium\1041.jpg
train,Geranium,528.jpg,C:\Users\Kushal A\OneDrive\Desktop\MAINPROJECT\PhytoVisionAI_Research\dataset\final_split\train\Geranium\528.jpg
train,Geranium,1067.jpg,C:\Users\Kushal A\OneDrive\Desktop\MAINPROJECT\PhytoVisionAI_Research\dataset\final_split\train\Geranium\1067.jpg
train,Geranium,1110.jpg,C:\Users\Kushal A\OneDrive\Desktop\MAINPROJECT\PhytoVisionAI_Research\dataset\final_split\train\Geranium\1110.jpg
train,Geranium,1044.jpg,C:\Users\Kushal A\OneDrive\Desktop\MAINPROJECT\PhytoVisionAI_Research\dataset\final_split\train\Geranium\1044.jpg
train,Geranium,1091.jpg,C:\Users\Kushal A\OneDrive\Desktop\MAINPROJECT\PhytoVisionAI_Research\dataset\final_split\train\Geranium\1091.jpg
train,Geranium,2.jpg,C:\Users\Kushal A\OneDrive\Desktop\MAINPROJECT\PhytoVisionAI_Research\dataset\final_split\train\Geranium\2.jpg
train,Geranium,1086.jpg,C:\Users\Kushal A\OneDrive\Desktop\MAINPROJECT\PhytoVisionAI_Research\dataset\final_split\train\Geranium\1086.jpg
train,Geranium,9.jpg,C:\Users\Kushal A\OneDrive\Desktop\MAINPROJECT\PhytoVisionAI_Research\dataset\final_split\train\Geranium\9.jpg
train,Geranium,1079.jpg,C:\Users\Kushal A\OneDrive\Desktop\MAINPROJECT\PhytoVisionAI_Research\dataset\final_split\train\Geranium\1079.jpg
train,Geranium,1099.jpg,C:\Users\Kushal A\OneDrive\Desktop\MAINPROJECT\PhytoVisionAI_Research\dataset\final_split\train\Geranium\1099.jpg
train,Geranium,1130.jpg,C:\Users\Kushal A\OneDrive\Desktop\MAINPROJECT\PhytoVisionAI_Research\dataset\final_split\train\Geranium\1130.jpg
train,Geranium,1051.jpg,C:\Users\Kushal A\OneDrive\Desktop\MAINPROJECT\PhytoVisionAI_Research\dataset\final_split\train\Geranium\1051.jpg
train,Geranium,1145.jpg,C:\Users\Kushal A\OneDrive\Desktop\MAINPROJECT\PhytoVisionAI_Research\dataset\final_split\train\Geranium\1145.jpg
train,Geranium,1101.jpg,C:\Users\Kushal A\OneDrive\Desktop\MAINPROJECT\PhytoVisionAI_Research\dataset\final_split\train\Geranium\1101.jpg
train,Geranium,1103.jpg,C:\Users\Kushal A\OneDrive\Desktop\MAINPROJECT\PhytoVisionAI_Research\dataset\final_split\train\Geranium\1103.jpg
train,Geranium,1085.jpg,C:\Users\Kushal A\OneDrive\Desktop\MAINPROJECT\PhytoVisionAI_Research\dataset\final_split\train\Geranium\1085.jpg
train,Henna,4673.jpg,C:\Users\Kushal A\OneDrive\Desktop\MAINPROJECT\PhytoVisionAI_Research\dataset\final_split\train\Henna\4673.jpg
train,Henna,383.jpg,C:\Users\Kushal A\OneDrive\Desktop\MAINPROJECT\PhytoVisionAI_Research\dataset\final_split\train\Henna\383.jpg
train,Henna,4713.jpg,C:\Users\Kushal A\OneDrive\Desktop\MAINPROJECT\PhytoVisionAI_Research\dataset\final_split\train\Henna\4713.jpg
train,Henna,4726.jpg,C:\Users\Kushal A\OneDrive\Desktop\MAINPROJECT\PhytoVisionAI_Research\dataset\final_split\train\Henna\4726.jpg
train,Henna,4729.jpg,C:\Users\Kushal A\OneDrive\Desktop\MAINPROJECT\PhytoVisionAI_Research\dataset\final_split\train\Henna\4729.jpg
train,Henna,4625.jpg,C:\Users\Kushal A\OneDrive\Desktop\MAINPROJECT\PhytoVisionAI_Research\dataset\final_split\train\Henna\4625.jpg
train,Henna,4727.jpg,C:\Users\Kushal A\OneDrive\Desktop\MAINPROJECT\PhytoVisionAI_Research\dataset\final_split\train\Henna\4727.jpg
train,Henna,mmpd_18 (48).jpg,C:\Users\Kushal A\OneDrive\Desktop\MAINPROJECT\PhytoVisionAI_Research\dataset\final_split\train\Henna\mmpd_18 (48).jpg
train,Henna,mmpd_18 (52).jpg,C:\Users\Kushal A\OneDrive\Desktop\MAINPROJECT\PhytoVisionAI_Research\dataset\final_split\train\Henna\mmpd_18 (52).jpg
train,Henna,mmpd_18 (65).jpg,C:\Users\Kushal A\OneDrive\Desktop\MAINPROJECT\PhytoVisionAI_Research\dataset\final_split\train\Henna\mmpd_18 (65).jpg
train,Henna,4688.jpg,C:\Users\Kushal A\OneDrive\Desktop\MAINPROJECT\PhytoVisionAI_Research\dataset\final_split\train\Henna\4688.jpg
train,Henna,903.jpg,C:\Users\Kushal A\OneDrive\Desktop\MAINPROJECT\PhytoVisionAI_Research\dataset\final_split\train\Henna\903.jpg
train,Henna,mmpd_18 (90).jpg,C:\Users\Kushal A\OneDrive\Desktop\MAINPROJECT\PhytoVisionAI_Research\dataset\final_split\train\Henna\mmpd_18 (90).jpg
train,Henna,4637.jpg,C:\Users\Kushal A\OneDrive\Desktop\MAINPROJECT\PhytoVisionAI_Research\dataset\final_split\train\Henna\4637.jpg
train,Henna,4739.jpg,C:\Users\Kushal A\OneDrive\Desktop\MAINPROJECT\PhytoVisionAI_Research\dataset\final_split\train\Henna\4739.jpg
train,Henna,4732.jpg,C:\Users\Kushal A\OneDrive\Desktop\MAINPROJECT\PhytoVisionAI_Research\dataset\final_split\train\Henna\4732.jpg
train,Henna,4735.jpg,C:\Users\Kushal A\OneDrive\Desktop\MAINPROJECT\PhytoVisionAI_Research\dataset\final_split\train\Henna\4735.jpg
train,Henna,4694.jpg,C:\Users\Kushal A\OneDrive\Desktop\MAINPROJECT\PhytoVisionAI_Research\dataset\final_split\train\Henna\4694.jpg
train,Henna,4740.jpg,C:\Users\Kushal A\OneDrive\Desktop\MAINPROJECT\PhytoVisionAI_Research\dataset\final_split\train\Henna\4740.jpg
train,Henna,mmpd_18 (51).jpg,C:\Users\Kushal A\OneDrive\Desktop\MAINPROJECT\PhytoVisionAI_Research\dataset\final_split\train\Henna\mmpd_18 (51).jpg
train,Henna,mmpd_18 (28).jpg,C:\Users\Kushal A\OneDrive\Desktop\MAINPROJECT\PhytoVisionAI_Research\dataset\final_split\train\Henna\mmpd_18 (28).jpg
train,Henna,904.jpg,C:\Users\Kushal A\OneDrive\Desktop\MAINPROJECT\PhytoVisionAI_Research\dataset\final_split\train\Henna\904.jpg
train,Henna,4743.jpg,C:\Users\Kushal A\OneDrive\Desktop\MAINPROJECT\PhytoVisionAI_Research\dataset\final_split\train\Henna\4743.jpg
train,Henna,mmpd_18 (79).jpg,C:\Users\Kushal A\OneDrive\Desktop\MAINPROJECT\PhytoVisionAI_Research\dataset\final_split\train\Henna\mmpd_18 (79).jpg
train,Henna,mmpd_18 (77).jpg,C:\Users\Kushal A\OneDrive\Desktop\MAINPROJECT\PhytoVisionAI_Research\dataset\final_split\train\Henna\mmpd_18 (77).jpg
train,Henna,901.jpg,C:\Users\Kushal A\OneDrive\Desktop\MAINPROJECT\PhytoVisionAI_Research\dataset\final_split\train\Henna\901.jpg
train,Henna,4717.jpg,C:\Users\Kushal A\OneDrive\Desktop\MAINPROJECT\PhytoVisionAI_Research\dataset\final_split\train\Henna\4717.jpg
train,Henna,mmpd_18 (80).jpg,C:\Users\Kushal A\OneDrive\Desktop\MAINPROJECT\PhytoVisionAI_Research\dataset\final_split\train\Henna\mmpd_18 (80).jpg
train,Henna,384.jpg,C:\Users\Kushal A\OneDrive\Desktop\MAINPROJECT\PhytoVisionAI_Research\dataset\final_split\train\Henna\384.jpg
train,Henna,4738.jpg,C:\Users\Kushal A\OneDrive\Desktop\MAINPROJECT\PhytoVisionAI_Research\dataset\final_split\train\Henna\4738.jpg
train,Henna,4660.jpg,C:\Users\Kushal A\OneDrive\Desktop\MAINPROJECT\PhytoVisionAI_Research\dataset\final_split\train\Henna\4660.jpg
train,Henna,4638.jpg,C:\Users\Kushal A\OneDrive\Desktop\MAINPROJECT\PhytoVisionAI_Research\dataset\final_split\train\Henna\4638.jpg
train,Henna,4718.jpg,C:\Users\Kushal A\OneDrive\Desktop\MAINPROJECT\PhytoVisionAI_Research\dataset\final_split\train\Henna\4718.jpg
train,Henna,4715.jpg,C:\Users\Kushal A\OneDrive\Desktop\MAINPROJECT\PhytoVisionAI_Research\dataset\final_split\train\Henna\4715.jpg
train,Henna,4691.jpg,C:\Users\Kushal A\OneDrive\Desktop\MAINPROJECT\PhytoVisionAI_Research\dataset\final_split\train\Henna\4691.jpg
train,Henna,mmpd_18 (8).jpg,C:\Users\Kushal A\OneDrive\Desktop\MAINPROJECT\PhytoVisionAI_Research\dataset\final_split\train\Henna\mmpd_18 (8).jpg
train,Henna,898.jpg,C:\Users\Kushal A\OneDrive\Desktop\MAINPROJECT\PhytoVisionAI_Research\dataset\final_split\train\Henna\898.jpg
train,Henna,4676.jpg,C:\Users\Kushal A\OneDrive\Desktop\MAINPROJECT\PhytoVisionAI_Research\dataset\final_split\train\Henna\4676.jpg
train,Henna,4681.jpg,C:\Users\Kushal A\OneDrive\Desktop\MAINPROJECT\PhytoVisionAI_Research\dataset\final_split\train\Henna\4681.jpg
train,Henna,mmpd_18 (74).jpg,C:\Users\Kushal A\OneDrive\Desktop\MAINPROJECT\PhytoVisionAI_Research\dataset\final_split\train\Henna\mmpd_18 (74).jpg
train,Henna,mmpd_18 (97).jpg,C:\Users\Kushal A\OneDrive\Desktop\MAINPROJECT\PhytoVisionAI_Research\dataset\final_split\train\Henna\mmpd_18 (97).jpg
train,Henna,4624.jpg,C:\Users\Kushal A\OneDrive\Desktop\MAINPROJECT\PhytoVisionAI_Research\dataset\final_split\train\Henna\4624.jpg
train,Henna,mmpd_18 (88).jpg,C:\Users\Kushal A\OneDrive\Desktop\MAINPROJECT\PhytoVisionAI_Research\dataset\final_split\train\Henna\mmpd_18 (88).jpg
train,Henna,mmpd_18 (68).jpg,C:\Users\Kushal A\OneDrive\Desktop\MAINPROJECT\PhytoVisionAI_Research\dataset\final_split\train\Henna\mmpd_18 (68).jpg
train,Henna,4649.jpg,C:\Users\Kushal A\OneDrive\Desktop\MAINPROJECT\PhytoVisionAI_Research\dataset\final_split\train\Henna\4649.jpg
train,Henna,mmpd_18 (37).jpg,C:\Users\Kushal A\OneDrive\Desktop\MAINPROJECT\PhytoVisionAI_Research\dataset\final_split\train\Henna\mmpd_18 (37).jpg
train,Henna,4698.jpg,C:\Users\Kushal A\OneDrive\Desktop\MAINPROJECT\PhytoVisionAI_Research\dataset\final_split\train\Henna\4698.jpg
train,Henna,4741.jpg,C:\Users\Kushal A\OneDrive\Desktop\MAINPROJECT\PhytoVisionAI_Research\dataset\final_split\train\Henna\4741.jpg
train,Henna,mmpd_18 (89).jpg,C:\Users\Kushal A\OneDrive\Desktop\MAINPROJECT\PhytoVisionAI_Research\dataset\final_split\train\Henna\mmpd_18 (89).jpg
train,Henna,4725.jpg,C:\Users\Kushal A\OneDrive\Desktop\MAINPROJECT\PhytoVisionAI_Research\dataset\final_split\train\Henna\4725.jpg
train,Henna,4669.jpg,C:\Users\Kushal A\OneDrive\Desktop\MAINPROJECT\PhytoVisionAI_Research\dataset\final_split\train\Henna\4669.jpg
train,Henna,4639.jpg,C:\Users\Kushal A\OneDrive\Desktop\MAINPROJECT\PhytoVisionAI_Research\dataset\final_split\train\Henna\4639.jpg
train,Henna,390.jpg,C:\Users\Kushal A\OneDrive\Desktop\MAINPROJECT\PhytoVisionAI_Research\dataset\final_split\train\Henna\390.jpg
train,Henna,4653.jpg,C:\Users\Kushal A\OneDrive\Desktop\MAINPROJECT\PhytoVisionAI_Research\dataset\final_split\train\Henna\4653.jpg
train,Henna,4683.jpg,C:\Users\Kushal A\OneDrive\Desktop\MAINPROJECT\PhytoVisionAI_Research\dataset\final_split\train\Henna\4683.jpg
train,Henna,mmpd_18 (93).jpg,C:\Users\Kushal A\OneDrive\Desktop\MAINPROJECT\PhytoVisionAI_Research\dataset\final_split\train\Henna\mmpd_18 (93).jpg
train,Henna,mmpd_18 (27).jpg,C:\Users\Kushal A\OneDrive\Desktop\MAINPROJECT\PhytoVisionAI_Research\dataset\final_split\train\Henna\mmpd_18 (27).jpg
train,Henna,mmpd_18 (59).jpg,C:\Users\Kushal A\OneDrive\Desktop\MAINPROJECT\PhytoVisionAI_Research\dataset\final_split\train\Henna\mmpd_18 (59).jpg
train,Henna,4711.jpg,C:\Users\Kushal A\OneDrive\Desktop\MAINPROJECT\PhytoVisionAI_Research\dataset\final_split\train\Henna\4711.jpg
train,Henna,4721.jpg,C:\Users\Kushal A\OneDrive\Desktop\MAINPROJECT\PhytoVisionAI_Research\dataset\final_split\train\Henna\4721.jpg
train,Henna,4686.jpg,C:\Users\Kushal A\OneDrive\Desktop\MAINPROJECT\PhytoVisionAI_Research\dataset\final_split\train\Henna\4686.jpg
train,Henna,mmpd_18 (98).jpg,C:\Users\Kushal A\OneDrive\Desktop\MAINPROJECT\PhytoVisionAI_Research\dataset\final_split\train\Henna\mmpd_18 (98).jpg
train,Henna,4716.jpg,C:\Users\Kushal A\OneDrive\Desktop\MAINPROJECT\PhytoVisionAI_Research\dataset\final_split\train\Henna\4716.jpg
train,Henna,4695.jpg,C:\Users\Kushal A\OneDrive\Desktop\MAINPROJECT\PhytoVisionAI_Research\dataset\final_split\train\Henna\4695.jpg
train,Henna,4714.jpg,C:\Users\Kushal A\OneDrive\Desktop\MAINPROJECT\PhytoVisionAI_Research\dataset\final_split\train\Henna\4714.jpg
train,Henna,4665.jpg,C:\Users\Kushal A\OneDrive\Desktop\MAINPROJECT\PhytoVisionAI_Research\dataset\final_split\train\Henna\4665.jpg
train,Henna,mmpd_18 (40).jpg,C:\Users\Kushal A\OneDrive\Desktop\MAINPROJECT\PhytoVisionAI_Research\dataset\final_split\train\Henna\mmpd_18 (40).jpg
train,Henna,mmpd_18 (13).jpg,C:\Users\Kushal A\OneDrive\Desktop\MAINPROJECT\PhytoVisionAI_Research\dataset\final_split\train\Henna\mmpd_18 (13).jpg
train,Henna,4651.jpg,C:\Users\Kushal A\OneDrive\Desktop\MAINPROJECT\PhytoVisionAI_Research\dataset\final_split\train\Henna\4651.jpg
train,Henna,4659.jpg,C:\Users\Kushal A\OneDrive\Desktop\MAINPROJECT\PhytoVisionAI_Research\dataset\final_split\train\Henna\4659.jpg
train,Henna,378.jpg,C:\Users\Kushal A\OneDrive\Desktop\MAINPROJECT\PhytoVisionAI_Research\dataset\final_split\train\Henna\378.jpg
train,Henna,mmpd_18 (21).jpg,C:\Users\Kushal A\OneDrive\Desktop\MAINPROJECT\PhytoVisionAI_Research\dataset\final_split\train\Henna\mmpd_18 (21).jpg
train,Henna,4703.jpg,C:\Users\Kushal A\OneDrive\Desktop\MAINPROJECT\PhytoVisionAI_Research\dataset\final_split\train\Henna\4703.jpg
train,Henna,mmpd_18 (62).jpg,C:\Users\Kushal A\OneDrive\Desktop\MAINPROJECT\PhytoVisionAI_Research\dataset\final_split\train\Henna\mmpd_18 (62).jpg
train,Henna,mmpd_18 (16).jpg,C:\Users\Kushal A\OneDrive\Desktop\MAINPROJECT\PhytoVisionAI_Research\dataset\final_split\train\Henna\mmpd_18 (16).jpg
train,Henna,mmpd_18 (39).jpg,C:\Users\Kushal A\OneDrive\Desktop\MAINPROJECT\PhytoVisionAI_Research\dataset\final_split\train\Henna\mmpd_18 (39).jpg
train,Henna,4723.jpg,C:\Users\Kushal A\OneDrive\Desktop\MAINPROJECT\PhytoVisionAI_Research\dataset\final_split\train\Henna\4723.jpg
train,Henna,4699.jpg,C:\Users\Kushal A\OneDrive\Desktop\MAINPROJECT\PhytoVisionAI_Research\dataset\final_split\train\Henna\4699.jpg
train,Henna,mmpd_18 (72).jpg,C:\Users\Kushal A\OneDrive\Desktop\MAINPROJECT\PhytoVisionAI_Research\dataset\final_split\train\Henna\mmpd_18 (72).jpg
train,Henna,4641.jpg,C:\Users\Kushal A\OneDrive\Desktop\MAINPROJECT\PhytoVisionAI_Research\dataset\final_split\train\Henna\4641.jpg
train,Henna,4655.jpg,C:\Users\Kushal A\OneDrive\Desktop\MAINPROJECT\PhytoVisionAI_Research\dataset\final_split\train\Henna\4655.jpg
train,Henna,387.jpg,C:\Users\Kushal A\OneDrive\Desktop\MAINPROJECT\PhytoVisionAI_Research\dataset\final_split\train\Henna\387.jpg
train,Henna,mmpd_18 (41).jpg,C:\Users\Kushal A\OneDrive\Desktop\MAINPROJECT\PhytoVisionAI_Research\dataset\final_split\train\Henna\mmpd_18 (41).jpg
train,Henna,mmpd_18 (85).jpg,C:\Users\Kushal A\OneDrive\Desktop\MAINPROJECT\PhytoVisionAI_Research\dataset\final_split\train\Henna\mmpd_18 (85).jpg
train,Henna,mmpd_18 (50).jpg,C:\Users\Kushal A\OneDrive\Desktop\MAINPROJECT\PhytoVisionAI_Research\dataset\final_split\train\Henna\mmpd_18 (50).jpg
train,Henna,mmpd_18 (78).jpg,C:\Users\Kushal A\OneDrive\Desktop\MAINPROJECT\PhytoVisionAI_Research\dataset\final_split\train\Henna\mmpd_18 (78).jpg
train,Henna,4664.jpg,C:\Users\Kushal A\OneDrive\Desktop\MAINPROJECT\PhytoVisionAI_Research\dataset\final_split\train\Henna\4664.jpg
train,Henna,4704.jpg,C:\Users\Kushal A\OneDrive\Desktop\MAINPROJECT\PhytoVisionAI_Research\dataset\final_split\train\Henna\4704.jpg
train,Henna,mmpd_18 (9).jpg,C:\Users\Kushal A\OneDrive\Desktop\MAINPROJECT\PhytoVisionAI_Research\dataset\final_split\train\Henna\mmpd_18 (9).jpg
train,Henna,908.jpg,C:\Users\Kushal A\OneDrive\Desktop\MAINPROJECT\PhytoVisionAI_Research\dataset\final_split\train\Henna\908.jpg
train,Henna,909.jpg,C:\Users\Kushal A\OneDrive\Desktop\MAINPROJECT\PhytoVisionAI_Research\dataset\final_split\train\Henna\909.jpg
train,Henna,4702.jpg,C:\Users\Kushal A\OneDrive\Desktop\MAINPROJECT\PhytoVisionAI_Research\dataset\final_split\train\Henna\4702.jpg
train,Henna,4647.jpg,C:\Users\Kushal A\OneDrive\Desktop\MAINPROJECT\PhytoVisionAI_Research\dataset\final_split\train\Henna\4647.jpg
train,Henna,4643.jpg,C:\Users\Kushal A\OneDrive\Desktop\MAINPROJECT\PhytoVisionAI_Research\dataset\final_split\train\Henna\4643.jpg
train,Henna,4626.jpg,C:\Users\Kushal A\OneDrive\Desktop\MAINPROJECT\PhytoVisionAI_Research\dataset\final_split\train\Henna\4626.jpg
train,Henna,mmpd_18 (36).jpg,C:\Users\Kushal A\OneDrive\Desktop\MAINPROJECT\PhytoVisionAI_Research\dataset\final_split\train\Henna\mmpd_18 (36).jpg
train,Henna,4657.jpg,C:\Users\Kushal A\OneDrive\Desktop\MAINPROJECT\PhytoVisionAI_Research\dataset\final_split\train\Henna\4657.jpg
train,Henna,mmpd_18 (26).jpg,C:\Users\Kushal A\OneDrive\Desktop\MAINPROJECT\PhytoVisionAI_Research\dataset\final_split\train\Henna\mmpd_18 (26).jpg
train,Henna,907.jpg,C:\Users\Kushal A\OneDrive\Desktop\MAINPROJECT\PhytoVisionAI_Research\dataset\final_split\train\Henna\907.jpg
train,Henna,4675.jpg,C:\Users\Kushal A\OneDrive\Desktop\MAINPROJECT\PhytoVisionAI_Research\dataset\final_split\train\Henna\4675.jpg
train,Henna,4682.jpg,C:\Users\Kushal A\OneDrive\Desktop\MAINPROJECT\PhytoVisionAI_Research\dataset\final_split\train\Henna\4682.jpg
train,Henna,4640.jpg,C:\Users\Kushal A\OneDrive\Desktop\MAINPROJECT\PhytoVisionAI_Research\dataset\final_split\train\Henna\4640.jpg
train,Henna,4733.jpg,C:\Users\Kushal A\OneDrive\Desktop\MAINPROJECT\PhytoVisionAI_Research\dataset\final_split\train\Henna\4733.jpg
train,Henna,4742.jpg,C:\Users\Kushal A\OneDrive\Desktop\MAINPROJECT\PhytoVisionAI_Research\dataset\final_split\train\Henna\4742.jpg
train,Henna,mmpd_18 (67).jpg,C:\Users\Kushal A\OneDrive\Desktop\MAINPROJECT\PhytoVisionAI_Research\dataset\final_split\train\Henna\mmpd_18 (67).jpg
train,Henna,mmpd_18 (14).jpg,C:\Users\Kushal A\OneDrive\Desktop\MAINPROJECT\PhytoVisionAI_Research\dataset\final_split\train\Henna\mmpd_18 (14).jpg
train,Henna,mmpd_18 (29).jpg,C:\Users\Kushal A\OneDrive\Desktop\MAINPROJECT\PhytoVisionAI_Research\dataset\final_split\train\Henna\mmpd_18 (29).jpg
train,Henna,4731.jpg,C:\Users\Kushal A\OneDrive\Desktop\MAINPROJECT\PhytoVisionAI_Research\dataset\final_split\train\Henna\4731.jpg
train,Henna,4646.jpg,C:\Users\Kushal A\OneDrive\Desktop\MAINPROJECT\PhytoVisionAI_Research\dataset\final_split\train\Henna\4646.jpg
train,Henna,4745.jpg,C:\Users\Kushal A\OneDrive\Desktop\MAINPROJECT\PhytoVisionAI_Research\dataset\final_split\train\Henna\4745.jpg
train,Henna,4658.jpg,C:\Users\Kushal A\OneDrive\Desktop\MAINPROJECT\PhytoVisionAI_Research\dataset\final_split\train\Henna\4658.jpg
train,Henna,mmpd_18 (75).jpg,C:\Users\Kushal A\OneDrive\Desktop\MAINPROJECT\PhytoVisionAI_Research\dataset\final_split\train\Henna\mmpd_18 (75).jpg
train,Henna,mmpd_18 (43).jpg,C:\Users\Kushal A\OneDrive\Desktop\MAINPROJECT\PhytoVisionAI_Research\dataset\final_split\train\Henna\mmpd_18 (43).jpg
train,Henna,4709.jpg,C:\Users\Kushal A\OneDrive\Desktop\MAINPROJECT\PhytoVisionAI_Research\dataset\final_split\train\Henna\4709.jpg
train,Henna,mmpd_18 (18).jpg,C:\Users\Kushal A\OneDrive\Desktop\MAINPROJECT\PhytoVisionAI_Research\dataset\final_split\train\Henna\mmpd_18 (18).jpg
train,Henna,mmpd_18 (44).jpg,C:\Users\Kushal A\OneDrive\Desktop\MAINPROJECT\PhytoVisionAI_Research\dataset\final_split\train\Henna\mmpd_18 (44).jpg
train,Henna,4728.jpg,C:\Users\Kushal A\OneDrive\Desktop\MAINPROJECT\PhytoVisionAI_Research\dataset\final_split\train\Henna\4728.jpg
train,Henna,4679.jpg,C:\Users\Kushal A\OneDrive\Desktop\MAINPROJECT\PhytoVisionAI_Research\dataset\final_split\train\Henna\4679.jpg
train,Henna,mmpd_18 (53).jpg,C:\Users\Kushal A\OneDrive\Desktop\MAINPROJECT\PhytoVisionAI_Research\dataset\final_split\train\Henna\mmpd_18 (53).jpg
train,Henna,mmpd_18 (60).jpg,C:\Users\Kushal A\OneDrive\Desktop\MAINPROJECT\PhytoVisionAI_Research\dataset\final_split\train\Henna\mmpd_18 (60).jpg
train,Henna,381.jpg,C:\Users\Kushal A\OneDrive\Desktop\MAINPROJECT\PhytoVisionAI_Research\dataset\final_split\train\Henna\381.jpg
train,Henna,mmpd_18 (30).jpg,C:\Users\Kushal A\OneDrive\Desktop\MAINPROJECT\PhytoVisionAI_Research\dataset\final_split\train\Henna\mmpd_18 (30).jpg
train,Henna,4661.jpg,C:\Users\Kushal A\OneDrive\Desktop\MAINPROJECT\PhytoVisionAI_Research\dataset\final_split\train\Henna\4661.jpg
train,Henna,4674.jpg,C:\Users\Kushal A\OneDrive\Desktop\MAINPROJECT\PhytoVisionAI_Research\dataset\final_split\train\Henna\4674.jpg
train,Henna,mmpd_18 (17).jpg,C:\Users\Kushal A\OneDrive\Desktop\MAINPROJECT\PhytoVisionAI_Research\dataset\final_split\train\Henna\mmpd_18 (17).jpg
train,Henna,mmpd_18 (58).jpg,C:\Users\Kushal A\OneDrive\Desktop\MAINPROJECT\PhytoVisionAI_Research\dataset\final_split\train\Henna\mmpd_18 (58).jpg
train,Henna,mmpd_18 (96).jpg,C:\Users\Kushal A\OneDrive\Desktop\MAINPROJECT\PhytoVisionAI_Research\dataset\final_split\train\Henna\mmpd_18 (96).jpg
train,Henna,mmpd_18 (55).jpg,C:\Users\Kushal A\OneDrive\Desktop\MAINPROJECT\PhytoVisionAI_Research\dataset\final_split\train\Henna\mmpd_18 (55).jpg
train,Henna,mmpd_18 (11).jpg,C:\Users\Kushal A\OneDrive\Desktop\MAINPROJECT\PhytoVisionAI_Research\dataset\final_split\train\Henna\mmpd_18 (11).jpg
train,Henna,4631.jpg,C:\Users\Kushal A\OneDrive\Desktop\MAINPROJECT\PhytoVisionAI_Research\dataset\final_split\train\Henna\4631.jpg
train,Henna,4642.jpg,C:\Users\Kushal A\OneDrive\Desktop\MAINPROJECT\PhytoVisionAI_Research\dataset\final_split\train\Henna\4642.jpg
train,Henna,4635.jpg,C:\Users\Kushal A\OneDrive\Desktop\MAINPROJECT\PhytoVisionAI_Research\dataset\final_split\train\Henna\4635.jpg
train,Henna,mmpd_18 (19).jpg,C:\Users\Kushal A\OneDrive\Desktop\MAINPROJECT\PhytoVisionAI_Research\dataset\final_split\train\Henna\mmpd_18 (19).jpg
train,Henna,mmpd_18 (57).jpg,C:\Users\Kushal A\OneDrive\Desktop\MAINPROJECT\PhytoVisionAI_Research\dataset\final_split\train\Henna\mmpd_18 (57).jpg
train,Henna,4722.jpg,C:\Users\Kushal A\OneDrive\Desktop\MAINPROJECT\PhytoVisionAI_Research\dataset\final_split\train\Henna\4722.jpg
train,Henna,4687.jpg,C:\Users\Kushal A\OneDrive\Desktop\MAINPROJECT\PhytoVisionAI_Research\dataset\final_split\train\Henna\4687.jpg
train,Henna,379.jpg,C:\Users\Kushal A\OneDrive\Desktop\MAINPROJECT\PhytoVisionAI_Research\dataset\final_split\train\Henna\379.jpg
train,Henna,mmpd_18 (86).jpg,C:\Users\Kushal A\OneDrive\Desktop\MAINPROJECT\PhytoVisionAI_Research\dataset\final_split\train\Henna\mmpd_18 (86).jpg
train,Henna,4636.jpg,C:\Users\Kushal A\OneDrive\Desktop\MAINPROJECT\PhytoVisionAI_Research\dataset\final_split\train\Henna\4636.jpg
train,Henna,4701.jpg,C:\Users\Kushal A\OneDrive\Desktop\MAINPROJECT\PhytoVisionAI_Research\dataset\final_split\train\Henna\4701.jpg
train,Henna,4690.jpg,C:\Users\Kushal A\OneDrive\Desktop\MAINPROJECT\PhytoVisionAI_Research\dataset\final_split\train\Henna\4690.jpg
train,Henna,mmpd_18 (4).jpg,C:\Users\Kushal A\OneDrive\Desktop\MAINPROJECT\PhytoVisionAI_Research\dataset\final_split\train\Henna\mmpd_18 (4).jpg
train,Henna,mmpd_18 (42).jpg,C:\Users\Kushal A\OneDrive\Desktop\MAINPROJECT\PhytoVisionAI_Research\dataset\final_split\train\Henna\mmpd_18 (42).jpg
train,Henna,mmpd_18 (10).jpg,C:\Users\Kushal A\OneDrive\Desktop\MAINPROJECT\PhytoVisionAI_Research\dataset\final_split\train\Henna\mmpd_18 (10).jpg
train,Henna,4648.jpg,C:\Users\Kushal A\OneDrive\Desktop\MAINPROJECT\PhytoVisionAI_Research\dataset\final_split\train\Henna\4648.jpg
train,Henna,4677.jpg,C:\Users\Kushal A\OneDrive\Desktop\MAINPROJECT\PhytoVisionAI_Research\dataset\final_split\train\Henna\4677.jpg
train,Henna,mmpd_18 (5).jpg,C:\Users\Kushal A\OneDrive\Desktop\MAINPROJECT\PhytoVisionAI_Research\dataset\final_split\train\Henna\mmpd_18 (5).jpg
train,Henna,4627.jpg,C:\Users\Kushal A\OneDrive\Desktop\MAINPROJECT\PhytoVisionAI_Research\dataset\final_split\train\Henna\4627.jpg
train,Henna,4672.jpg,C:\Users\Kushal A\OneDrive\Desktop\MAINPROJECT\PhytoVisionAI_Research\dataset\final_split\train\Henna\4672.jpg
train,Henna,4684.jpg,C:\Users\Kushal A\OneDrive\Desktop\MAINPROJECT\PhytoVisionAI_Research\dataset\final_split\train\Henna\4684.jpg
train,Henna,mmpd_18 (76).jpg,C:\Users\Kushal A\OneDrive\Desktop\MAINPROJECT\PhytoVisionAI_Research\dataset\final_split\train\Henna\mmpd_18 (76).jpg
train,Henna,mmpd_18 (84).jpg,C:\Users\Kushal A\OneDrive\Desktop\MAINPROJECT\PhytoVisionAI_Research\dataset\final_split\train\Henna\mmpd_18 (84).jpg
train,Henna,910.jpg,C:\Users\Kushal A\OneDrive\Desktop\MAINPROJECT\PhytoVisionAI_Research\dataset\final_split\train\Henna\910.jpg
train,Henna,4656.jpg,C:\Users\Kushal A\OneDrive\Desktop\MAINPROJECT\PhytoVisionAI_Research\dataset\final_split\train\Henna\4656.jpg
train,Henna,4719.jpg,C:\Users\Kushal A\OneDrive\Desktop\MAINPROJECT\PhytoVisionAI_Research\dataset\final_split\train\Henna\4719.jpg
train,Henna,mmpd_18 (83).jpg,C:\Users\Kushal A\OneDrive\Desktop\MAINPROJECT\PhytoVisionAI_Research\dataset\final_split\train\Henna\mmpd_18 (83).jpg
train,Henna,mmpd_18 (82).jpg,C:\Users\Kushal A\OneDrive\Desktop\MAINPROJECT\PhytoVisionAI_Research\dataset\final_split\train\Henna\mmpd_18 (82).jpg
train,Henna,4700.jpg,C:\Users\Kushal A\OneDrive\Desktop\MAINPROJECT\PhytoVisionAI_Research\dataset\final_split\train\Henna\4700.jpg
train,Henna,mmpd_18 (66).jpg,C:\Users\Kushal A\OneDrive\Desktop\MAINPROJECT\PhytoVisionAI_Research\dataset\final_split\train\Henna\mmpd_18 (66).jpg
train,Henna,4734.jpg,C:\Users\Kushal A\OneDrive\Desktop\MAINPROJECT\PhytoVisionAI_Research\dataset\final_split\train\Henna\4734.jpg
train,Henna,4724.jpg,C:\Users\Kushal A\OneDrive\Desktop\MAINPROJECT\PhytoVisionAI_Research\dataset\final_split\train\Henna\4724.jpg
train,Henna,mmpd_18 (61).jpg,C:\Users\Kushal A\OneDrive\Desktop\MAINPROJECT\PhytoVisionAI_Research\dataset\final_split\train\Henna\mmpd_18 (61).jpg
train,Henna,mmpd_18 (2).jpg,C:\Users\Kushal A\OneDrive\Desktop\MAINPROJECT\PhytoVisionAI_Research\dataset\final_split\train\Henna\mmpd_18 (2).jpg
train,Henna,385.jpg,C:\Users\Kushal A\OneDrive\Desktop\MAINPROJECT\PhytoVisionAI_Research\dataset\final_split\train\Henna\385.jpg
train,Henna,4692.jpg,C:\Users\Kushal A\OneDrive\Desktop\MAINPROJECT\PhytoVisionAI_Research\dataset\final_split\train\Henna\4692.jpg
train,Henna,mmpd_18 (46).jpg,C:\Users\Kushal A\OneDrive\Desktop\MAINPROJECT\PhytoVisionAI_Research\dataset\final_split\train\Henna\mmpd_18 (46).jpg
train,Henna,mmpd_18 (100).jpg,C:\Users\Kushal A\OneDrive\Desktop\MAINPROJECT\PhytoVisionAI_Research\dataset\final_split\train\Henna\mmpd_18 (100).jpg
train,Henna,mmpd_18 (15).jpg,C:\Users\Kushal A\OneDrive\Desktop\MAINPROJECT\PhytoVisionAI_Research\dataset\final_split\train\Henna\mmpd_18 (15).jpg
train,Henna,mmpd_18 (12).jpg,C:\Users\Kushal A\OneDrive\Desktop\MAINPROJECT\PhytoVisionAI_Research\dataset\final_split\train\Henna\mmpd_18 (12).jpg
train,Henna,4696.jpg,C:\Users\Kushal A\OneDrive\Desktop\MAINPROJECT\PhytoVisionAI_Research\dataset\final_split\train\Henna\4696.jpg
train,Henna,mmpd_18 (45).jpg,C:\Users\Kushal A\OneDrive\Desktop\MAINPROJECT\PhytoVisionAI_Research\dataset\final_split\train\Henna\mmpd_18 (45).jpg
train,Henna,4668.jpg,C:\Users\Kushal A\OneDrive\Desktop\MAINPROJECT\PhytoVisionAI_Research\dataset\final_split\train\Henna\4668.jpg
train,Henna,mmpd_18 (73).jpg,C:\Users\Kushal A\OneDrive\Desktop\MAINPROJECT\PhytoVisionAI_Research\dataset\final_split\train\Henna\mmpd_18 (73).jpg
train,Henna,4634.jpg,C:\Users\Kushal A\OneDrive\Desktop\MAINPROJECT\PhytoVisionAI_Research\dataset\final_split\train\Henna\4634.jpg
train,Henna,4622.jpg,C:\Users\Kushal A\OneDrive\Desktop\MAINPROJECT\PhytoVisionAI_Research\dataset\final_split\train\Henna\4622.jpg
train,Hibiscus,19.jpg,C:\Users\Kushal A\OneDrive\Desktop\MAINPROJECT\PhytoVisionAI_Research\dataset\final_split\train\Hibiscus\19.jpg
train,Hibiscus,1252.jpg,C:\Users\Kushal A\OneDrive\Desktop\MAINPROJECT\PhytoVisionAI_Research\dataset\final_split\train\Hibiscus\1252.jpg
train,Hibiscus,1161.jpg,C:\Users\Kushal A\OneDrive\Desktop\MAINPROJECT\PhytoVisionAI_Research\dataset\final_split\train\Hibiscus\1161.jpg
train,Hibiscus,1255.jpg,C:\Users\Kushal A\OneDrive\Desktop\MAINPROJECT\PhytoVisionAI_Research\dataset\final_split\train\Hibiscus\1255.jpg
train,Hibiscus,1238.jpg,C:\Users\Kushal A\OneDrive\Desktop\MAINPROJECT\PhytoVisionAI_Research\dataset\final_split\train\Hibiscus\1238.jpg
train,Hibiscus,1173.jpg,C:\Users\Kushal A\OneDrive\Desktop\MAINPROJECT\PhytoVisionAI_Research\dataset\final_split\train\Hibiscus\1173.jpg
train,Hibiscus,mmpd_12 (5).jpg,C:\Users\Kushal A\OneDrive\Desktop\MAINPROJECT\PhytoVisionAI_Research\dataset\final_split\train\Hibiscus\mmpd_12 (5).jpg
train,Hibiscus,540.jpg,C:\Users\Kushal A\OneDrive\Desktop\MAINPROJECT\PhytoVisionAI_Research\dataset\final_split\train\Hibiscus\540.jpg
train,Hibiscus,1221.jpg,C:\Users\Kushal A\OneDrive\Desktop\MAINPROJECT\PhytoVisionAI_Research\dataset\final_split\train\Hibiscus\1221.jpg
train,Hibiscus,mmpd_12 (9).jpg,C:\Users\Kushal A\OneDrive\Desktop\MAINPROJECT\PhytoVisionAI_Research\dataset\final_split\train\Hibiscus\mmpd_12 (9).jpg
train,Hibiscus,mmpd_12 (72).jpg,C:\Users\Kushal A\OneDrive\Desktop\MAINPROJECT\PhytoVisionAI_Research\dataset\final_split\train\Hibiscus\mmpd_12 (72).jpg
train,Hibiscus,1193.jpg,C:\Users\Kushal A\OneDrive\Desktop\MAINPROJECT\PhytoVisionAI_Research\dataset\final_split\train\Hibiscus\1193.jpg
train,Hibiscus,1274.jpg,C:\Users\Kushal A\OneDrive\Desktop\MAINPROJECT\PhytoVisionAI_Research\dataset\final_split\train\Hibiscus\1274.jpg
train,Hibiscus,1235.jpg,C:\Users\Kushal A\OneDrive\Desktop\MAINPROJECT\PhytoVisionAI_Research\dataset\final_split\train\Hibiscus\1235.jpg
train,Hibiscus,mmpd_12 (94).jpg,C:\Users\Kushal A\OneDrive\Desktop\MAINPROJECT\PhytoVisionAI_Research\dataset\final_split\train\Hibiscus\mmpd_12 (94).jpg
train,Hibiscus,1194.jpg,C:\Users\Kushal A\OneDrive\Desktop\MAINPROJECT\PhytoVisionAI_Research\dataset\final_split\train\Hibiscus\1194.jpg
train,Hibiscus,537.jpg,C:\Users\Kushal A\OneDrive\Desktop\MAINPROJECT\PhytoVisionAI_Research\dataset\final_split\train\Hibiscus\537.jpg
train,Hibiscus,mmpd_12 (37).jpg,C:\Users\Kushal A\OneDrive\Desktop\MAINPROJECT\PhytoVisionAI_Research\dataset\final_split\train\Hibiscus\mmpd_12 (37).jpg
train,Hibiscus,15.jpg,C:\Users\Kushal A\OneDrive\Desktop\MAINPROJECT\PhytoVisionAI_Research\dataset\final_split\train\Hibiscus\15.jpg
train,Hibiscus,mmpd_12 (22).jpg,C:\Users\Kushal A\OneDrive\Desktop\MAINPROJECT\PhytoVisionAI_Research\dataset\final_split\train\Hibiscus\mmpd_12 (22).jpg
train,Hibiscus,mmpd_12 (66).jpg,C:\Users\Kushal A\OneDrive\Desktop\MAINPROJECT\PhytoVisionAI_Research\dataset\final_split\train\Hibiscus\mmpd_12 (66).jpg
train,Hibiscus,1209.jpg,C:\Users\Kushal A\OneDrive\Desktop\MAINPROJECT\PhytoVisionAI_Research\dataset\final_split\train\Hibiscus\1209.jpg
train,Hibiscus,mmpd_12 (36).jpg,C:\Users\Kushal A\OneDrive\Desktop\MAINPROJECT\PhytoVisionAI_Research\dataset\final_split\train\Hibiscus\mmpd_12 (36).jpg
train,Hibiscus,mmpd_12 (86).jpg,C:\Users\Kushal A\OneDrive\Desktop\MAINPROJECT\PhytoVisionAI_Research\dataset\final_split\train\Hibiscus\mmpd_12 (86).jpg
train,Hibiscus,mmpd_12 (14).jpg,C:\Users\Kushal A\OneDrive\Desktop\MAINPROJECT\PhytoVisionAI_Research\dataset\final_split\train\Hibiscus\mmpd_12 (14).jpg
train,Hibiscus,1299.jpg,C:\Users\Kushal A\OneDrive\Desktop\MAINPROJECT\PhytoVisionAI_Research\dataset\final_split\train\Hibiscus\1299.jpg
train,Hibiscus,1204.jpg,C:\Users\Kushal A\OneDrive\Desktop\MAINPROJECT\PhytoVisionAI_Research\dataset\final_split\train\Hibiscus\1204.jpg
train,Hibiscus,1179.jpg,C:\Users\Kushal A\OneDrive\Desktop\MAINPROJECT\PhytoVisionAI_Research\dataset\final_split\train\Hibiscus\1179.jpg
train,Hibiscus,544.jpg,C:\Users\Kushal A\OneDrive\Desktop\MAINPROJECT\PhytoVisionAI_Research\dataset\final_split\train\Hibiscus\544.jpg
train,Hibiscus,1170.jpg,C:\Users\Kushal A\OneDrive\Desktop\MAINPROJECT\PhytoVisionAI_Research\dataset\final_split\train\Hibiscus\1170.jpg
train,Hibiscus,mmpd_12 (34).jpg,C:\Users\Kushal A\OneDrive\Desktop\MAINPROJECT\PhytoVisionAI_Research\dataset\final_split\train\Hibiscus\mmpd_12 (34).jpg
train,Hibiscus,1181.jpg,C:\Users\Kushal A\OneDrive\Desktop\MAINPROJECT\PhytoVisionAI_Research\dataset\final_split\train\Hibiscus\1181.jpg
train,Hibiscus,1202.jpg,C:\Users\Kushal A\OneDrive\Desktop\MAINPROJECT\PhytoVisionAI_Research\dataset\final_split\train\Hibiscus\1202.jpg
train,Hibiscus,1265.jpg,C:\Users\Kushal A\OneDrive\Desktop\MAINPROJECT\PhytoVisionAI_Research\dataset\final_split\train\Hibiscus\1265.jpg
train,Hibiscus,mmpd_12 (2).jpg,C:\Users\Kushal A\OneDrive\Desktop\MAINPROJECT\PhytoVisionAI_Research\dataset\final_split\train\Hibiscus\mmpd_12 (2).jpg
train,Hibiscus,1272.jpg,C:\Users\Kushal A\OneDrive\Desktop\MAINPROJECT\PhytoVisionAI_Research\dataset\final_split\train\Hibiscus\1272.jpg
train,Hibiscus,1257.jpg,C:\Users\Kushal A\OneDrive\Desktop\MAINPROJECT\PhytoVisionAI_Research\dataset\final_split\train\Hibiscus\1257.jpg
train,Hibiscus,mmpd_12 (71).jpg,C:\Users\Kushal A\OneDrive\Desktop\MAINPROJECT\PhytoVisionAI_Research\dataset\final_split\train\Hibiscus\mmpd_12 (71).jpg
train,Hibiscus,1212.jpg,C:\Users\Kushal A\OneDrive\Desktop\MAINPROJECT\PhytoVisionAI_Research\dataset\final_split\train\Hibiscus\1212.jpg
train,Hibiscus,1169.jpg,C:\Users\Kushal A\OneDrive\Desktop\MAINPROJECT\PhytoVisionAI_Research\dataset\final_split\train\Hibiscus\1169.jpg
train,Hibiscus,mmpd_12 (67).jpg,C:\Users\Kushal A\OneDrive\Desktop\MAINPROJECT\PhytoVisionAI_Research\dataset\final_split\train\Hibiscus\mmpd_12 (67).jpg
train,Hibiscus,mmpd_12 (83).jpg,C:\Users\Kushal A\OneDrive\Desktop\MAINPROJECT\PhytoVisionAI_Research\dataset\final_split\train\Hibiscus\mmpd_12 (83).jpg
train,Hibiscus,mmpd_12 (89).jpg,C:\Users\Kushal A\OneDrive\Desktop\MAINPROJECT\PhytoVisionAI_Research\dataset\final_split\train\Hibiscus\mmpd_12 (89).jpg
train,Hibiscus,mmpd_12 (50).jpg,C:\Users\Kushal A\OneDrive\Desktop\MAINPROJECT\PhytoVisionAI_Research\dataset\final_split\train\Hibiscus\mmpd_12 (50).jpg
train,Hibiscus,1200.jpg,C:\Users\Kushal A\OneDrive\Desktop\MAINPROJECT\PhytoVisionAI_Research\dataset\final_split\train\Hibiscus\1200.jpg
train,Hibiscus,mmpd_12 (49).jpg,C:\Users\Kushal A\OneDrive\Desktop\MAINPROJECT\PhytoVisionAI_Research\dataset\final_split\train\Hibiscus\mmpd_12 (49).jpg
train,Hibiscus,20.jpg,C:\Users\Kushal A\OneDrive\Desktop\MAINPROJECT\PhytoVisionAI_Research\dataset\final_split\train\Hibiscus\20.jpg
train,Hibiscus,mmpd_12 (96).jpg,C:\Users\Kushal A\OneDrive\Desktop\MAINPROJECT\PhytoVisionAI_Research\dataset\final_split\train\Hibiscus\mmpd_12 (96).jpg
train,Hibiscus,mmpd_12 (98).jpg,C:\Users\Kushal A\OneDrive\Desktop\MAINPROJECT\PhytoVisionAI_Research\dataset\final_split\train\Hibiscus\mmpd_12 (98).jpg
train,Hibiscus,mmpd_12 (74).jpg,C:\Users\Kushal A\OneDrive\Desktop\MAINPROJECT\PhytoVisionAI_Research\dataset\final_split\train\Hibiscus\mmpd_12 (74).jpg
train,Hibiscus,1176.jpg,C:\Users\Kushal A\OneDrive\Desktop\MAINPROJECT\PhytoVisionAI_Research\dataset\final_split\train\Hibiscus\1176.jpg
train,Hibiscus,1263.jpg,C:\Users\Kushal A\OneDrive\Desktop\MAINPROJECT\PhytoVisionAI_Research\dataset\final_split\train\Hibiscus\1263.jpg
train,Hibiscus,mmpd_12 (73).jpg,C:\Users\Kushal A\OneDrive\Desktop\MAINPROJECT\PhytoVisionAI_Research\dataset\final_split\train\Hibiscus\mmpd_12 (73).jpg
train,Hibiscus,mmpd_12 (27).jpg,C:\Users\Kushal A\OneDrive\Desktop\MAINPROJECT\PhytoVisionAI_Research\dataset\final_split\train\Hibiscus\mmpd_12 (27).jpg
train,Hibiscus,536.jpg,C:\Users\Kushal A\OneDrive\Desktop\MAINPROJECT\PhytoVisionAI_Research\dataset\final_split\train\Hibiscus\536.jpg
train,Hibiscus,1258.jpg,C:\Users\Kushal A\OneDrive\Desktop\MAINPROJECT\PhytoVisionAI_Research\dataset\final_split\train\Hibiscus\1258.jpg
train,Hibiscus,14.jpg,C:\Users\Kushal A\OneDrive\Desktop\MAINPROJECT\PhytoVisionAI_Research\dataset\final_split\train\Hibiscus\14.jpg
train,Hibiscus,1281.jpg,C:\Users\Kushal A\OneDrive\Desktop\MAINPROJECT\PhytoVisionAI_Research\dataset\final_split\train\Hibiscus\1281.jpg
train,Hibiscus,mmpd_12 (4).jpg,C:\Users\Kushal A\OneDrive\Desktop\MAINPROJECT\PhytoVisionAI_Research\dataset\final_split\train\Hibiscus\mmpd_12 (4).jpg
train,Hibiscus,mmpd_12 (52).jpg,C:\Users\Kushal A\OneDrive\Desktop\MAINPROJECT\PhytoVisionAI_Research\dataset\final_split\train\Hibiscus\mmpd_12 (52).jpg
train,Hibiscus,1163.jpg,C:\Users\Kushal A\OneDrive\Desktop\MAINPROJECT\PhytoVisionAI_Research\dataset\final_split\train\Hibiscus\1163.jpg
train,Hibiscus,mmpd_12 (99).jpg,C:\Users\Kushal A\OneDrive\Desktop\MAINPROJECT\PhytoVisionAI_Research\dataset\final_split\train\Hibiscus\mmpd_12 (99).jpg
train,Hibiscus,1180.jpg,C:\Users\Kushal A\OneDrive\Desktop\MAINPROJECT\PhytoVisionAI_Research\dataset\final_split\train\Hibiscus\1180.jpg
train,Hibiscus,1192.jpg,C:\Users\Kushal A\OneDrive\Desktop\MAINPROJECT\PhytoVisionAI_Research\dataset\final_split\train\Hibiscus\1192.jpg
train,Hibiscus,1174.jpg,C:\Users\Kushal A\OneDrive\Desktop\MAINPROJECT\PhytoVisionAI_Research\dataset\final_split\train\Hibiscus\1174.jpg
train,Hibiscus,mmpd_12 (21).jpg,C:\Users\Kushal A\OneDrive\Desktop\MAINPROJECT\PhytoVisionAI_Research\dataset\final_split\train\Hibiscus\mmpd_12 (21).jpg
train,Hibiscus,mmpd_12 (39).jpg,C:\Users\Kushal A\OneDrive\Desktop\MAINPROJECT\PhytoVisionAI_Research\dataset\final_split\train\Hibiscus\mmpd_12 (39).jpg
train,Hibiscus,1253.jpg,C:\Users\Kushal A\OneDrive\Desktop\MAINPROJECT\PhytoVisionAI_Research\dataset\final_split\train\Hibiscus\1253.jpg
train,Hibiscus,mmpd_12 (41).jpg,C:\Users\Kushal A\OneDrive\Desktop\MAINPROJECT\PhytoVisionAI_Research\dataset\final_split\train\Hibiscus\mmpd_12 (41).jpg
train,Hibiscus,1297.jpg,C:\Users\Kushal A\OneDrive\Desktop\MAINPROJECT\PhytoVisionAI_Research\dataset\final_split\train\Hibiscus\1297.jpg
train,Hibiscus,1230.jpg,C:\Users\Kushal A\OneDrive\Desktop\MAINPROJECT\PhytoVisionAI_Research\dataset\final_split\train\Hibiscus\1230.jpg
train,Hibiscus,mmpd_12 (84).jpg,C:\Users\Kushal A\OneDrive\Desktop\MAINPROJECT\PhytoVisionAI_Research\dataset\final_split\train\Hibiscus\mmpd_12 (84).jpg
train,Hibiscus,1234.jpg,C:\Users\Kushal A\OneDrive\Desktop\MAINPROJECT\PhytoVisionAI_Research\dataset\final_split\train\Hibiscus\1234.jpg
train,Hibiscus,1175.jpg,C:\Users\Kushal A\OneDrive\Desktop\MAINPROJECT\PhytoVisionAI_Research\dataset\final_split\train\Hibiscus\1175.jpg
train,Hibiscus,1226.jpg,C:\Users\Kushal A\OneDrive\Desktop\MAINPROJECT\PhytoVisionAI_Research\dataset\final_split\train\Hibiscus\1226.jpg
train,Hibiscus,1231.jpg,C:\Users\Kushal A\OneDrive\Desktop\MAINPROJECT\PhytoVisionAI_Research\dataset\final_split\train\Hibiscus\1231.jpg
train,Hibiscus,1290.jpg,C:\Users\Kushal A\OneDrive\Desktop\MAINPROJECT\PhytoVisionAI_Research\dataset\final_split\train\Hibiscus\1290.jpg
train,Hibiscus,mmpd_12 (54).jpg,C:\Users\Kushal A\OneDrive\Desktop\MAINPROJECT\PhytoVisionAI_Research\dataset\final_split\train\Hibiscus\mmpd_12 (54).jpg
train,Hibiscus,1219.jpg,C:\Users\Kushal A\OneDrive\Desktop\MAINPROJECT\PhytoVisionAI_Research\dataset\final_split\train\Hibiscus\1219.jpg
train,Hibiscus,542.jpg,C:\Users\Kushal A\OneDrive\Desktop\MAINPROJECT\PhytoVisionAI_Research\dataset\final_split\train\Hibiscus\542.jpg
train,Hibiscus,mmpd_12 (76).jpg,C:\Users\Kushal A\OneDrive\Desktop\MAINPROJECT\PhytoVisionAI_Research\dataset\final_split\train\Hibiscus\mmpd_12 (76).jpg
train,Hibiscus,1285.jpg,C:\Users\Kushal A\OneDrive\Desktop\MAINPROJECT\PhytoVisionAI_Research\dataset\final_split\train\Hibiscus\1285.jpg
train,Hibiscus,1247.jpg,C:\Users\Kushal A\OneDrive\Desktop\MAINPROJECT\PhytoVisionAI_Research\dataset\final_split\train\Hibiscus\1247.jpg
train,Hibiscus,mmpd_12 (55).jpg,C:\Users\Kushal A\OneDrive\Desktop\MAINPROJECT\PhytoVisionAI_Research\dataset\final_split\train\Hibiscus\mmpd_12 (55).jpg
train,Hibiscus,1165.jpg,C:\Users\Kushal A\OneDrive\Desktop\MAINPROJECT\PhytoVisionAI_Research\dataset\final_split\train\Hibiscus\1165.jpg
train,Hibiscus,1198.jpg,C:\Users\Kushal A\OneDrive\Desktop\MAINPROJECT\PhytoVisionAI_Research\dataset\final_split\train\Hibiscus\1198.jpg
train,Hibiscus,1189.jpg,C:\Users\Kushal A\OneDrive\Desktop\MAINPROJECT\PhytoVisionAI_Research\dataset\final_split\train\Hibiscus\1189.jpg
train,Hibiscus,1164.jpg,C:\Users\Kushal A\OneDrive\Desktop\MAINPROJECT\PhytoVisionAI_Research\dataset\final_split\train\Hibiscus\1164.jpg
train,Hibiscus,1233.jpg,C:\Users\Kushal A\OneDrive\Desktop\MAINPROJECT\PhytoVisionAI_Research\dataset\final_split\train\Hibiscus\1233.jpg
train,Hibiscus,1171.jpg,C:\Users\Kushal A\OneDrive\Desktop\MAINPROJECT\PhytoVisionAI_Research\dataset\final_split\train\Hibiscus\1171.jpg
train,Hibiscus,1283.jpg,C:\Users\Kushal A\OneDrive\Desktop\MAINPROJECT\PhytoVisionAI_Research\dataset\final_split\train\Hibiscus\1283.jpg
train,Hibiscus,535.jpg,C:\Users\Kushal A\OneDrive\Desktop\MAINPROJECT\PhytoVisionAI_Research\dataset\final_split\train\Hibiscus\535.jpg
train,Hibiscus,mmpd_12 (80).jpg,C:\Users\Kushal A\OneDrive\Desktop\MAINPROJECT\PhytoVisionAI_Research\dataset\final_split\train\Hibiscus\mmpd_12 (80).jpg
train,Hibiscus,546.jpg,C:\Users\Kushal A\OneDrive\Desktop\MAINPROJECT\PhytoVisionAI_Research\dataset\final_split\train\Hibiscus\546.jpg
train,Hibiscus,1214.jpg,C:\Users\Kushal A\OneDrive\Desktop\MAINPROJECT\PhytoVisionAI_Research\dataset\final_split\train\Hibiscus\1214.jpg
train,Hibiscus,1266.jpg,C:\Users\Kushal A\OneDrive\Desktop\MAINPROJECT\PhytoVisionAI_Research\dataset\final_split\train\Hibiscus\1266.jpg
train,Hibiscus,mmpd_12 (57).jpg,C:\Users\Kushal A\OneDrive\Desktop\MAINPROJECT\PhytoVisionAI_Research\dataset\final_split\train\Hibiscus\mmpd_12 (57).jpg
train,Hibiscus,mmpd_12 (100).jpg,C:\Users\Kushal A\OneDrive\Desktop\MAINPROJECT\PhytoVisionAI_Research\dataset\final_split\train\Hibiscus\mmpd_12 (100).jpg
train,Hibiscus,1224.jpg,C:\Users\Kushal A\OneDrive\Desktop\MAINPROJECT\PhytoVisionAI_Research\dataset\final_split\train\Hibiscus\1224.jpg
train,Hibiscus,541.jpg,C:\Users\Kushal A\OneDrive\Desktop\MAINPROJECT\PhytoVisionAI_Research\dataset\final_split\train\Hibiscus\541.jpg
train,Hibiscus,1225.jpg,C:\Users\Kushal A\OneDrive\Desktop\MAINPROJECT\PhytoVisionAI_Research\dataset\final_split\train\Hibiscus\1225.jpg
train,Hibiscus,mmpd_12 (62).jpg,C:\Users\Kushal A\OneDrive\Desktop\MAINPROJECT\PhytoVisionAI_Research\dataset\final_split\train\Hibiscus\mmpd_12 (62).jpg
train,Hibiscus,1210.jpg,C:\Users\Kushal A\OneDrive\Desktop\MAINPROJECT\PhytoVisionAI_Research\dataset\final_split\train\Hibiscus\1210.jpg
train,Hibiscus,mmpd_12 (63).jpg,C:\Users\Kushal A\OneDrive\Desktop\MAINPROJECT\PhytoVisionAI_Research\dataset\final_split\train\Hibiscus\mmpd_12 (63).jpg
train,Hibiscus,mmpd_12 (8).jpg,C:\Users\Kushal A\OneDrive\Desktop\MAINPROJECT\PhytoVisionAI_Research\dataset\final_split\train\Hibiscus\mmpd_12 (8).jpg
train,Hibiscus,mmpd_12 (58).jpg,C:\Users\Kushal A\OneDrive\Desktop\MAINPROJECT\PhytoVisionAI_Research\dataset\final_split\train\Hibiscus\mmpd_12 (58).jpg
train,Hibiscus,mmpd_12 (93).jpg,C:\Users\Kushal A\OneDrive\Desktop\MAINPROJECT\PhytoVisionAI_Research\dataset\final_split\train\Hibiscus\mmpd_12 (93).jpg
train,Hibiscus,1206.jpg,C:\Users\Kushal A\OneDrive\Desktop\MAINPROJECT\PhytoVisionAI_Research\dataset\final_split\train\Hibiscus\1206.jpg
train,Hibiscus,mmpd_12 (7).jpg,C:\Users\Kushal A\OneDrive\Desktop\MAINPROJECT\PhytoVisionAI_Research\dataset\final_split\train\Hibiscus\mmpd_12 (7).jpg
train,Hibiscus,mmpd_12 (6).jpg,C:\Users\Kushal A\OneDrive\Desktop\MAINPROJECT\PhytoVisionAI_Research\dataset\final_split\train\Hibiscus\mmpd_12 (6).jpg
train,Hibiscus,1218.jpg,C:\Users\Kushal A\OneDrive\Desktop\MAINPROJECT\PhytoVisionAI_Research\dataset\final_split\train\Hibiscus\1218.jpg
train,Hibiscus,1292.jpg,C:\Users\Kushal A\OneDrive\Desktop\MAINPROJECT\PhytoVisionAI_Research\dataset\final_split\train\Hibiscus\1292.jpg
train,Hibiscus,mmpd_12 (31).jpg,C:\Users\Kushal A\OneDrive\Desktop\MAINPROJECT\PhytoVisionAI_Research\dataset\final_split\train\Hibiscus\mmpd_12 (31).jpg
train,Hibiscus,1184.jpg,C:\Users\Kushal A\OneDrive\Desktop\MAINPROJECT\PhytoVisionAI_Research\dataset\final_split\train\Hibiscus\1184.jpg
train,Hibiscus,mmpd_12 (46).jpg,C:\Users\Kushal A\OneDrive\Desktop\MAINPROJECT\PhytoVisionAI_Research\dataset\final_split\train\Hibiscus\mmpd_12 (46).jpg
train,Hibiscus,1295.jpg,C:\Users\Kushal A\OneDrive\Desktop\MAINPROJECT\PhytoVisionAI_Research\dataset\final_split\train\Hibiscus\1295.jpg
train,Hibiscus,1287.jpg,C:\Users\Kushal A\OneDrive\Desktop\MAINPROJECT\PhytoVisionAI_Research\dataset\final_split\train\Hibiscus\1287.jpg
train,Hibiscus,mmpd_12 (3).jpg,C:\Users\Kushal A\OneDrive\Desktop\MAINPROJECT\PhytoVisionAI_Research\dataset\final_split\train\Hibiscus\mmpd_12 (3).jpg
train,Hibiscus,mmpd_12 (10).jpg,C:\Users\Kushal A\OneDrive\Desktop\MAINPROJECT\PhytoVisionAI_Research\dataset\final_split\train\Hibiscus\mmpd_12 (10).jpg
train,Hibiscus,mmpd_12 (95).jpg,C:\Users\Kushal A\OneDrive\Desktop\MAINPROJECT\PhytoVisionAI_Research\dataset\final_split\train\Hibiscus\mmpd_12 (95).jpg
train,Hibiscus,1280.jpg,C:\Users\Kushal A\OneDrive\Desktop\MAINPROJECT\PhytoVisionAI_Research\dataset\final_split\train\Hibiscus\1280.jpg
train,Hibiscus,1243.jpg,C:\Users\Kushal A\OneDrive\Desktop\MAINPROJECT\PhytoVisionAI_Research\dataset\final_split\train\Hibiscus\1243.jpg
train,Hibiscus,21.jpg,C:\Users\Kushal A\OneDrive\Desktop\MAINPROJECT\PhytoVisionAI_Research\dataset\final_split\train\Hibiscus\21.jpg
train,Hibiscus,mmpd_12 (70).jpg,C:\Users\Kushal A\OneDrive\Desktop\MAINPROJECT\PhytoVisionAI_Research\dataset\final_split\train\Hibiscus\mmpd_12 (70).jpg
train,Hibiscus,1229.jpg,C:\Users\Kushal A\OneDrive\Desktop\MAINPROJECT\PhytoVisionAI_Research\dataset\final_split\train\Hibiscus\1229.jpg
train,Hibiscus,mmpd_12 (47).jpg,C:\Users\Kushal A\OneDrive\Desktop\MAINPROJECT\PhytoVisionAI_Research\dataset\final_split\train\Hibiscus\mmpd_12 (47).jpg
train,Hibiscus,mmpd_12 (35).jpg,C:\Users\Kushal A\OneDrive\Desktop\MAINPROJECT\PhytoVisionAI_Research\dataset\final_split\train\Hibiscus\mmpd_12 (35).jpg
train,Hibiscus,mmpd_12 (25).jpg,C:\Users\Kushal A\OneDrive\Desktop\MAINPROJECT\PhytoVisionAI_Research\dataset\final_split\train\Hibiscus\mmpd_12 (25).jpg
train,Hibiscus,1269.jpg,C:\Users\Kushal A\OneDrive\Desktop\MAINPROJECT\PhytoVisionAI_Research\dataset\final_split\train\Hibiscus\1269.jpg
train,Hibiscus,1259.jpg,C:\Users\Kushal A\OneDrive\Desktop\MAINPROJECT\PhytoVisionAI_Research\dataset\final_split\train\Hibiscus\1259.jpg
train,Hibiscus,1196.jpg,C:\Users\Kushal A\OneDrive\Desktop\MAINPROJECT\PhytoVisionAI_Research\dataset\final_split\train\Hibiscus\1196.jpg
train,Hibiscus,1268.jpg,C:\Users\Kushal A\OneDrive\Desktop\MAINPROJECT\PhytoVisionAI_Research\dataset\final_split\train\Hibiscus\1268.jpg
train,Hibiscus,mmpd_12 (15).jpg,C:\Users\Kushal A\OneDrive\Desktop\MAINPROJECT\PhytoVisionAI_Research\dataset\final_split\train\Hibiscus\mmpd_12 (15).jpg
train,Hibiscus,mmpd_12 (87).jpg,C:\Users\Kushal A\OneDrive\Desktop\MAINPROJECT\PhytoVisionAI_Research\dataset\final_split\train\Hibiscus\mmpd_12 (87).jpg
train,Hibiscus,mmpd_12 (61).jpg,C:\Users\Kushal A\OneDrive\Desktop\MAINPROJECT\PhytoVisionAI_Research\dataset\final_split\train\Hibiscus\mmpd_12 (61).jpg
train,Hibiscus,mmpd_12 (79).jpg,C:\Users\Kushal A\OneDrive\Desktop\MAINPROJECT\PhytoVisionAI_Research\dataset\final_split\train\Hibiscus\mmpd_12 (79).jpg
train,Hibiscus,1207.jpg,C:\Users\Kushal A\OneDrive\Desktop\MAINPROJECT\PhytoVisionAI_Research\dataset\final_split\train\Hibiscus\1207.jpg
train,Hibiscus,24.jpg,C:\Users\Kushal A\OneDrive\Desktop\MAINPROJECT\PhytoVisionAI_Research\dataset\final_split\train\Hibiscus\24.jpg
train,Hibiscus,1239.jpg,C:\Users\Kushal A\OneDrive\Desktop\MAINPROJECT\PhytoVisionAI_Research\dataset\final_split\train\Hibiscus\1239.jpg
train,Hibiscus,1222.jpg,C:\Users\Kushal A\OneDrive\Desktop\MAINPROJECT\PhytoVisionAI_Research\dataset\final_split\train\Hibiscus\1222.jpg
train,Hibiscus,1191.jpg,C:\Users\Kushal A\OneDrive\Desktop\MAINPROJECT\PhytoVisionAI_Research\dataset\final_split\train\Hibiscus\1191.jpg
train,Hibiscus,534.jpg,C:\Users\Kushal A\OneDrive\Desktop\MAINPROJECT\PhytoVisionAI_Research\dataset\final_split\train\Hibiscus\534.jpg
train,Hibiscus,1195.jpg,C:\Users\Kushal A\OneDrive\Desktop\MAINPROJECT\PhytoVisionAI_Research\dataset\final_split\train\Hibiscus\1195.jpg
train,Hibiscus,mmpd_12 (65).jpg,C:\Users\Kushal A\OneDrive\Desktop\MAINPROJECT\PhytoVisionAI_Research\dataset\final_split\train\Hibiscus\mmpd_12 (65).jpg
train,Hibiscus,mmpd_12 (45).jpg,C:\Users\Kushal A\OneDrive\Desktop\MAINPROJECT\PhytoVisionAI_Research\dataset\final_split\train\Hibiscus\mmpd_12 (45).jpg
train,Hibiscus,mmpd_12 (33).jpg,C:\Users\Kushal A\OneDrive\Desktop\MAINPROJECT\PhytoVisionAI_Research\dataset\final_split\train\Hibiscus\mmpd_12 (33).jpg
train,Hibiscus,mmpd_12 (18).jpg,C:\Users\Kushal A\OneDrive\Desktop\MAINPROJECT\PhytoVisionAI_Research\dataset\final_split\train\Hibiscus\mmpd_12 (18).jpg
train,Hibiscus,1251.jpg,C:\Users\Kushal A\OneDrive\Desktop\MAINPROJECT\PhytoVisionAI_Research\dataset\final_split\train\Hibiscus\1251.jpg
train,Hibiscus,mmpd_12 (53).jpg,C:\Users\Kushal A\OneDrive\Desktop\MAINPROJECT\PhytoVisionAI_Research\dataset\final_split\train\Hibiscus\mmpd_12 (53).jpg
train,Hibiscus,538.jpg,C:\Users\Kushal A\OneDrive\Desktop\MAINPROJECT\PhytoVisionAI_Research\dataset\final_split\train\Hibiscus\538.jpg
train,Hibiscus,mmpd_12 (78).jpg,C:\Users\Kushal A\OneDrive\Desktop\MAINPROJECT\PhytoVisionAI_Research\dataset\final_split\train\Hibiscus\mmpd_12 (78).jpg
train,Hibiscus,mmpd_12 (13).jpg,C:\Users\Kushal A\OneDrive\Desktop\MAINPROJECT\PhytoVisionAI_Research\dataset\final_split\train\Hibiscus\mmpd_12 (13).jpg
train,Hibiscus,1241.jpg,C:\Users\Kushal A\OneDrive\Desktop\MAINPROJECT\PhytoVisionAI_Research\dataset\final_split\train\Hibiscus\1241.jpg
train,Hibiscus,1296.jpg,C:\Users\Kushal A\OneDrive\Desktop\MAINPROJECT\PhytoVisionAI_Research\dataset\final_split\train\Hibiscus\1296.jpg
train,Hibiscus,1286.jpg,C:\Users\Kushal A\OneDrive\Desktop\MAINPROJECT\PhytoVisionAI_Research\dataset\final_split\train\Hibiscus\1286.jpg
train,Hibiscus,1228.jpg,C:\Users\Kushal A\OneDrive\Desktop\MAINPROJECT\PhytoVisionAI_Research\dataset\final_split\train\Hibiscus\1228.jpg
train,Hibiscus,mmpd_12 (42).jpg,C:\Users\Kushal A\OneDrive\Desktop\MAINPROJECT\PhytoVisionAI_Research\dataset\final_split\train\Hibiscus\mmpd_12 (42).jpg
train,Hibiscus,1278.jpg,C:\Users\Kushal A\OneDrive\Desktop\MAINPROJECT\PhytoVisionAI_Research\dataset\final_split\train\Hibiscus\1278.jpg
train,Hibiscus,mmpd_12 (17).jpg,C:\Users\Kushal A\OneDrive\Desktop\MAINPROJECT\PhytoVisionAI_Research\dataset\final_split\train\Hibiscus\mmpd_12 (17).jpg
train,Hibiscus,1244.jpg,C:\Users\Kushal A\OneDrive\Desktop\MAINPROJECT\PhytoVisionAI_Research\dataset\final_split\train\Hibiscus\1244.jpg
train,Hibiscus,1254.jpg,C:\Users\Kushal A\OneDrive\Desktop\MAINPROJECT\PhytoVisionAI_Research\dataset\final_split\train\Hibiscus\1254.jpg
train,Hibiscus,mmpd_12 (43).jpg,C:\Users\Kushal A\OneDrive\Desktop\MAINPROJECT\PhytoVisionAI_Research\dataset\final_split\train\Hibiscus\mmpd_12 (43).jpg
train,Hibiscus,1298.jpg,C:\Users\Kushal A\OneDrive\Desktop\MAINPROJECT\PhytoVisionAI_Research\dataset\final_split\train\Hibiscus\1298.jpg
train,Hibiscus,mmpd_12 (68).jpg,C:\Users\Kushal A\OneDrive\Desktop\MAINPROJECT\PhytoVisionAI_Research\dataset\final_split\train\Hibiscus\mmpd_12 (68).jpg
train,Hibiscus,mmpd_12 (81).jpg,C:\Users\Kushal A\OneDrive\Desktop\MAINPROJECT\PhytoVisionAI_Research\dataset\final_split\train\Hibiscus\mmpd_12 (81).jpg
train,Hibiscus,1177.jpg,C:\Users\Kushal A\OneDrive\Desktop\MAINPROJECT\PhytoVisionAI_Research\dataset\final_split\train\Hibiscus\1177.jpg
train,Hibiscus,1232.jpg,C:\Users\Kushal A\OneDrive\Desktop\MAINPROJECT\PhytoVisionAI_Research\dataset\final_split\train\Hibiscus\1232.jpg
train,Hibiscus,mmpd_12 (56).jpg,C:\Users\Kushal A\OneDrive\Desktop\MAINPROJECT\PhytoVisionAI_Research\dataset\final_split\train\Hibiscus\mmpd_12 (56).jpg
train,Hibiscus,mmpd_12 (91).jpg,C:\Users\Kushal A\OneDrive\Desktop\MAINPROJECT\PhytoVisionAI_Research\dataset\final_split\train\Hibiscus\mmpd_12 (91).jpg
train,Hibiscus,1162.jpg,C:\Users\Kushal A\OneDrive\Desktop\MAINPROJECT\PhytoVisionAI_Research\dataset\final_split\train\Hibiscus\1162.jpg
train,Hibiscus,1260.jpg,C:\Users\Kushal A\OneDrive\Desktop\MAINPROJECT\PhytoVisionAI_Research\dataset\final_split\train\Hibiscus\1260.jpg
train,Hibiscus,mmpd_12 (29).jpg,C:\Users\Kushal A\OneDrive\Desktop\MAINPROJECT\PhytoVisionAI_Research\dataset\final_split\train\Hibiscus\mmpd_12 (29).jpg
train,Hibiscus,26.jpg,C:\Users\Kushal A\OneDrive\Desktop\MAINPROJECT\PhytoVisionAI_Research\dataset\final_split\train\Hibiscus\26.jpg
train,Hibiscus,mmpd_12 (48).jpg,C:\Users\Kushal A\OneDrive\Desktop\MAINPROJECT\PhytoVisionAI_Research\dataset\final_split\train\Hibiscus\mmpd_12 (48).jpg
train,Hibiscus,1211.jpg,C:\Users\Kushal A\OneDrive\Desktop\MAINPROJECT\PhytoVisionAI_Research\dataset\final_split\train\Hibiscus\1211.jpg
train,Hibiscus,539.jpg,C:\Users\Kushal A\OneDrive\Desktop\MAINPROJECT\PhytoVisionAI_Research\dataset\final_split\train\Hibiscus\539.jpg
train,Hibiscus,1168.jpg,C:\Users\Kushal A\OneDrive\Desktop\MAINPROJECT\PhytoVisionAI_Research\dataset\final_split\train\Hibiscus\1168.jpg
train,Hibiscus,1262.jpg,C:\Users\Kushal A\OneDrive\Desktop\MAINPROJECT\PhytoVisionAI_Research\dataset\final_split\train\Hibiscus\1262.jpg
train,Hibiscus,1271.jpg,C:\Users\Kushal A\OneDrive\Desktop\MAINPROJECT\PhytoVisionAI_Research\dataset\final_split\train\Hibiscus\1271.jpg
train,Hibiscus,mmpd_12 (11).jpg,C:\Users\Kushal A\OneDrive\Desktop\MAINPROJECT\PhytoVisionAI_Research\dataset\final_split\train\Hibiscus\mmpd_12 (11).jpg
train,Hibiscus,545.jpg,C:\Users\Kushal A\OneDrive\Desktop\MAINPROJECT\PhytoVisionAI_Research\dataset\final_split\train\Hibiscus\545.jpg
train,Hibiscus,mmpd_12 (24).jpg,C:\Users\Kushal A\OneDrive\Desktop\MAINPROJECT\PhytoVisionAI_Research\dataset\final_split\train\Hibiscus\mmpd_12 (24).jpg
train,Hibiscus,1208.jpg,C:\Users\Kushal A\OneDrive\Desktop\MAINPROJECT\PhytoVisionAI_Research\dataset\final_split\train\Hibiscus\1208.jpg
train,Hibiscus,543.jpg,C:\Users\Kushal A\OneDrive\Desktop\MAINPROJECT\PhytoVisionAI_Research\dataset\final_split\train\Hibiscus\543.jpg
train,Hibiscus,1264.jpg,C:\Users\Kushal A\OneDrive\Desktop\MAINPROJECT\PhytoVisionAI_Research\dataset\final_split\train\Hibiscus\1264.jpg
train,Honge,3164.jpg,C:\Users\Kushal A\OneDrive\Desktop\MAINPROJECT\PhytoVisionAI_Research\dataset\final_split\train\Honge\3164.jpg
train,Honge,3182.jpg,C:\Users\Kushal A\OneDrive\Desktop\MAINPROJECT\PhytoVisionAI_Research\dataset\final_split\train\Honge\3182.jpg
train,Honge,3178.jpg,C:\Users\Kushal A\OneDrive\Desktop\MAINPROJECT\PhytoVisionAI_Research\dataset\final_split\train\Honge\3178.jpg
train,Honge,3193.jpg,C:\Users\Kushal A\OneDrive\Desktop\MAINPROJECT\PhytoVisionAI_Research\dataset\final_split\train\Honge\3193.jpg
train,Honge,3192.jpg,C:\Users\Kushal A\OneDrive\Desktop\MAINPROJECT\PhytoVisionAI_Research\dataset\final_split\train\Honge\3192.jpg
train,Honge,3132.jpg,C:\Users\Kushal A\OneDrive\Desktop\MAINPROJECT\PhytoVisionAI_Research\dataset\final_split\train\Honge\3132.jpg
train,Honge,3180.jpg,C:\Users\Kushal A\OneDrive\Desktop\MAINPROJECT\PhytoVisionAI_Research\dataset\final_split\train\Honge\3180.jpg
train,Honge,3201.jpg,C:\Users\Kushal A\OneDrive\Desktop\MAINPROJECT\PhytoVisionAI_Research\dataset\final_split\train\Honge\3201.jpg
train,Honge,751.jpg,C:\Users\Kushal A\OneDrive\Desktop\MAINPROJECT\PhytoVisionAI_Research\dataset\final_split\train\Honge\751.jpg
train,Honge,3163.jpg,C:\Users\Kushal A\OneDrive\Desktop\MAINPROJECT\PhytoVisionAI_Research\dataset\final_split\train\Honge\3163.jpg
train,Honge,3199.jpg,C:\Users\Kushal A\OneDrive\Desktop\MAINPROJECT\PhytoVisionAI_Research\dataset\final_split\train\Honge\3199.jpg
train,Honge,3207.jpg,C:\Users\Kushal A\OneDrive\Desktop\MAINPROJECT\PhytoVisionAI_Research\dataset\final_split\train\Honge\3207.jpg
train,Honge,3155.jpg,C:\Users\Kushal A\OneDrive\Desktop\MAINPROJECT\PhytoVisionAI_Research\dataset\final_split\train\Honge\3155.jpg
train,Honge,3238.jpg,C:\Users\Kushal A\OneDrive\Desktop\MAINPROJECT\PhytoVisionAI_Research\dataset\final_split\train\Honge\3238.jpg
train,Honge,3213.jpg,C:\Users\Kushal A\OneDrive\Desktop\MAINPROJECT\PhytoVisionAI_Research\dataset\final_split\train\Honge\3213.jpg
train,Honge,3146.jpg,C:\Users\Kushal A\OneDrive\Desktop\MAINPROJECT\PhytoVisionAI_Research\dataset\final_split\train\Honge\3146.jpg
train,Honge,3175.jpg,C:\Users\Kushal A\OneDrive\Desktop\MAINPROJECT\PhytoVisionAI_Research\dataset\final_split\train\Honge\3175.jpg
train,Honge,229.jpg,C:\Users\Kushal A\OneDrive\Desktop\MAINPROJECT\PhytoVisionAI_Research\dataset\final_split\train\Honge\229.jpg
train,Honge,3228.jpg,C:\Users\Kushal A\OneDrive\Desktop\MAINPROJECT\PhytoVisionAI_Research\dataset\final_split\train\Honge\3228.jpg
train,Honge,3152.jpg,C:\Users\Kushal A\OneDrive\Desktop\MAINPROJECT\PhytoVisionAI_Research\dataset\final_split\train\Honge\3152.jpg
train,Honge,3149.jpg,C:\Users\Kushal A\OneDrive\Desktop\MAINPROJECT\PhytoVisionAI_Research\dataset\final_split\train\Honge\3149.jpg
train,Honge,3191.jpg,C:\Users\Kushal A\OneDrive\Desktop\MAINPROJECT\PhytoVisionAI_Research\dataset\final_split\train\Honge\3191.jpg
train,Honge,3190.jpg,C:\Users\Kushal A\OneDrive\Desktop\MAINPROJECT\PhytoVisionAI_Research\dataset\final_split\train\Honge\3190.jpg
train,Honge,3133.jpg,C:\Users\Kushal A\OneDrive\Desktop\MAINPROJECT\PhytoVisionAI_Research\dataset\final_split\train\Honge\3133.jpg
train,Honge,742.jpg,C:\Users\Kushal A\OneDrive\Desktop\MAINPROJECT\PhytoVisionAI_Research\dataset\final_split\train\Honge\742.jpg
train,Honge,3160.jpg,C:\Users\Kushal A\OneDrive\Desktop\MAINPROJECT\PhytoVisionAI_Research\dataset\final_split\train\Honge\3160.jpg
train,Honge,3179.jpg,C:\Users\Kushal A\OneDrive\Desktop\MAINPROJECT\PhytoVisionAI_Research\dataset\final_split\train\Honge\3179.jpg
train,Honge,225.jpg,C:\Users\Kushal A\OneDrive\Desktop\MAINPROJECT\PhytoVisionAI_Research\dataset\final_split\train\Honge\225.jpg
train,Honge,3220.jpg,C:\Users\Kushal A\OneDrive\Desktop\MAINPROJECT\PhytoVisionAI_Research\dataset\final_split\train\Honge\3220.jpg
train,Honge,3196.jpg,C:\Users\Kushal A\OneDrive\Desktop\MAINPROJECT\PhytoVisionAI_Research\dataset\final_split\train\Honge\3196.jpg
train,Honge,3235.jpg,C:\Users\Kushal A\OneDrive\Desktop\MAINPROJECT\PhytoVisionAI_Research\dataset\final_split\train\Honge\3235.jpg
train,Honge,3194.jpg,C:\Users\Kushal A\OneDrive\Desktop\MAINPROJECT\PhytoVisionAI_Research\dataset\final_split\train\Honge\3194.jpg
train,Honge,3141.jpg,C:\Users\Kushal A\OneDrive\Desktop\MAINPROJECT\PhytoVisionAI_Research\dataset\final_split\train\Honge\3141.jpg
train,Honge,3157.jpg,C:\Users\Kushal A\OneDrive\Desktop\MAINPROJECT\PhytoVisionAI_Research\dataset\final_split\train\Honge\3157.jpg
train,Honge,3128.jpg,C:\Users\Kushal A\OneDrive\Desktop\MAINPROJECT\PhytoVisionAI_Research\dataset\final_split\train\Honge\3128.jpg
train,Honge,3137.jpg,C:\Users\Kushal A\OneDrive\Desktop\MAINPROJECT\PhytoVisionAI_Research\dataset\final_split\train\Honge\3137.jpg
train,Honge,3184.jpg,C:\Users\Kushal A\OneDrive\Desktop\MAINPROJECT\PhytoVisionAI_Research\dataset\final_split\train\Honge\3184.jpg
train,Honge,3230.jpg,C:\Users\Kushal A\OneDrive\Desktop\MAINPROJECT\PhytoVisionAI_Research\dataset\final_split\train\Honge\3230.jpg
train,Honge,3189.jpg,C:\Users\Kushal A\OneDrive\Desktop\MAINPROJECT\PhytoVisionAI_Research\dataset\final_split\train\Honge\3189.jpg
train,Honge,3240.jpg,C:\Users\Kushal A\OneDrive\Desktop\MAINPROJECT\PhytoVisionAI_Research\dataset\final_split\train\Honge\3240.jpg
train,Honge,3148.jpg,C:\Users\Kushal A\OneDrive\Desktop\MAINPROJECT\PhytoVisionAI_Research\dataset\final_split\train\Honge\3148.jpg
train,Honge,3172.jpg,C:\Users\Kushal A\OneDrive\Desktop\MAINPROJECT\PhytoVisionAI_Research\dataset\final_split\train\Honge\3172.jpg
train,Honge,752.jpg,C:\Users\Kushal A\OneDrive\Desktop\MAINPROJECT\PhytoVisionAI_Research\dataset\final_split\train\Honge\752.jpg
train,Honge,3156.jpg,C:\Users\Kushal A\OneDrive\Desktop\MAINPROJECT\PhytoVisionAI_Research\dataset\final_split\train\Honge\3156.jpg
train,Honge,3168.jpg,C:\Users\Kushal A\OneDrive\Desktop\MAINPROJECT\PhytoVisionAI_Research\dataset\final_split\train\Honge\3168.jpg
train,Honge,3233.jpg,C:\Users\Kushal A\OneDrive\Desktop\MAINPROJECT\PhytoVisionAI_Research\dataset\final_split\train\Honge\3233.jpg
train,Honge,3174.jpg,C:\Users\Kushal A\OneDrive\Desktop\MAINPROJECT\PhytoVisionAI_Research\dataset\final_split\train\Honge\3174.jpg
train,Honge,3134.jpg,C:\Users\Kushal A\OneDrive\Desktop\MAINPROJECT\PhytoVisionAI_Research\dataset\final_split\train\Honge\3134.jpg
train,Honge,746.jpg,C:\Users\Kushal A\OneDrive\Desktop\MAINPROJECT\PhytoVisionAI_Research\dataset\final_split\train\Honge\746.jpg
train,Honge,3208.jpg,C:\Users\Kushal A\OneDrive\Desktop\MAINPROJECT\PhytoVisionAI_Research\dataset\final_split\train\Honge\3208.jpg
train,Honge,3167.jpg,C:\Users\Kushal A\OneDrive\Desktop\MAINPROJECT\PhytoVisionAI_Research\dataset\final_split\train\Honge\3167.jpg
train,Honge,3242.jpg,C:\Users\Kushal A\OneDrive\Desktop\MAINPROJECT\PhytoVisionAI_Research\dataset\final_split\train\Honge\3242.jpg
train,Honge,3166.jpg,C:\Users\Kushal A\OneDrive\Desktop\MAINPROJECT\PhytoVisionAI_Research\dataset\final_split\train\Honge\3166.jpg
train,Honge,3204.jpg,C:\Users\Kushal A\OneDrive\Desktop\MAINPROJECT\PhytoVisionAI_Research\dataset\final_split\train\Honge\3204.jpg
train,Honge,3226.jpg,C:\Users\Kushal A\OneDrive\Desktop\MAINPROJECT\PhytoVisionAI_Research\dataset\final_split\train\Honge\3226.jpg
train,Honge,3139.jpg,C:\Users\Kushal A\OneDrive\Desktop\MAINPROJECT\PhytoVisionAI_Research\dataset\final_split\train\Honge\3139.jpg
train,Honge,3129.jpg,C:\Users\Kushal A\OneDrive\Desktop\MAINPROJECT\PhytoVisionAI_Research\dataset\final_split\train\Honge\3129.jpg
train,Honge,226.jpg,C:\Users\Kushal A\OneDrive\Desktop\MAINPROJECT\PhytoVisionAI_Research\dataset\final_split\train\Honge\226.jpg
train,Honge,3145.jpg,C:\Users\Kushal A\OneDrive\Desktop\MAINPROJECT\PhytoVisionAI_Research\dataset\final_split\train\Honge\3145.jpg
train,Honge,230.jpg,C:\Users\Kushal A\OneDrive\Desktop\MAINPROJECT\PhytoVisionAI_Research\dataset\final_split\train\Honge\230.jpg
train,Honge,3159.jpg,C:\Users\Kushal A\OneDrive\Desktop\MAINPROJECT\PhytoVisionAI_Research\dataset\final_split\train\Honge\3159.jpg
train,Honge,3237.jpg,C:\Users\Kushal A\OneDrive\Desktop\MAINPROJECT\PhytoVisionAI_Research\dataset\final_split\train\Honge\3237.jpg
train,Honge,3247.jpg,C:\Users\Kushal A\OneDrive\Desktop\MAINPROJECT\PhytoVisionAI_Research\dataset\final_split\train\Honge\3247.jpg
train,Honge,3219.jpg,C:\Users\Kushal A\OneDrive\Desktop\MAINPROJECT\PhytoVisionAI_Research\dataset\final_split\train\Honge\3219.jpg
train,Honge,750.jpg,C:\Users\Kushal A\OneDrive\Desktop\MAINPROJECT\PhytoVisionAI_Research\dataset\final_split\train\Honge\750.jpg
train,Honge,3243.jpg,C:\Users\Kushal A\OneDrive\Desktop\MAINPROJECT\PhytoVisionAI_Research\dataset\final_split\train\Honge\3243.jpg
train,Honge,223.jpg,C:\Users\Kushal A\OneDrive\Desktop\MAINPROJECT\PhytoVisionAI_Research\dataset\final_split\train\Honge\223.jpg
train,Honge,3217.jpg,C:\Users\Kushal A\OneDrive\Desktop\MAINPROJECT\PhytoVisionAI_Research\dataset\final_split\train\Honge\3217.jpg
train,Honge,3181.jpg,C:\Users\Kushal A\OneDrive\Desktop\MAINPROJECT\PhytoVisionAI_Research\dataset\final_split\train\Honge\3181.jpg
train,Honge,3143.jpg,C:\Users\Kushal A\OneDrive\Desktop\MAINPROJECT\PhytoVisionAI_Research\dataset\final_split\train\Honge\3143.jpg
train,Honge,3211.jpg,C:\Users\Kushal A\OneDrive\Desktop\MAINPROJECT\PhytoVisionAI_Research\dataset\final_split\train\Honge\3211.jpg
train,Honge,231.jpg,C:\Users\Kushal A\OneDrive\Desktop\MAINPROJECT\PhytoVisionAI_Research\dataset\final_split\train\Honge\231.jpg
train,Honge,3176.jpg,C:\Users\Kushal A\OneDrive\Desktop\MAINPROJECT\PhytoVisionAI_Research\dataset\final_split\train\Honge\3176.jpg
train,Honge,3142.jpg,C:\Users\Kushal A\OneDrive\Desktop\MAINPROJECT\PhytoVisionAI_Research\dataset\final_split\train\Honge\3142.jpg
train,Honge,3223.jpg,C:\Users\Kushal A\OneDrive\Desktop\MAINPROJECT\PhytoVisionAI_Research\dataset\final_split\train\Honge\3223.jpg
train,Honge,3225.jpg,C:\Users\Kushal A\OneDrive\Desktop\MAINPROJECT\PhytoVisionAI_Research\dataset\final_split\train\Honge\3225.jpg
train,Honge,744.jpg,C:\Users\Kushal A\OneDrive\Desktop\MAINPROJECT\PhytoVisionAI_Research\dataset\final_split\train\Honge\744.jpg
train,Honge,3214.jpg,C:\Users\Kushal A\OneDrive\Desktop\MAINPROJECT\PhytoVisionAI_Research\dataset\final_split\train\Honge\3214.jpg
train,Honge,3144.jpg,C:\Users\Kushal A\OneDrive\Desktop\MAINPROJECT\PhytoVisionAI_Research\dataset\final_split\train\Honge\3144.jpg
train,Honge,3154.jpg,C:\Users\Kushal A\OneDrive\Desktop\MAINPROJECT\PhytoVisionAI_Research\dataset\final_split\train\Honge\3154.jpg
train,Honge,3234.jpg,C:\Users\Kushal A\OneDrive\Desktop\MAINPROJECT\PhytoVisionAI_Research\dataset\final_split\train\Honge\3234.jpg
train,Honge,3165.jpg,C:\Users\Kushal A\OneDrive\Desktop\MAINPROJECT\PhytoVisionAI_Research\dataset\final_split\train\Honge\3165.jpg
train,Honge,3227.jpg,C:\Users\Kushal A\OneDrive\Desktop\MAINPROJECT\PhytoVisionAI_Research\dataset\final_split\train\Honge\3227.jpg
train,Honge,3136.jpg,C:\Users\Kushal A\OneDrive\Desktop\MAINPROJECT\PhytoVisionAI_Research\dataset\final_split\train\Honge\3136.jpg
train,Honge,3205.jpg,C:\Users\Kushal A\OneDrive\Desktop\MAINPROJECT\PhytoVisionAI_Research\dataset\final_split\train\Honge\3205.jpg
train,Honge,3200.jpg,C:\Users\Kushal A\OneDrive\Desktop\MAINPROJECT\PhytoVisionAI_Research\dataset\final_split\train\Honge\3200.jpg
train,Honge,3162.jpg,C:\Users\Kushal A\OneDrive\Desktop\MAINPROJECT\PhytoVisionAI_Research\dataset\final_split\train\Honge\3162.jpg
train,Honge,232.jpg,C:\Users\Kushal A\OneDrive\Desktop\MAINPROJECT\PhytoVisionAI_Research\dataset\final_split\train\Honge\232.jpg
train,Honge,3147.jpg,C:\Users\Kushal A\OneDrive\Desktop\MAINPROJECT\PhytoVisionAI_Research\dataset\final_split\train\Honge\3147.jpg
train,Honge,3161.jpg,C:\Users\Kushal A\OneDrive\Desktop\MAINPROJECT\PhytoVisionAI_Research\dataset\final_split\train\Honge\3161.jpg
train,Honge,3210.jpg,C:\Users\Kushal A\OneDrive\Desktop\MAINPROJECT\PhytoVisionAI_Research\dataset\final_split\train\Honge\3210.jpg
train,Honge,233.jpg,C:\Users\Kushal A\OneDrive\Desktop\MAINPROJECT\PhytoVisionAI_Research\dataset\final_split\train\Honge\233.jpg
train,Honge,3150.jpg,C:\Users\Kushal A\OneDrive\Desktop\MAINPROJECT\PhytoVisionAI_Research\dataset\final_split\train\Honge\3150.jpg
train,Honge,754.jpg,C:\Users\Kushal A\OneDrive\Desktop\MAINPROJECT\PhytoVisionAI_Research\dataset\final_split\train\Honge\754.jpg
train,Honge,3153.jpg,C:\Users\Kushal A\OneDrive\Desktop\MAINPROJECT\PhytoVisionAI_Research\dataset\final_split\train\Honge\3153.jpg
train,Honge,748.jpg,C:\Users\Kushal A\OneDrive\Desktop\MAINPROJECT\PhytoVisionAI_Research\dataset\final_split\train\Honge\748.jpg
train,Honge,3236.jpg,C:\Users\Kushal A\OneDrive\Desktop\MAINPROJECT\PhytoVisionAI_Research\dataset\final_split\train\Honge\3236.jpg
train,Honge,3203.jpg,C:\Users\Kushal A\OneDrive\Desktop\MAINPROJECT\PhytoVisionAI_Research\dataset\final_split\train\Honge\3203.jpg
train,Honge,3140.jpg,C:\Users\Kushal A\OneDrive\Desktop\MAINPROJECT\PhytoVisionAI_Research\dataset\final_split\train\Honge\3140.jpg
train,Honge,3245.jpg,C:\Users\Kushal A\OneDrive\Desktop\MAINPROJECT\PhytoVisionAI_Research\dataset\final_split\train\Honge\3245.jpg
train,Honge,747.jpg,C:\Users\Kushal A\OneDrive\Desktop\MAINPROJECT\PhytoVisionAI_Research\dataset\final_split\train\Honge\747.jpg
train,Honge,3244.jpg,C:\Users\Kushal A\OneDrive\Desktop\MAINPROJECT\PhytoVisionAI_Research\dataset\final_split\train\Honge\3244.jpg
train,Insulin,506.jpg,C:\Users\Kushal A\OneDrive\Desktop\MAINPROJECT\PhytoVisionAI_Research\dataset\final_split\train\Insulin\506.jpg
train,Insulin,1027.jpg,C:\Users\Kushal A\OneDrive\Desktop\MAINPROJECT\PhytoVisionAI_Research\dataset\final_split\train\Insulin\1027.jpg
train,Insulin,5822.jpg,C:\Users\Kushal A\OneDrive\Desktop\MAINPROJECT\PhytoVisionAI_Research\dataset\final_split\train\Insulin\5822.jpg
train,Insulin,5803.jpg,C:\Users\Kushal A\OneDrive\Desktop\MAINPROJECT\PhytoVisionAI_Research\dataset\final_split\train\Insulin\5803.jpg
train,Insulin,5787.jpg,C:\Users\Kushal A\OneDrive\Desktop\MAINPROJECT\PhytoVisionAI_Research\dataset\final_split\train\Insulin\5787.jpg
train,Insulin,5763.jpg,C:\Users\Kushal A\OneDrive\Desktop\MAINPROJECT\PhytoVisionAI_Research\dataset\final_split\train\Insulin\5763.jpg
train,Insulin,5717.jpg,C:\Users\Kushal A\OneDrive\Desktop\MAINPROJECT\PhytoVisionAI_Research\dataset\final_split\train\Insulin\5717.jpg
train,Insulin,5824.jpg,C:\Users\Kushal A\OneDrive\Desktop\MAINPROJECT\PhytoVisionAI_Research\dataset\final_split\train\Insulin\5824.jpg
train,Insulin,5796.jpg,C:\Users\Kushal A\OneDrive\Desktop\MAINPROJECT\PhytoVisionAI_Research\dataset\final_split\train\Insulin\5796.jpg
train,Insulin,5795.jpg,C:\Users\Kushal A\OneDrive\Desktop\MAINPROJECT\PhytoVisionAI_Research\dataset\final_split\train\Insulin\5795.jpg
train,Insulin,1021.jpg,C:\Users\Kushal A\OneDrive\Desktop\MAINPROJECT\PhytoVisionAI_Research\dataset\final_split\train\Insulin\1021.jpg
train,Insulin,507.jpg,C:\Users\Kushal A\OneDrive\Desktop\MAINPROJECT\PhytoVisionAI_Research\dataset\final_split\train\Insulin\507.jpg
train,Insulin,5812.jpg,C:\Users\Kushal A\OneDrive\Desktop\MAINPROJECT\PhytoVisionAI_Research\dataset\final_split\train\Insulin\5812.jpg
train,Insulin,5753.jpg,C:\Users\Kushal A\OneDrive\Desktop\MAINPROJECT\PhytoVisionAI_Research\dataset\final_split\train\Insulin\5753.jpg
train,Insulin,502.jpg,C:\Users\Kushal A\OneDrive\Desktop\MAINPROJECT\PhytoVisionAI_Research\dataset\final_split\train\Insulin\502.jpg
train,Insulin,5760.jpg,C:\Users\Kushal A\OneDrive\Desktop\MAINPROJECT\PhytoVisionAI_Research\dataset\final_split\train\Insulin\5760.jpg
train,Insulin,5739.jpg,C:\Users\Kushal A\OneDrive\Desktop\MAINPROJECT\PhytoVisionAI_Research\dataset\final_split\train\Insulin\5739.jpg
train,Insulin,5747.jpg,C:\Users\Kushal A\OneDrive\Desktop\MAINPROJECT\PhytoVisionAI_Research\dataset\final_split\train\Insulin\5747.jpg
train,Insulin,5718.jpg,C:\Users\Kushal A\OneDrive\Desktop\MAINPROJECT\PhytoVisionAI_Research\dataset\final_split\train\Insulin\5718.jpg
train,Insulin,5817.jpg,C:\Users\Kushal A\OneDrive\Desktop\MAINPROJECT\PhytoVisionAI_Research\dataset\final_split\train\Insulin\5817.jpg
train,Insulin,5720.jpg,C:\Users\Kushal A\OneDrive\Desktop\MAINPROJECT\PhytoVisionAI_Research\dataset\final_split\train\Insulin\5720.jpg
train,Insulin,5723.jpg,C:\Users\Kushal A\OneDrive\Desktop\MAINPROJECT\PhytoVisionAI_Research\dataset\final_split\train\Insulin\5723.jpg
train,Insulin,5818.jpg,C:\Users\Kushal A\OneDrive\Desktop\MAINPROJECT\PhytoVisionAI_Research\dataset\final_split\train\Insulin\5818.jpg
train,Insulin,5801.jpg,C:\Users\Kushal A\OneDrive\Desktop\MAINPROJECT\PhytoVisionAI_Research\dataset\final_split\train\Insulin\5801.jpg
train,Insulin,5727.jpg,C:\Users\Kushal A\OneDrive\Desktop\MAINPROJECT\PhytoVisionAI_Research\dataset\final_split\train\Insulin\5727.jpg
train,Insulin,5714.jpg,C:\Users\Kushal A\OneDrive\Desktop\MAINPROJECT\PhytoVisionAI_Research\dataset\final_split\train\Insulin\5714.jpg
train,Insulin,5750.jpg,C:\Users\Kushal A\OneDrive\Desktop\MAINPROJECT\PhytoVisionAI_Research\dataset\final_split\train\Insulin\5750.jpg
train,Insulin,5807.jpg,C:\Users\Kushal A\OneDrive\Desktop\MAINPROJECT\PhytoVisionAI_Research\dataset\final_split\train\Insulin\5807.jpg
train,Insulin,5815.jpg,C:\Users\Kushal A\OneDrive\Desktop\MAINPROJECT\PhytoVisionAI_Research\dataset\final_split\train\Insulin\5815.jpg
train,Insulin,5722.jpg,C:\Users\Kushal A\OneDrive\Desktop\MAINPROJECT\PhytoVisionAI_Research\dataset\final_split\train\Insulin\5722.jpg
train,Insulin,5743.jpg,C:\Users\Kushal A\OneDrive\Desktop\MAINPROJECT\PhytoVisionAI_Research\dataset\final_split\train\Insulin\5743.jpg
train,Insulin,5814.jpg,C:\Users\Kushal A\OneDrive\Desktop\MAINPROJECT\PhytoVisionAI_Research\dataset\final_split\train\Insulin\5814.jpg
train,Insulin,5728.jpg,C:\Users\Kushal A\OneDrive\Desktop\MAINPROJECT\PhytoVisionAI_Research\dataset\final_split\train\Insulin\5728.jpg
train,Insulin,5712.jpg,C:\Users\Kushal A\OneDrive\Desktop\MAINPROJECT\PhytoVisionAI_Research\dataset\final_split\train\Insulin\5712.jpg
train,Insulin,5709.jpg,C:\Users\Kushal A\OneDrive\Desktop\MAINPROJECT\PhytoVisionAI_Research\dataset\final_split\train\Insulin\5709.jpg
train,Insulin,5736.jpg,C:\Users\Kushal A\OneDrive\Desktop\MAINPROJECT\PhytoVisionAI_Research\dataset\final_split\train\Insulin\5736.jpg
train,Insulin,5764.jpg,C:\Users\Kushal A\OneDrive\Desktop\MAINPROJECT\PhytoVisionAI_Research\dataset\final_split\train\Insulin\5764.jpg
train,Insulin,5784.jpg,C:\Users\Kushal A\OneDrive\Desktop\MAINPROJECT\PhytoVisionAI_Research\dataset\final_split\train\Insulin\5784.jpg
train,Insulin,5732.jpg,C:\Users\Kushal A\OneDrive\Desktop\MAINPROJECT\PhytoVisionAI_Research\dataset\final_split\train\Insulin\5732.jpg
train,Insulin,1019.jpg,C:\Users\Kushal A\OneDrive\Desktop\MAINPROJECT\PhytoVisionAI_Research\dataset\final_split\train\Insulin\1019.jpg
train,Insulin,5799.jpg,C:\Users\Kushal A\OneDrive\Desktop\MAINPROJECT\PhytoVisionAI_Research\dataset\final_split\train\Insulin\5799.jpg
train,Insulin,5775.jpg,C:\Users\Kushal A\OneDrive\Desktop\MAINPROJECT\PhytoVisionAI_Research\dataset\final_split\train\Insulin\5775.jpg
train,Insulin,5790.jpg,C:\Users\Kushal A\OneDrive\Desktop\MAINPROJECT\PhytoVisionAI_Research\dataset\final_split\train\Insulin\5790.jpg
train,Insulin,503.jpg,C:\Users\Kushal A\OneDrive\Desktop\MAINPROJECT\PhytoVisionAI_Research\dataset\final_split\train\Insulin\503.jpg
train,Insulin,5808.jpg,C:\Users\Kushal A\OneDrive\Desktop\MAINPROJECT\PhytoVisionAI_Research\dataset\final_split\train\Insulin\5808.jpg
train,Insulin,5746.jpg,C:\Users\Kushal A\OneDrive\Desktop\MAINPROJECT\PhytoVisionAI_Research\dataset\final_split\train\Insulin\5746.jpg
train,Insulin,499.jpg,C:\Users\Kushal A\OneDrive\Desktop\MAINPROJECT\PhytoVisionAI_Research\dataset\final_split\train\Insulin\499.jpg
train,Insulin,5798.jpg,C:\Users\Kushal A\OneDrive\Desktop\MAINPROJECT\PhytoVisionAI_Research\dataset\final_split\train\Insulin\5798.jpg
train,Insulin,505.jpg,C:\Users\Kushal A\OneDrive\Desktop\MAINPROJECT\PhytoVisionAI_Research\dataset\final_split\train\Insulin\505.jpg
train,Insulin,5737.jpg,C:\Users\Kushal A\OneDrive\Desktop\MAINPROJECT\PhytoVisionAI_Research\dataset\final_split\train\Insulin\5737.jpg
train,Insulin,498.jpg,C:\Users\Kushal A\OneDrive\Desktop\MAINPROJECT\PhytoVisionAI_Research\dataset\final_split\train\Insulin\498.jpg
train,Insulin,5804.jpg,C:\Users\Kushal A\OneDrive\Desktop\MAINPROJECT\PhytoVisionAI_Research\dataset\final_split\train\Insulin\5804.jpg
train,Insulin,5776.jpg,C:\Users\Kushal A\OneDrive\Desktop\MAINPROJECT\PhytoVisionAI_Research\dataset\final_split\train\Insulin\5776.jpg
train,Insulin,5777.jpg,C:\Users\Kushal A\OneDrive\Desktop\MAINPROJECT\PhytoVisionAI_Research\dataset\final_split\train\Insulin\5777.jpg
train,Insulin,5791.jpg,C:\Users\Kushal A\OneDrive\Desktop\MAINPROJECT\PhytoVisionAI_Research\dataset\final_split\train\Insulin\5791.jpg
train,Insulin,5780.jpg,C:\Users\Kushal A\OneDrive\Desktop\MAINPROJECT\PhytoVisionAI_Research\dataset\final_split\train\Insulin\5780.jpg
train,Insulin,5751.jpg,C:\Users\Kushal A\OneDrive\Desktop\MAINPROJECT\PhytoVisionAI_Research\dataset\final_split\train\Insulin\5751.jpg
train,Insulin,5765.jpg,C:\Users\Kushal A\OneDrive\Desktop\MAINPROJECT\PhytoVisionAI_Research\dataset\final_split\train\Insulin\5765.jpg
train,Insulin,5742.jpg,C:\Users\Kushal A\OneDrive\Desktop\MAINPROJECT\PhytoVisionAI_Research\dataset\final_split\train\Insulin\5742.jpg
train,Insulin,5724.jpg,C:\Users\Kushal A\OneDrive\Desktop\MAINPROJECT\PhytoVisionAI_Research\dataset\final_split\train\Insulin\5724.jpg
train,Insulin,5757.jpg,C:\Users\Kushal A\OneDrive\Desktop\MAINPROJECT\PhytoVisionAI_Research\dataset\final_split\train\Insulin\5757.jpg
train,Insulin,5725.jpg,C:\Users\Kushal A\OneDrive\Desktop\MAINPROJECT\PhytoVisionAI_Research\dataset\final_split\train\Insulin\5725.jpg
train,Insulin,1015.jpg,C:\Users\Kushal A\OneDrive\Desktop\MAINPROJECT\PhytoVisionAI_Research\dataset\final_split\train\Insulin\1015.jpg
train,Insulin,497.jpg,C:\Users\Kushal A\OneDrive\Desktop\MAINPROJECT\PhytoVisionAI_Research\dataset\final_split\train\Insulin\497.jpg
train,Insulin,5800.jpg,C:\Users\Kushal A\OneDrive\Desktop\MAINPROJECT\PhytoVisionAI_Research\dataset\final_split\train\Insulin\5800.jpg
train,Insulin,5758.jpg,C:\Users\Kushal A\OneDrive\Desktop\MAINPROJECT\PhytoVisionAI_Research\dataset\final_split\train\Insulin\5758.jpg
train,Insulin,5806.jpg,C:\Users\Kushal A\OneDrive\Desktop\MAINPROJECT\PhytoVisionAI_Research\dataset\final_split\train\Insulin\5806.jpg
train,Insulin,5738.jpg,C:\Users\Kushal A\OneDrive\Desktop\MAINPROJECT\PhytoVisionAI_Research\dataset\final_split\train\Insulin\5738.jpg
train,Insulin,496.jpg,C:\Users\Kushal A\OneDrive\Desktop\MAINPROJECT\PhytoVisionAI_Research\dataset\final_split\train\Insulin\496.jpg
train,Insulin,5754.jpg,C:\Users\Kushal A\OneDrive\Desktop\MAINPROJECT\PhytoVisionAI_Research\dataset\final_split\train\Insulin\5754.jpg
train,Insulin,1026.jpg,C:\Users\Kushal A\OneDrive\Desktop\MAINPROJECT\PhytoVisionAI_Research\dataset\final_split\train\Insulin\1026.jpg
train,Insulin,5711.jpg,C:\Users\Kushal A\OneDrive\Desktop\MAINPROJECT\PhytoVisionAI_Research\dataset\final_split\train\Insulin\5711.jpg
train,Insulin,5788.jpg,C:\Users\Kushal A\OneDrive\Desktop\MAINPROJECT\PhytoVisionAI_Research\dataset\final_split\train\Insulin\5788.jpg
train,Insulin,5710.jpg,C:\Users\Kushal A\OneDrive\Desktop\MAINPROJECT\PhytoVisionAI_Research\dataset\final_split\train\Insulin\5710.jpg
train,Insulin,5735.jpg,C:\Users\Kushal A\OneDrive\Desktop\MAINPROJECT\PhytoVisionAI_Research\dataset\final_split\train\Insulin\5735.jpg
train,Insulin,5766.jpg,C:\Users\Kushal A\OneDrive\Desktop\MAINPROJECT\PhytoVisionAI_Research\dataset\final_split\train\Insulin\5766.jpg
train,Insulin,5793.jpg,C:\Users\Kushal A\OneDrive\Desktop\MAINPROJECT\PhytoVisionAI_Research\dataset\final_split\train\Insulin\5793.jpg
train,Insulin,5794.jpg,C:\Users\Kushal A\OneDrive\Desktop\MAINPROJECT\PhytoVisionAI_Research\dataset\final_split\train\Insulin\5794.jpg
train,Insulin,5786.jpg,C:\Users\Kushal A\OneDrive\Desktop\MAINPROJECT\PhytoVisionAI_Research\dataset\final_split\train\Insulin\5786.jpg
train,Insulin,5721.jpg,C:\Users\Kushal A\OneDrive\Desktop\MAINPROJECT\PhytoVisionAI_Research\dataset\final_split\train\Insulin\5721.jpg
train,Insulin,5771.jpg,C:\Users\Kushal A\OneDrive\Desktop\MAINPROJECT\PhytoVisionAI_Research\dataset\final_split\train\Insulin\5771.jpg
train,Insulin,5769.jpg,C:\Users\Kushal A\OneDrive\Desktop\MAINPROJECT\PhytoVisionAI_Research\dataset\final_split\train\Insulin\5769.jpg
train,Insulin,5706.jpg,C:\Users\Kushal A\OneDrive\Desktop\MAINPROJECT\PhytoVisionAI_Research\dataset\final_split\train\Insulin\5706.jpg
train,Insulin,5745.jpg,C:\Users\Kushal A\OneDrive\Desktop\MAINPROJECT\PhytoVisionAI_Research\dataset\final_split\train\Insulin\5745.jpg
train,Insulin,5767.jpg,C:\Users\Kushal A\OneDrive\Desktop\MAINPROJECT\PhytoVisionAI_Research\dataset\final_split\train\Insulin\5767.jpg
train,Insulin,5719.jpg,C:\Users\Kushal A\OneDrive\Desktop\MAINPROJECT\PhytoVisionAI_Research\dataset\final_split\train\Insulin\5719.jpg
train,Insulin,5774.jpg,C:\Users\Kushal A\OneDrive\Desktop\MAINPROJECT\PhytoVisionAI_Research\dataset\final_split\train\Insulin\5774.jpg
train,Insulin,5715.jpg,C:\Users\Kushal A\OneDrive\Desktop\MAINPROJECT\PhytoVisionAI_Research\dataset\final_split\train\Insulin\5715.jpg
train,Insulin,501.jpg,C:\Users\Kushal A\OneDrive\Desktop\MAINPROJECT\PhytoVisionAI_Research\dataset\final_split\train\Insulin\501.jpg
train,Insulin,5759.jpg,C:\Users\Kushal A\OneDrive\Desktop\MAINPROJECT\PhytoVisionAI_Research\dataset\final_split\train\Insulin\5759.jpg
train,Insulin,5781.jpg,C:\Users\Kushal A\OneDrive\Desktop\MAINPROJECT\PhytoVisionAI_Research\dataset\final_split\train\Insulin\5781.jpg
train,Insulin,5748.jpg,C:\Users\Kushal A\OneDrive\Desktop\MAINPROJECT\PhytoVisionAI_Research\dataset\final_split\train\Insulin\5748.jpg
train,Insulin,5811.jpg,C:\Users\Kushal A\OneDrive\Desktop\MAINPROJECT\PhytoVisionAI_Research\dataset\final_split\train\Insulin\5811.jpg
train,Insulin,1025.jpg,C:\Users\Kushal A\OneDrive\Desktop\MAINPROJECT\PhytoVisionAI_Research\dataset\final_split\train\Insulin\1025.jpg
train,Insulin,5731.jpg,C:\Users\Kushal A\OneDrive\Desktop\MAINPROJECT\PhytoVisionAI_Research\dataset\final_split\train\Insulin\5731.jpg
train,Insulin,5770.jpg,C:\Users\Kushal A\OneDrive\Desktop\MAINPROJECT\PhytoVisionAI_Research\dataset\final_split\train\Insulin\5770.jpg
train,Insulin,5734.jpg,C:\Users\Kushal A\OneDrive\Desktop\MAINPROJECT\PhytoVisionAI_Research\dataset\final_split\train\Insulin\5734.jpg
train,Insulin,5805.jpg,C:\Users\Kushal A\OneDrive\Desktop\MAINPROJECT\PhytoVisionAI_Research\dataset\final_split\train\Insulin\5805.jpg
train,Jasmine,3397.jpg,C:\Users\Kushal A\OneDrive\Desktop\MAINPROJECT\PhytoVisionAI_Research\dataset\final_split\train\Jasmine\3397.jpg
train,Jasmine,3379.jpg,C:\Users\Kushal A\OneDrive\Desktop\MAINPROJECT\PhytoVisionAI_Research\dataset\final_split\train\Jasmine\3379.jpg
train,Jasmine,3507.jpg,C:\Users\Kushal A\OneDrive\Desktop\MAINPROJECT\PhytoVisionAI_Research\dataset\final_split\train\Jasmine\3507.jpg
train,Jasmine,3441.jpg,C:\Users\Kushal A\OneDrive\Desktop\MAINPROJECT\PhytoVisionAI_Research\dataset\final_split\train\Jasmine\3441.jpg
train,Jasmine,3504.jpg,C:\Users\Kushal A\OneDrive\Desktop\MAINPROJECT\PhytoVisionAI_Research\dataset\final_split\train\Jasmine\3504.jpg
train,Jasmine,3455.jpg,C:\Users\Kushal A\OneDrive\Desktop\MAINPROJECT\PhytoVisionAI_Research\dataset\final_split\train\Jasmine\3455.jpg
train,Jasmine,3515.jpg,C:\Users\Kushal A\OneDrive\Desktop\MAINPROJECT\PhytoVisionAI_Research\dataset\final_split\train\Jasmine\3515.jpg
train,Jasmine,772.jpg,C:\Users\Kushal A\OneDrive\Desktop\MAINPROJECT\PhytoVisionAI_Research\dataset\final_split\train\Jasmine\772.jpg
train,Jasmine,3498.jpg,C:\Users\Kushal A\OneDrive\Desktop\MAINPROJECT\PhytoVisionAI_Research\dataset\final_split\train\Jasmine\3498.jpg
train,Jasmine,3425.jpg,C:\Users\Kushal A\OneDrive\Desktop\MAINPROJECT\PhytoVisionAI_Research\dataset\final_split\train\Jasmine\3425.jpg
train,Jasmine,3404.jpg,C:\Users\Kushal A\OneDrive\Desktop\MAINPROJECT\PhytoVisionAI_Research\dataset\final_split\train\Jasmine\3404.jpg
train,Jasmine,3437.jpg,C:\Users\Kushal A\OneDrive\Desktop\MAINPROJECT\PhytoVisionAI_Research\dataset\final_split\train\Jasmine\3437.jpg
train,Jasmine,3454.jpg,C:\Users\Kushal A\OneDrive\Desktop\MAINPROJECT\PhytoVisionAI_Research\dataset\final_split\train\Jasmine\3454.jpg
train,Jasmine,3492.jpg,C:\Users\Kushal A\OneDrive\Desktop\MAINPROJECT\PhytoVisionAI_Research\dataset\final_split\train\Jasmine\3492.jpg
train,Jasmine,3510.jpg,C:\Users\Kushal A\OneDrive\Desktop\MAINPROJECT\PhytoVisionAI_Research\dataset\final_split\train\Jasmine\3510.jpg
train,Jasmine,3470.jpg,C:\Users\Kushal A\OneDrive\Desktop\MAINPROJECT\PhytoVisionAI_Research\dataset\final_split\train\Jasmine\3470.jpg
train,Jasmine,3418.jpg,C:\Users\Kushal A\OneDrive\Desktop\MAINPROJECT\PhytoVisionAI_Research\dataset\final_split\train\Jasmine\3418.jpg
train,Jasmine,252.jpg,C:\Users\Kushal A\OneDrive\Desktop\MAINPROJECT\PhytoVisionAI_Research\dataset\final_split\train\Jasmine\252.jpg
train,Jasmine,3445.jpg,C:\Users\Kushal A\OneDrive\Desktop\MAINPROJECT\PhytoVisionAI_Research\dataset\final_split\train\Jasmine\3445.jpg
train,Jasmine,3484.jpg,C:\Users\Kushal A\OneDrive\Desktop\MAINPROJECT\PhytoVisionAI_Research\dataset\final_split\train\Jasmine\3484.jpg
train,Jasmine,3458.jpg,C:\Users\Kushal A\OneDrive\Desktop\MAINPROJECT\PhytoVisionAI_Research\dataset\final_split\train\Jasmine\3458.jpg
train,Jasmine,3485.jpg,C:\Users\Kushal A\OneDrive\Desktop\MAINPROJECT\PhytoVisionAI_Research\dataset\final_split\train\Jasmine\3485.jpg
train,Jasmine,3428.jpg,C:\Users\Kushal A\OneDrive\Desktop\MAINPROJECT\PhytoVisionAI_Research\dataset\final_split\train\Jasmine\3428.jpg
train,Jasmine,777.jpg,C:\Users\Kushal A\OneDrive\Desktop\MAINPROJECT\PhytoVisionAI_Research\dataset\final_split\train\Jasmine\777.jpg
train,Jasmine,3386.jpg,C:\Users\Kushal A\OneDrive\Desktop\MAINPROJECT\PhytoVisionAI_Research\dataset\final_split\train\Jasmine\3386.jpg
train,Jasmine,3373.jpg,C:\Users\Kushal A\OneDrive\Desktop\MAINPROJECT\PhytoVisionAI_Research\dataset\final_split\train\Jasmine\3373.jpg
train,Jasmine,3519.jpg,C:\Users\Kushal A\OneDrive\Desktop\MAINPROJECT\PhytoVisionAI_Research\dataset\final_split\train\Jasmine\3519.jpg
train,Jasmine,3460.jpg,C:\Users\Kushal A\OneDrive\Desktop\MAINPROJECT\PhytoVisionAI_Research\dataset\final_split\train\Jasmine\3460.jpg
train,Jasmine,3489.jpg,C:\Users\Kushal A\OneDrive\Desktop\MAINPROJECT\PhytoVisionAI_Research\dataset\final_split\train\Jasmine\3489.jpg
train,Jasmine,3465.jpg,C:\Users\Kushal A\OneDrive\Desktop\MAINPROJECT\PhytoVisionAI_Research\dataset\final_split\train\Jasmine\3465.jpg
train,Jasmine,3403.jpg,C:\Users\Kushal A\OneDrive\Desktop\MAINPROJECT\PhytoVisionAI_Research\dataset\final_split\train\Jasmine\3403.jpg
train,Jasmine,3401.jpg,C:\Users\Kushal A\OneDrive\Desktop\MAINPROJECT\PhytoVisionAI_Research\dataset\final_split\train\Jasmine\3401.jpg
train,Jasmine,3468.jpg,C:\Users\Kushal A\OneDrive\Desktop\MAINPROJECT\PhytoVisionAI_Research\dataset\final_split\train\Jasmine\3468.jpg
train,Jasmine,3420.jpg,C:\Users\Kushal A\OneDrive\Desktop\MAINPROJECT\PhytoVisionAI_Research\dataset\final_split\train\Jasmine\3420.jpg
train,Jasmine,3369.jpg,C:\Users\Kushal A\OneDrive\Desktop\MAINPROJECT\PhytoVisionAI_Research\dataset\final_split\train\Jasmine\3369.jpg
train,Jasmine,3512.jpg,C:\Users\Kushal A\OneDrive\Desktop\MAINPROJECT\PhytoVisionAI_Research\dataset\final_split\train\Jasmine\3512.jpg
train,Jasmine,3505.jpg,C:\Users\Kushal A\OneDrive\Desktop\MAINPROJECT\PhytoVisionAI_Research\dataset\final_split\train\Jasmine\3505.jpg
train,Jasmine,3464.jpg,C:\Users\Kushal A\OneDrive\Desktop\MAINPROJECT\PhytoVisionAI_Research\dataset\final_split\train\Jasmine\3464.jpg
train,Jasmine,256.jpg,C:\Users\Kushal A\OneDrive\Desktop\MAINPROJECT\PhytoVisionAI_Research\dataset\final_split\train\Jasmine\256.jpg
train,Jasmine,3448.jpg,C:\Users\Kushal A\OneDrive\Desktop\MAINPROJECT\PhytoVisionAI_Research\dataset\final_split\train\Jasmine\3448.jpg
train,Jasmine,3518.jpg,C:\Users\Kushal A\OneDrive\Desktop\MAINPROJECT\PhytoVisionAI_Research\dataset\final_split\train\Jasmine\3518.jpg
train,Jasmine,3500.jpg,C:\Users\Kushal A\OneDrive\Desktop\MAINPROJECT\PhytoVisionAI_Research\dataset\final_split\train\Jasmine\3500.jpg
train,Jasmine,3411.jpg,C:\Users\Kushal A\OneDrive\Desktop\MAINPROJECT\PhytoVisionAI_Research\dataset\final_split\train\Jasmine\3411.jpg
train,Jasmine,3399.jpg,C:\Users\Kushal A\OneDrive\Desktop\MAINPROJECT\PhytoVisionAI_Research\dataset\final_split\train\Jasmine\3399.jpg
train,Jasmine,3390.jpg,C:\Users\Kushal A\OneDrive\Desktop\MAINPROJECT\PhytoVisionAI_Research\dataset\final_split\train\Jasmine\3390.jpg
train,Jasmine,3383.jpg,C:\Users\Kushal A\OneDrive\Desktop\MAINPROJECT\PhytoVisionAI_Research\dataset\final_split\train\Jasmine\3383.jpg
train,Jasmine,3416.jpg,C:\Users\Kushal A\OneDrive\Desktop\MAINPROJECT\PhytoVisionAI_Research\dataset\final_split\train\Jasmine\3416.jpg
train,Jasmine,3502.jpg,C:\Users\Kushal A\OneDrive\Desktop\MAINPROJECT\PhytoVisionAI_Research\dataset\final_split\train\Jasmine\3502.jpg
train,Jasmine,3422.jpg,C:\Users\Kushal A\OneDrive\Desktop\MAINPROJECT\PhytoVisionAI_Research\dataset\final_split\train\Jasmine\3422.jpg
train,Jasmine,3456.jpg,C:\Users\Kushal A\OneDrive\Desktop\MAINPROJECT\PhytoVisionAI_Research\dataset\final_split\train\Jasmine\3456.jpg
train,Jasmine,3521.jpg,C:\Users\Kushal A\OneDrive\Desktop\MAINPROJECT\PhytoVisionAI_Research\dataset\final_split\train\Jasmine\3521.jpg
train,Jasmine,3398.jpg,C:\Users\Kushal A\OneDrive\Desktop\MAINPROJECT\PhytoVisionAI_Research\dataset\final_split\train\Jasmine\3398.jpg
train,Jasmine,251.jpg,C:\Users\Kushal A\OneDrive\Desktop\MAINPROJECT\PhytoVisionAI_Research\dataset\final_split\train\Jasmine\251.jpg
train,Jasmine,3387.jpg,C:\Users\Kushal A\OneDrive\Desktop\MAINPROJECT\PhytoVisionAI_Research\dataset\final_split\train\Jasmine\3387.jpg
train,Jasmine,3442.jpg,C:\Users\Kushal A\OneDrive\Desktop\MAINPROJECT\PhytoVisionAI_Research\dataset\final_split\train\Jasmine\3442.jpg
train,Jasmine,3520.jpg,C:\Users\Kushal A\OneDrive\Desktop\MAINPROJECT\PhytoVisionAI_Research\dataset\final_split\train\Jasmine\3520.jpg
train,Jasmine,780.jpg,C:\Users\Kushal A\OneDrive\Desktop\MAINPROJECT\PhytoVisionAI_Research\dataset\final_split\train\Jasmine\780.jpg
train,Jasmine,3495.jpg,C:\Users\Kushal A\OneDrive\Desktop\MAINPROJECT\PhytoVisionAI_Research\dataset\final_split\train\Jasmine\3495.jpg
train,Jasmine,3467.jpg,C:\Users\Kushal A\OneDrive\Desktop\MAINPROJECT\PhytoVisionAI_Research\dataset\final_split\train\Jasmine\3467.jpg
train,Jasmine,3497.jpg,C:\Users\Kushal A\OneDrive\Desktop\MAINPROJECT\PhytoVisionAI_Research\dataset\final_split\train\Jasmine\3497.jpg
train,Jasmine,3477.jpg,C:\Users\Kushal A\OneDrive\Desktop\MAINPROJECT\PhytoVisionAI_Research\dataset\final_split\train\Jasmine\3477.jpg
train,Jasmine,3409.jpg,C:\Users\Kushal A\OneDrive\Desktop\MAINPROJECT\PhytoVisionAI_Research\dataset\final_split\train\Jasmine\3409.jpg
train,Jasmine,3408.jpg,C:\Users\Kushal A\OneDrive\Desktop\MAINPROJECT\PhytoVisionAI_Research\dataset\final_split\train\Jasmine\3408.jpg
train,Jasmine,3382.jpg,C:\Users\Kushal A\OneDrive\Desktop\MAINPROJECT\PhytoVisionAI_Research\dataset\final_split\train\Jasmine\3382.jpg
train,Jasmine,253.jpg,C:\Users\Kushal A\OneDrive\Desktop\MAINPROJECT\PhytoVisionAI_Research\dataset\final_split\train\Jasmine\253.jpg
train,Jasmine,3503.jpg,C:\Users\Kushal A\OneDrive\Desktop\MAINPROJECT\PhytoVisionAI_Research\dataset\final_split\train\Jasmine\3503.jpg
train,Jasmine,3375.jpg,C:\Users\Kushal A\OneDrive\Desktop\MAINPROJECT\PhytoVisionAI_Research\dataset\final_split\train\Jasmine\3375.jpg
train,Jasmine,3482.jpg,C:\Users\Kushal A\OneDrive\Desktop\MAINPROJECT\PhytoVisionAI_Research\dataset\final_split\train\Jasmine\3482.jpg
train,Jasmine,3431.jpg,C:\Users\Kushal A\OneDrive\Desktop\MAINPROJECT\PhytoVisionAI_Research\dataset\final_split\train\Jasmine\3431.jpg
train,Jasmine,3453.jpg,C:\Users\Kushal A\OneDrive\Desktop\MAINPROJECT\PhytoVisionAI_Research\dataset\final_split\train\Jasmine\3453.jpg
train,Jasmine,3522.jpg,C:\Users\Kushal A\OneDrive\Desktop\MAINPROJECT\PhytoVisionAI_Research\dataset\final_split\train\Jasmine\3522.jpg
train,Jasmine,3394.jpg,C:\Users\Kushal A\OneDrive\Desktop\MAINPROJECT\PhytoVisionAI_Research\dataset\final_split\train\Jasmine\3394.jpg
train,Jasmine,3435.jpg,C:\Users\Kushal A\OneDrive\Desktop\MAINPROJECT\PhytoVisionAI_Research\dataset\final_split\train\Jasmine\3435.jpg
train,Jasmine,3491.jpg,C:\Users\Kushal A\OneDrive\Desktop\MAINPROJECT\PhytoVisionAI_Research\dataset\final_split\train\Jasmine\3491.jpg
train,Jasmine,769.jpg,C:\Users\Kushal A\OneDrive\Desktop\MAINPROJECT\PhytoVisionAI_Research\dataset\final_split\train\Jasmine\769.jpg
train,Jasmine,3423.jpg,C:\Users\Kushal A\OneDrive\Desktop\MAINPROJECT\PhytoVisionAI_Research\dataset\final_split\train\Jasmine\3423.jpg
train,Jasmine,3486.jpg,C:\Users\Kushal A\OneDrive\Desktop\MAINPROJECT\PhytoVisionAI_Research\dataset\final_split\train\Jasmine\3486.jpg
train,Jasmine,3476.jpg,C:\Users\Kushal A\OneDrive\Desktop\MAINPROJECT\PhytoVisionAI_Research\dataset\final_split\train\Jasmine\3476.jpg
train,Jasmine,3447.jpg,C:\Users\Kushal A\OneDrive\Desktop\MAINPROJECT\PhytoVisionAI_Research\dataset\final_split\train\Jasmine\3447.jpg
train,Jasmine,3513.jpg,C:\Users\Kushal A\OneDrive\Desktop\MAINPROJECT\PhytoVisionAI_Research\dataset\final_split\train\Jasmine\3513.jpg
train,Jasmine,3446.jpg,C:\Users\Kushal A\OneDrive\Desktop\MAINPROJECT\PhytoVisionAI_Research\dataset\final_split\train\Jasmine\3446.jpg
train,Jasmine,3376.jpg,C:\Users\Kushal A\OneDrive\Desktop\MAINPROJECT\PhytoVisionAI_Research\dataset\final_split\train\Jasmine\3376.jpg
train,Jasmine,3526.jpg,C:\Users\Kushal A\OneDrive\Desktop\MAINPROJECT\PhytoVisionAI_Research\dataset\final_split\train\Jasmine\3526.jpg
train,Jasmine,776.jpg,C:\Users\Kushal A\OneDrive\Desktop\MAINPROJECT\PhytoVisionAI_Research\dataset\final_split\train\Jasmine\776.jpg
train,Jasmine,770.jpg,C:\Users\Kushal A\OneDrive\Desktop\MAINPROJECT\PhytoVisionAI_Research\dataset\final_split\train\Jasmine\770.jpg
train,Jasmine,3524.jpg,C:\Users\Kushal A\OneDrive\Desktop\MAINPROJECT\PhytoVisionAI_Research\dataset\final_split\train\Jasmine\3524.jpg
train,Jasmine,3466.jpg,C:\Users\Kushal A\OneDrive\Desktop\MAINPROJECT\PhytoVisionAI_Research\dataset\final_split\train\Jasmine\3466.jpg
train,Jasmine,3380.jpg,C:\Users\Kushal A\OneDrive\Desktop\MAINPROJECT\PhytoVisionAI_Research\dataset\final_split\train\Jasmine\3380.jpg
train,Jasmine,3488.jpg,C:\Users\Kushal A\OneDrive\Desktop\MAINPROJECT\PhytoVisionAI_Research\dataset\final_split\train\Jasmine\3488.jpg
train,Jasmine,3528.jpg,C:\Users\Kushal A\OneDrive\Desktop\MAINPROJECT\PhytoVisionAI_Research\dataset\final_split\train\Jasmine\3528.jpg
train,Jasmine,3389.jpg,C:\Users\Kushal A\OneDrive\Desktop\MAINPROJECT\PhytoVisionAI_Research\dataset\final_split\train\Jasmine\3389.jpg
train,Jasmine,768.jpg,C:\Users\Kushal A\OneDrive\Desktop\MAINPROJECT\PhytoVisionAI_Research\dataset\final_split\train\Jasmine\768.jpg
train,Jasmine,3452.jpg,C:\Users\Kushal A\OneDrive\Desktop\MAINPROJECT\PhytoVisionAI_Research\dataset\final_split\train\Jasmine\3452.jpg
train,Jasmine,3396.jpg,C:\Users\Kushal A\OneDrive\Desktop\MAINPROJECT\PhytoVisionAI_Research\dataset\final_split\train\Jasmine\3396.jpg
train,Jasmine,3509.jpg,C:\Users\Kushal A\OneDrive\Desktop\MAINPROJECT\PhytoVisionAI_Research\dataset\final_split\train\Jasmine\3509.jpg
train,Jasmine,3475.jpg,C:\Users\Kushal A\OneDrive\Desktop\MAINPROJECT\PhytoVisionAI_Research\dataset\final_split\train\Jasmine\3475.jpg
train,Jasmine,3478.jpg,C:\Users\Kushal A\OneDrive\Desktop\MAINPROJECT\PhytoVisionAI_Research\dataset\final_split\train\Jasmine\3478.jpg
train,Jasmine,3395.jpg,C:\Users\Kushal A\OneDrive\Desktop\MAINPROJECT\PhytoVisionAI_Research\dataset\final_split\train\Jasmine\3395.jpg
train,Jasmine,3388.jpg,C:\Users\Kushal A\OneDrive\Desktop\MAINPROJECT\PhytoVisionAI_Research\dataset\final_split\train\Jasmine\3388.jpg
train,Jasmine,3392.jpg,C:\Users\Kushal A\OneDrive\Desktop\MAINPROJECT\PhytoVisionAI_Research\dataset\final_split\train\Jasmine\3392.jpg
train,Jasmine,773.jpg,C:\Users\Kushal A\OneDrive\Desktop\MAINPROJECT\PhytoVisionAI_Research\dataset\final_split\train\Jasmine\773.jpg
train,Jasmine,3371.jpg,C:\Users\Kushal A\OneDrive\Desktop\MAINPROJECT\PhytoVisionAI_Research\dataset\final_split\train\Jasmine\3371.jpg
train,Jasmine,3439.jpg,C:\Users\Kushal A\OneDrive\Desktop\MAINPROJECT\PhytoVisionAI_Research\dataset\final_split\train\Jasmine\3439.jpg
train,Jasmine,3410.jpg,C:\Users\Kushal A\OneDrive\Desktop\MAINPROJECT\PhytoVisionAI_Research\dataset\final_split\train\Jasmine\3410.jpg
train,Jasmine,255.jpg,C:\Users\Kushal A\OneDrive\Desktop\MAINPROJECT\PhytoVisionAI_Research\dataset\final_split\train\Jasmine\255.jpg
train,Jasmine,3523.jpg,C:\Users\Kushal A\OneDrive\Desktop\MAINPROJECT\PhytoVisionAI_Research\dataset\final_split\train\Jasmine\3523.jpg
train,Jasmine,3430.jpg,C:\Users\Kushal A\OneDrive\Desktop\MAINPROJECT\PhytoVisionAI_Research\dataset\final_split\train\Jasmine\3430.jpg
train,Jasmine,257.jpg,C:\Users\Kushal A\OneDrive\Desktop\MAINPROJECT\PhytoVisionAI_Research\dataset\final_split\train\Jasmine\257.jpg
train,Jasmine,3508.jpg,C:\Users\Kushal A\OneDrive\Desktop\MAINPROJECT\PhytoVisionAI_Research\dataset\final_split\train\Jasmine\3508.jpg
train,Jasmine,775.jpg,C:\Users\Kushal A\OneDrive\Desktop\MAINPROJECT\PhytoVisionAI_Research\dataset\final_split\train\Jasmine\775.jpg
train,Jasmine,779.jpg,C:\Users\Kushal A\OneDrive\Desktop\MAINPROJECT\PhytoVisionAI_Research\dataset\final_split\train\Jasmine\779.jpg
train,Jasmine,3525.jpg,C:\Users\Kushal A\OneDrive\Desktop\MAINPROJECT\PhytoVisionAI_Research\dataset\final_split\train\Jasmine\3525.jpg
train,Jasmine,3419.jpg,C:\Users\Kushal A\OneDrive\Desktop\MAINPROJECT\PhytoVisionAI_Research\dataset\final_split\train\Jasmine\3419.jpg
train,Jasmine,260.jpg,C:\Users\Kushal A\OneDrive\Desktop\MAINPROJECT\PhytoVisionAI_Research\dataset\final_split\train\Jasmine\260.jpg
train,Jasmine,3514.jpg,C:\Users\Kushal A\OneDrive\Desktop\MAINPROJECT\PhytoVisionAI_Research\dataset\final_split\train\Jasmine\3514.jpg
train,Jasmine,258.jpg,C:\Users\Kushal A\OneDrive\Desktop\MAINPROJECT\PhytoVisionAI_Research\dataset\final_split\train\Jasmine\258.jpg
train,Jasmine,774.jpg,C:\Users\Kushal A\OneDrive\Desktop\MAINPROJECT\PhytoVisionAI_Research\dataset\final_split\train\Jasmine\774.jpg
train,Jasmine,3413.jpg,C:\Users\Kushal A\OneDrive\Desktop\MAINPROJECT\PhytoVisionAI_Research\dataset\final_split\train\Jasmine\3413.jpg
train,Jasmine,3402.jpg,C:\Users\Kushal A\OneDrive\Desktop\MAINPROJECT\PhytoVisionAI_Research\dataset\final_split\train\Jasmine\3402.jpg
train,Jasmine,3479.jpg,C:\Users\Kushal A\OneDrive\Desktop\MAINPROJECT\PhytoVisionAI_Research\dataset\final_split\train\Jasmine\3479.jpg
train,Jasmine,3444.jpg,C:\Users\Kushal A\OneDrive\Desktop\MAINPROJECT\PhytoVisionAI_Research\dataset\final_split\train\Jasmine\3444.jpg
train,Jasmine,3490.jpg,C:\Users\Kushal A\OneDrive\Desktop\MAINPROJECT\PhytoVisionAI_Research\dataset\final_split\train\Jasmine\3490.jpg
train,Jasmine,3421.jpg,C:\Users\Kushal A\OneDrive\Desktop\MAINPROJECT\PhytoVisionAI_Research\dataset\final_split\train\Jasmine\3421.jpg
train,Jasmine,3463.jpg,C:\Users\Kushal A\OneDrive\Desktop\MAINPROJECT\PhytoVisionAI_Research\dataset\final_split\train\Jasmine\3463.jpg
train,Jasmine,3469.jpg,C:\Users\Kushal A\OneDrive\Desktop\MAINPROJECT\PhytoVisionAI_Research\dataset\final_split\train\Jasmine\3469.jpg
train,Jasmine,3384.jpg,C:\Users\Kushal A\OneDrive\Desktop\MAINPROJECT\PhytoVisionAI_Research\dataset\final_split\train\Jasmine\3384.jpg
train,Jasmine,3472.jpg,C:\Users\Kushal A\OneDrive\Desktop\MAINPROJECT\PhytoVisionAI_Research\dataset\final_split\train\Jasmine\3472.jpg
train,Jasmine,771.jpg,C:\Users\Kushal A\OneDrive\Desktop\MAINPROJECT\PhytoVisionAI_Research\dataset\final_split\train\Jasmine\771.jpg
train,Jasmine,3378.jpg,C:\Users\Kushal A\OneDrive\Desktop\MAINPROJECT\PhytoVisionAI_Research\dataset\final_split\train\Jasmine\3378.jpg
train,Jasmine,3426.jpg,C:\Users\Kushal A\OneDrive\Desktop\MAINPROJECT\PhytoVisionAI_Research\dataset\final_split\train\Jasmine\3426.jpg
train,Lemon,mmpd_23 (73).jpg,C:\Users\Kushal A\OneDrive\Desktop\MAINPROJECT\PhytoVisionAI_Research\dataset\final_split\train\Lemon\mmpd_23 (73).jpg
train,Lemon,mmpd_23 (24).jpg,C:\Users\Kushal A\OneDrive\Desktop\MAINPROJECT\PhytoVisionAI_Research\dataset\final_split\train\Lemon\mmpd_23 (24).jpg
train,Lemon,mmpd_23 (77).jpg,C:\Users\Kushal A\OneDrive\Desktop\MAINPROJECT\PhytoVisionAI_Research\dataset\final_split\train\Lemon\mmpd_23 (77).jpg
train,Lemon,5122.jpg,C:\Users\Kushal A\OneDrive\Desktop\MAINPROJECT\PhytoVisionAI_Research\dataset\final_split\train\Lemon\5122.jpg
train,Lemon,5158.jpg,C:\Users\Kushal A\OneDrive\Desktop\MAINPROJECT\PhytoVisionAI_Research\dataset\final_split\train\Lemon\5158.jpg
train,Lemon,5205.jpg,C:\Users\Kushal A\OneDrive\Desktop\MAINPROJECT\PhytoVisionAI_Research\dataset\final_split\train\Lemon\5205.jpg
train,Lemon,954.jpg,C:\Users\Kushal A\OneDrive\Desktop\MAINPROJECT\PhytoVisionAI_Research\dataset\final_split\train\Lemon\954.jpg
train,Lemon,5173.jpg,C:\Users\Kushal A\OneDrive\Desktop\MAINPROJECT\PhytoVisionAI_Research\dataset\final_split\train\Lemon\5173.jpg
train,Lemon,mmpd_23 (37).jpg,C:\Users\Kushal A\OneDrive\Desktop\MAINPROJECT\PhytoVisionAI_Research\dataset\final_split\train\Lemon\mmpd_23 (37).jpg
train,Lemon,5142.jpg,C:\Users\Kushal A\OneDrive\Desktop\MAINPROJECT\PhytoVisionAI_Research\dataset\final_split\train\Lemon\5142.jpg
train,Lemon,5151.jpg,C:\Users\Kushal A\OneDrive\Desktop\MAINPROJECT\PhytoVisionAI_Research\dataset\final_split\train\Lemon\5151.jpg
train,Lemon,5195.jpg,C:\Users\Kushal A\OneDrive\Desktop\MAINPROJECT\PhytoVisionAI_Research\dataset\final_split\train\Lemon\5195.jpg
train,Lemon,5157.jpg,C:\Users\Kushal A\OneDrive\Desktop\MAINPROJECT\PhytoVisionAI_Research\dataset\final_split\train\Lemon\5157.jpg
train,Lemon,mmpd_23 (78).jpg,C:\Users\Kushal A\OneDrive\Desktop\MAINPROJECT\PhytoVisionAI_Research\dataset\final_split\train\Lemon\mmpd_23 (78).jpg
train,Lemon,5145.jpg,C:\Users\Kushal A\OneDrive\Desktop\MAINPROJECT\PhytoVisionAI_Research\dataset\final_split\train\Lemon\5145.jpg
train,Lemon,mmpd_23 (97).png,C:\Users\Kushal A\OneDrive\Desktop\MAINPROJECT\PhytoVisionAI_Research\dataset\final_split\train\Lemon\mmpd_23 (97).png
train,Lemon,5120.jpg,C:\Users\Kushal A\OneDrive\Desktop\MAINPROJECT\PhytoVisionAI_Research\dataset\final_split\train\Lemon\5120.jpg
train,Lemon,5209.jpg,C:\Users\Kushal A\OneDrive\Desktop\MAINPROJECT\PhytoVisionAI_Research\dataset\final_split\train\Lemon\5209.jpg
train,Lemon,mmpd_23 (100).png,C:\Users\Kushal A\OneDrive\Desktop\MAINPROJECT\PhytoVisionAI_Research\dataset\final_split\train\Lemon\mmpd_23 (100).png
train,Lemon,mmpd_23 (36).jpg,C:\Users\Kushal A\OneDrive\Desktop\MAINPROJECT\PhytoVisionAI_Research\dataset\final_split\train\Lemon\mmpd_23 (36).jpg
train,Lemon,958.jpg,C:\Users\Kushal A\OneDrive\Desktop\MAINPROJECT\PhytoVisionAI_Research\dataset\final_split\train\Lemon\958.jpg
train,Lemon,5112.jpg,C:\Users\Kushal A\OneDrive\Desktop\MAINPROJECT\PhytoVisionAI_Research\dataset\final_split\train\Lemon\5112.jpg
train,Lemon,mmpd_23 (18).jpg,C:\Users\Kushal A\OneDrive\Desktop\MAINPROJECT\PhytoVisionAI_Research\dataset\final_split\train\Lemon\mmpd_23 (18).jpg
train,Lemon,mmpd_23 (85).png,C:\Users\Kushal A\OneDrive\Desktop\MAINPROJECT\PhytoVisionAI_Research\dataset\final_split\train\Lemon\mmpd_23 (85).png
train,Lemon,5216.jpg,C:\Users\Kushal A\OneDrive\Desktop\MAINPROJECT\PhytoVisionAI_Research\dataset\final_split\train\Lemon\5216.jpg
train,Lemon,mmpd_23 (50).jpg,C:\Users\Kushal A\OneDrive\Desktop\MAINPROJECT\PhytoVisionAI_Research\dataset\final_split\train\Lemon\mmpd_23 (50).jpg
train,Lemon,mmpd_23 (32).jpg,C:\Users\Kushal A\OneDrive\Desktop\MAINPROJECT\PhytoVisionAI_Research\dataset\final_split\train\Lemon\mmpd_23 (32).jpg
train,Lemon,5201.jpg,C:\Users\Kushal A\OneDrive\Desktop\MAINPROJECT\PhytoVisionAI_Research\dataset\final_split\train\Lemon\5201.jpg
train,Lemon,442.jpg,C:\Users\Kushal A\OneDrive\Desktop\MAINPROJECT\PhytoVisionAI_Research\dataset\final_split\train\Lemon\442.jpg
train,Lemon,5167.jpg,C:\Users\Kushal A\OneDrive\Desktop\MAINPROJECT\PhytoVisionAI_Research\dataset\final_split\train\Lemon\5167.jpg
train,Lemon,mmpd_23 (45).jpg,C:\Users\Kushal A\OneDrive\Desktop\MAINPROJECT\PhytoVisionAI_Research\dataset\final_split\train\Lemon\mmpd_23 (45).jpg
train,Lemon,5185.jpg,C:\Users\Kushal A\OneDrive\Desktop\MAINPROJECT\PhytoVisionAI_Research\dataset\final_split\train\Lemon\5185.jpg
train,Lemon,5212.jpg,C:\Users\Kushal A\OneDrive\Desktop\MAINPROJECT\PhytoVisionAI_Research\dataset\final_split\train\Lemon\5212.jpg
train,Lemon,mmpd_23 (46).jpg,C:\Users\Kushal A\OneDrive\Desktop\MAINPROJECT\PhytoVisionAI_Research\dataset\final_split\train\Lemon\mmpd_23 (46).jpg
train,Lemon,mmpd_23 (66).jpg,C:\Users\Kushal A\OneDrive\Desktop\MAINPROJECT\PhytoVisionAI_Research\dataset\final_split\train\Lemon\mmpd_23 (66).jpg
train,Lemon,mmpd_23 (9).jpg,C:\Users\Kushal A\OneDrive\Desktop\MAINPROJECT\PhytoVisionAI_Research\dataset\final_split\train\Lemon\mmpd_23 (9).jpg
train,Lemon,mmpd_23 (54).jpg,C:\Users\Kushal A\OneDrive\Desktop\MAINPROJECT\PhytoVisionAI_Research\dataset\final_split\train\Lemon\mmpd_23 (54).jpg
train,Lemon,mmpd_23 (16).jpg,C:\Users\Kushal A\OneDrive\Desktop\MAINPROJECT\PhytoVisionAI_Research\dataset\final_split\train\Lemon\mmpd_23 (16).jpg
train,Lemon,432.jpg,C:\Users\Kushal A\OneDrive\Desktop\MAINPROJECT\PhytoVisionAI_Research\dataset\final_split\train\Lemon\432.jpg
train,Lemon,5222.jpg,C:\Users\Kushal A\OneDrive\Desktop\MAINPROJECT\PhytoVisionAI_Research\dataset\final_split\train\Lemon\5222.jpg
train,Lemon,mmpd_23 (33).jpg,C:\Users\Kushal A\OneDrive\Desktop\MAINPROJECT\PhytoVisionAI_Research\dataset\final_split\train\Lemon\mmpd_23 (33).jpg
train,Lemon,5146.jpg,C:\Users\Kushal A\OneDrive\Desktop\MAINPROJECT\PhytoVisionAI_Research\dataset\final_split\train\Lemon\5146.jpg
train,Lemon,mmpd_23 (43).jpg,C:\Users\Kushal A\OneDrive\Desktop\MAINPROJECT\PhytoVisionAI_Research\dataset\final_split\train\Lemon\mmpd_23 (43).jpg
train,Lemon,mmpd_23 (6).jpg,C:\Users\Kushal A\OneDrive\Desktop\MAINPROJECT\PhytoVisionAI_Research\dataset\final_split\train\Lemon\mmpd_23 (6).jpg
train,Lemon,950.jpg,C:\Users\Kushal A\OneDrive\Desktop\MAINPROJECT\PhytoVisionAI_Research\dataset\final_split\train\Lemon\950.jpg
train,Lemon,5169.jpg,C:\Users\Kushal A\OneDrive\Desktop\MAINPROJECT\PhytoVisionAI_Research\dataset\final_split\train\Lemon\5169.jpg
train,Lemon,mmpd_23 (38).jpg,C:\Users\Kushal A\OneDrive\Desktop\MAINPROJECT\PhytoVisionAI_Research\dataset\final_split\train\Lemon\mmpd_23 (38).jpg
train,Lemon,5210.jpg,C:\Users\Kushal A\OneDrive\Desktop\MAINPROJECT\PhytoVisionAI_Research\dataset\final_split\train\Lemon\5210.jpg
train,Lemon,5127.jpg,C:\Users\Kushal A\OneDrive\Desktop\MAINPROJECT\PhytoVisionAI_Research\dataset\final_split\train\Lemon\5127.jpg
train,Lemon,5189.jpg,C:\Users\Kushal A\OneDrive\Desktop\MAINPROJECT\PhytoVisionAI_Research\dataset\final_split\train\Lemon\5189.jpg
train,Lemon,mmpd_23 (96).png,C:\Users\Kushal A\OneDrive\Desktop\MAINPROJECT\PhytoVisionAI_Research\dataset\final_split\train\Lemon\mmpd_23 (96).png
train,Lemon,5159.jpg,C:\Users\Kushal A\OneDrive\Desktop\MAINPROJECT\PhytoVisionAI_Research\dataset\final_split\train\Lemon\5159.jpg
train,Lemon,mmpd_23 (99).png,C:\Users\Kushal A\OneDrive\Desktop\MAINPROJECT\PhytoVisionAI_Research\dataset\final_split\train\Lemon\mmpd_23 (99).png
train,Lemon,440.jpg,C:\Users\Kushal A\OneDrive\Desktop\MAINPROJECT\PhytoVisionAI_Research\dataset\final_split\train\Lemon\440.jpg
train,Lemon,5160.jpg,C:\Users\Kushal A\OneDrive\Desktop\MAINPROJECT\PhytoVisionAI_Research\dataset\final_split\train\Lemon\5160.jpg
train,Lemon,mmpd_23 (39).jpg,C:\Users\Kushal A\OneDrive\Desktop\MAINPROJECT\PhytoVisionAI_Research\dataset\final_split\train\Lemon\mmpd_23 (39).jpg
train,Lemon,959.jpg,C:\Users\Kushal A\OneDrive\Desktop\MAINPROJECT\PhytoVisionAI_Research\dataset\final_split\train\Lemon\959.jpg
train,Lemon,5117.jpg,C:\Users\Kushal A\OneDrive\Desktop\MAINPROJECT\PhytoVisionAI_Research\dataset\final_split\train\Lemon\5117.jpg
train,Lemon,433.jpg,C:\Users\Kushal A\OneDrive\Desktop\MAINPROJECT\PhytoVisionAI_Research\dataset\final_split\train\Lemon\433.jpg
train,Lemon,5187.jpg,C:\Users\Kushal A\OneDrive\Desktop\MAINPROJECT\PhytoVisionAI_Research\dataset\final_split\train\Lemon\5187.jpg
train,Lemon,mmpd_23 (53).jpg,C:\Users\Kushal A\OneDrive\Desktop\MAINPROJECT\PhytoVisionAI_Research\dataset\final_split\train\Lemon\mmpd_23 (53).jpg
train,Lemon,mmpd_23 (52).jpg,C:\Users\Kushal A\OneDrive\Desktop\MAINPROJECT\PhytoVisionAI_Research\dataset\final_split\train\Lemon\mmpd_23 (52).jpg
train,Lemon,mmpd_23 (98).png,C:\Users\Kushal A\OneDrive\Desktop\MAINPROJECT\PhytoVisionAI_Research\dataset\final_split\train\Lemon\mmpd_23 (98).png
train,Lemon,5125.jpg,C:\Users\Kushal A\OneDrive\Desktop\MAINPROJECT\PhytoVisionAI_Research\dataset\final_split\train\Lemon\5125.jpg
train,Lemon,mmpd_23 (84).png,C:\Users\Kushal A\OneDrive\Desktop\MAINPROJECT\PhytoVisionAI_Research\dataset\final_split\train\Lemon\mmpd_23 (84).png
train,Lemon,mmpd_23 (91).png,C:\Users\Kushal A\OneDrive\Desktop\MAINPROJECT\PhytoVisionAI_Research\dataset\final_split\train\Lemon\mmpd_23 (91).png
train,Lemon,5124.jpg,C:\Users\Kushal A\OneDrive\Desktop\MAINPROJECT\PhytoVisionAI_Research\dataset\final_split\train\Lemon\5124.jpg
train,Lemon,5119.jpg,C:\Users\Kushal A\OneDrive\Desktop\MAINPROJECT\PhytoVisionAI_Research\dataset\final_split\train\Lemon\5119.jpg
train,Lemon,mmpd_23 (82).png,C:\Users\Kushal A\OneDrive\Desktop\MAINPROJECT\PhytoVisionAI_Research\dataset\final_split\train\Lemon\mmpd_23 (82).png
train,Lemon,431.jpg,C:\Users\Kushal A\OneDrive\Desktop\MAINPROJECT\PhytoVisionAI_Research\dataset\final_split\train\Lemon\431.jpg
train,Lemon,5150.jpg,C:\Users\Kushal A\OneDrive\Desktop\MAINPROJECT\PhytoVisionAI_Research\dataset\final_split\train\Lemon\5150.jpg
train,Lemon,5199.jpg,C:\Users\Kushal A\OneDrive\Desktop\MAINPROJECT\PhytoVisionAI_Research\dataset\final_split\train\Lemon\5199.jpg
train,Lemon,441.jpg,C:\Users\Kushal A\OneDrive\Desktop\MAINPROJECT\PhytoVisionAI_Research\dataset\final_split\train\Lemon\441.jpg
train,Lemon,5114.jpg,C:\Users\Kushal A\OneDrive\Desktop\MAINPROJECT\PhytoVisionAI_Research\dataset\final_split\train\Lemon\5114.jpg
train,Lemon,5179.jpg,C:\Users\Kushal A\OneDrive\Desktop\MAINPROJECT\PhytoVisionAI_Research\dataset\final_split\train\Lemon\5179.jpg
train,Lemon,mmpd_23 (15).jpg,C:\Users\Kushal A\OneDrive\Desktop\MAINPROJECT\PhytoVisionAI_Research\dataset\final_split\train\Lemon\mmpd_23 (15).jpg
train,Lemon,5123.jpg,C:\Users\Kushal A\OneDrive\Desktop\MAINPROJECT\PhytoVisionAI_Research\dataset\final_split\train\Lemon\5123.jpg
train,Lemon,mmpd_23 (74).jpg,C:\Users\Kushal A\OneDrive\Desktop\MAINPROJECT\PhytoVisionAI_Research\dataset\final_split\train\Lemon\mmpd_23 (74).jpg
train,Lemon,5135.jpg,C:\Users\Kushal A\OneDrive\Desktop\MAINPROJECT\PhytoVisionAI_Research\dataset\final_split\train\Lemon\5135.jpg
train,Lemon,5223.jpg,C:\Users\Kushal A\OneDrive\Desktop\MAINPROJECT\PhytoVisionAI_Research\dataset\final_split\train\Lemon\5223.jpg
train,Lemon,mmpd_23 (4).jpg,C:\Users\Kushal A\OneDrive\Desktop\MAINPROJECT\PhytoVisionAI_Research\dataset\final_split\train\Lemon\mmpd_23 (4).jpg
train,Lemon,5106.jpg,C:\Users\Kushal A\OneDrive\Desktop\MAINPROJECT\PhytoVisionAI_Research\dataset\final_split\train\Lemon\5106.jpg
train,Lemon,5206.jpg,C:\Users\Kushal A\OneDrive\Desktop\MAINPROJECT\PhytoVisionAI_Research\dataset\final_split\train\Lemon\5206.jpg
train,Lemon,5211.jpg,C:\Users\Kushal A\OneDrive\Desktop\MAINPROJECT\PhytoVisionAI_Research\dataset\final_split\train\Lemon\5211.jpg
train,Lemon,mmpd_23 (76).jpg,C:\Users\Kushal A\OneDrive\Desktop\MAINPROJECT\PhytoVisionAI_Research\dataset\final_split\train\Lemon\mmpd_23 (76).jpg
train,Lemon,5203.jpg,C:\Users\Kushal A\OneDrive\Desktop\MAINPROJECT\PhytoVisionAI_Research\dataset\final_split\train\Lemon\5203.jpg
train,Lemon,5208.jpg,C:\Users\Kushal A\OneDrive\Desktop\MAINPROJECT\PhytoVisionAI_Research\dataset\final_split\train\Lemon\5208.jpg
train,Lemon,5170.jpg,C:\Users\Kushal A\OneDrive\Desktop\MAINPROJECT\PhytoVisionAI_Research\dataset\final_split\train\Lemon\5170.jpg
train,Lemon,mmpd_23 (12).jpg,C:\Users\Kushal A\OneDrive\Desktop\MAINPROJECT\PhytoVisionAI_Research\dataset\final_split\train\Lemon\mmpd_23 (12).jpg
train,Lemon,mmpd_23 (67).jpg,C:\Users\Kushal A\OneDrive\Desktop\MAINPROJECT\PhytoVisionAI_Research\dataset\final_split\train\Lemon\mmpd_23 (67).jpg
train,Lemon,5165.jpg,C:\Users\Kushal A\OneDrive\Desktop\MAINPROJECT\PhytoVisionAI_Research\dataset\final_split\train\Lemon\5165.jpg
train,Lemon,5143.jpg,C:\Users\Kushal A\OneDrive\Desktop\MAINPROJECT\PhytoVisionAI_Research\dataset\final_split\train\Lemon\5143.jpg
train,Lemon,5166.jpg,C:\Users\Kushal A\OneDrive\Desktop\MAINPROJECT\PhytoVisionAI_Research\dataset\final_split\train\Lemon\5166.jpg
train,Lemon,5182.jpg,C:\Users\Kushal A\OneDrive\Desktop\MAINPROJECT\PhytoVisionAI_Research\dataset\final_split\train\Lemon\5182.jpg
train,Lemon,960.jpg,C:\Users\Kushal A\OneDrive\Desktop\MAINPROJECT\PhytoVisionAI_Research\dataset\final_split\train\Lemon\960.jpg
train,Lemon,5202.jpg,C:\Users\Kushal A\OneDrive\Desktop\MAINPROJECT\PhytoVisionAI_Research\dataset\final_split\train\Lemon\5202.jpg
train,Lemon,5196.jpg,C:\Users\Kushal A\OneDrive\Desktop\MAINPROJECT\PhytoVisionAI_Research\dataset\final_split\train\Lemon\5196.jpg
train,Lemon,5109.jpg,C:\Users\Kushal A\OneDrive\Desktop\MAINPROJECT\PhytoVisionAI_Research\dataset\final_split\train\Lemon\5109.jpg
train,Lemon,mmpd_23 (70).jpg,C:\Users\Kushal A\OneDrive\Desktop\MAINPROJECT\PhytoVisionAI_Research\dataset\final_split\train\Lemon\mmpd_23 (70).jpg
train,Lemon,5204.jpg,C:\Users\Kushal A\OneDrive\Desktop\MAINPROJECT\PhytoVisionAI_Research\dataset\final_split\train\Lemon\5204.jpg
train,Lemon,5214.jpg,C:\Users\Kushal A\OneDrive\Desktop\MAINPROJECT\PhytoVisionAI_Research\dataset\final_split\train\Lemon\5214.jpg
train,Lemon,5132.jpg,C:\Users\Kushal A\OneDrive\Desktop\MAINPROJECT\PhytoVisionAI_Research\dataset\final_split\train\Lemon\5132.jpg
train,Lemon,mmpd_23 (89).png,C:\Users\Kushal A\OneDrive\Desktop\MAINPROJECT\PhytoVisionAI_Research\dataset\final_split\train\Lemon\mmpd_23 (89).png
train,Lemon,mmpd_23 (94).png,C:\Users\Kushal A\OneDrive\Desktop\MAINPROJECT\PhytoVisionAI_Research\dataset\final_split\train\Lemon\mmpd_23 (94).png
train,Lemon,5197.jpg,C:\Users\Kushal A\OneDrive\Desktop\MAINPROJECT\PhytoVisionAI_Research\dataset\final_split\train\Lemon\5197.jpg
train,Lemon,mmpd_23 (86).png,C:\Users\Kushal A\OneDrive\Desktop\MAINPROJECT\PhytoVisionAI_Research\dataset\final_split\train\Lemon\mmpd_23 (86).png
train,Lemon,5178.jpg,C:\Users\Kushal A\OneDrive\Desktop\MAINPROJECT\PhytoVisionAI_Research\dataset\final_split\train\Lemon\5178.jpg
train,Lemon,5225.jpg,C:\Users\Kushal A\OneDrive\Desktop\MAINPROJECT\PhytoVisionAI_Research\dataset\final_split\train\Lemon\5225.jpg
train,Lemon,mmpd_23 (17).jpg,C:\Users\Kushal A\OneDrive\Desktop\MAINPROJECT\PhytoVisionAI_Research\dataset\final_split\train\Lemon\mmpd_23 (17).jpg
train,Lemon,5193.jpg,C:\Users\Kushal A\OneDrive\Desktop\MAINPROJECT\PhytoVisionAI_Research\dataset\final_split\train\Lemon\5193.jpg
train,Lemon,5171.jpg,C:\Users\Kushal A\OneDrive\Desktop\MAINPROJECT\PhytoVisionAI_Research\dataset\final_split\train\Lemon\5171.jpg
train,Lemon,mmpd_23 (59).jpg,C:\Users\Kushal A\OneDrive\Desktop\MAINPROJECT\PhytoVisionAI_Research\dataset\final_split\train\Lemon\mmpd_23 (59).jpg
train,Lemon,mmpd_23 (48).jpg,C:\Users\Kushal A\OneDrive\Desktop\MAINPROJECT\PhytoVisionAI_Research\dataset\final_split\train\Lemon\mmpd_23 (48).jpg
train,Lemon,mmpd_23 (23).jpg,C:\Users\Kushal A\OneDrive\Desktop\MAINPROJECT\PhytoVisionAI_Research\dataset\final_split\train\Lemon\mmpd_23 (23).jpg
train,Lemon,mmpd_23 (8).jpg,C:\Users\Kushal A\OneDrive\Desktop\MAINPROJECT\PhytoVisionAI_Research\dataset\final_split\train\Lemon\mmpd_23 (8).jpg
train,Lemon,mmpd_23 (64).jpg,C:\Users\Kushal A\OneDrive\Desktop\MAINPROJECT\PhytoVisionAI_Research\dataset\final_split\train\Lemon\mmpd_23 (64).jpg
train,Lemon,5176.jpg,C:\Users\Kushal A\OneDrive\Desktop\MAINPROJECT\PhytoVisionAI_Research\dataset\final_split\train\Lemon\5176.jpg
train,Lemon,mmpd_23 (88).png,C:\Users\Kushal A\OneDrive\Desktop\MAINPROJECT\PhytoVisionAI_Research\dataset\final_split\train\Lemon\mmpd_23 (88).png
train,Lemon,mmpd_23 (27).jpg,C:\Users\Kushal A\OneDrive\Desktop\MAINPROJECT\PhytoVisionAI_Research\dataset\final_split\train\Lemon\mmpd_23 (27).jpg
train,Lemon,mmpd_23 (57).jpg,C:\Users\Kushal A\OneDrive\Desktop\MAINPROJECT\PhytoVisionAI_Research\dataset\final_split\train\Lemon\mmpd_23 (57).jpg
train,Lemon,5148.jpg,C:\Users\Kushal A\OneDrive\Desktop\MAINPROJECT\PhytoVisionAI_Research\dataset\final_split\train\Lemon\5148.jpg
train,Lemon,5224.jpg,C:\Users\Kushal A\OneDrive\Desktop\MAINPROJECT\PhytoVisionAI_Research\dataset\final_split\train\Lemon\5224.jpg
train,Lemon,5113.jpg,C:\Users\Kushal A\OneDrive\Desktop\MAINPROJECT\PhytoVisionAI_Research\dataset\final_split\train\Lemon\5113.jpg
train,Lemon,5110.jpg,C:\Users\Kushal A\OneDrive\Desktop\MAINPROJECT\PhytoVisionAI_Research\dataset\final_split\train\Lemon\5110.jpg
train,Lemon,5134.jpg,C:\Users\Kushal A\OneDrive\Desktop\MAINPROJECT\PhytoVisionAI_Research\dataset\final_split\train\Lemon\5134.jpg
train,Lemon,mmpd_23 (92).png,C:\Users\Kushal A\OneDrive\Desktop\MAINPROJECT\PhytoVisionAI_Research\dataset\final_split\train\Lemon\mmpd_23 (92).png
train,Lemon,5136.jpg,C:\Users\Kushal A\OneDrive\Desktop\MAINPROJECT\PhytoVisionAI_Research\dataset\final_split\train\Lemon\5136.jpg
train,Lemon,mmpd_23 (40).jpg,C:\Users\Kushal A\OneDrive\Desktop\MAINPROJECT\PhytoVisionAI_Research\dataset\final_split\train\Lemon\mmpd_23 (40).jpg
train,Lemon,5194.jpg,C:\Users\Kushal A\OneDrive\Desktop\MAINPROJECT\PhytoVisionAI_Research\dataset\final_split\train\Lemon\5194.jpg
train,Lemon,5188.jpg,C:\Users\Kushal A\OneDrive\Desktop\MAINPROJECT\PhytoVisionAI_Research\dataset\final_split\train\Lemon\5188.jpg
train,Lemon,5111.jpg,C:\Users\Kushal A\OneDrive\Desktop\MAINPROJECT\PhytoVisionAI_Research\dataset\final_split\train\Lemon\5111.jpg
train,Lemon,5186.jpg,C:\Users\Kushal A\OneDrive\Desktop\MAINPROJECT\PhytoVisionAI_Research\dataset\final_split\train\Lemon\5186.jpg
train,Lemon,5121.jpg,C:\Users\Kushal A\OneDrive\Desktop\MAINPROJECT\PhytoVisionAI_Research\dataset\final_split\train\Lemon\5121.jpg
train,Lemon,mmpd_23 (20).jpg,C:\Users\Kushal A\OneDrive\Desktop\MAINPROJECT\PhytoVisionAI_Research\dataset\final_split\train\Lemon\mmpd_23 (20).jpg
train,Lemon,5130.jpg,C:\Users\Kushal A\OneDrive\Desktop\MAINPROJECT\PhytoVisionAI_Research\dataset\final_split\train\Lemon\5130.jpg
train,Lemon,mmpd_23 (1).jpg,C:\Users\Kushal A\OneDrive\Desktop\MAINPROJECT\PhytoVisionAI_Research\dataset\final_split\train\Lemon\mmpd_23 (1).jpg
train,Lemon,mmpd_23 (83).png,C:\Users\Kushal A\OneDrive\Desktop\MAINPROJECT\PhytoVisionAI_Research\dataset\final_split\train\Lemon\mmpd_23 (83).png
train,Lemon,mmpd_23 (56).jpg,C:\Users\Kushal A\OneDrive\Desktop\MAINPROJECT\PhytoVisionAI_Research\dataset\final_split\train\Lemon\mmpd_23 (56).jpg
train,Lemon,mmpd_23 (3).jpg,C:\Users\Kushal A\OneDrive\Desktop\MAINPROJECT\PhytoVisionAI_Research\dataset\final_split\train\Lemon\mmpd_23 (3).jpg
train,Lemon,5180.jpg,C:\Users\Kushal A\OneDrive\Desktop\MAINPROJECT\PhytoVisionAI_Research\dataset\final_split\train\Lemon\5180.jpg
train,Lemon,5126.jpg,C:\Users\Kushal A\OneDrive\Desktop\MAINPROJECT\PhytoVisionAI_Research\dataset\final_split\train\Lemon\5126.jpg
train,Lemon,mmpd_23 (75).jpg,C:\Users\Kushal A\OneDrive\Desktop\MAINPROJECT\PhytoVisionAI_Research\dataset\final_split\train\Lemon\mmpd_23 (75).jpg
train,Lemon,5177.jpg,C:\Users\Kushal A\OneDrive\Desktop\MAINPROJECT\PhytoVisionAI_Research\dataset\final_split\train\Lemon\5177.jpg
train,Lemon,430.jpg,C:\Users\Kushal A\OneDrive\Desktop\MAINPROJECT\PhytoVisionAI_Research\dataset\final_split\train\Lemon\430.jpg
train,Lemon,mmpd_23 (7).jpg,C:\Users\Kushal A\OneDrive\Desktop\MAINPROJECT\PhytoVisionAI_Research\dataset\final_split\train\Lemon\mmpd_23 (7).jpg
train,Lemon,mmpd_23 (72).jpg,C:\Users\Kushal A\OneDrive\Desktop\MAINPROJECT\PhytoVisionAI_Research\dataset\final_split\train\Lemon\mmpd_23 (72).jpg
train,Lemon,435.jpg,C:\Users\Kushal A\OneDrive\Desktop\MAINPROJECT\PhytoVisionAI_Research\dataset\final_split\train\Lemon\435.jpg
train,Lemon,mmpd_23 (34).jpg,C:\Users\Kushal A\OneDrive\Desktop\MAINPROJECT\PhytoVisionAI_Research\dataset\final_split\train\Lemon\mmpd_23 (34).jpg
train,Lemon,mmpd_23 (42).jpg,C:\Users\Kushal A\OneDrive\Desktop\MAINPROJECT\PhytoVisionAI_Research\dataset\final_split\train\Lemon\mmpd_23 (42).jpg
train,Lemon,mmpd_23 (35).jpg,C:\Users\Kushal A\OneDrive\Desktop\MAINPROJECT\PhytoVisionAI_Research\dataset\final_split\train\Lemon\mmpd_23 (35).jpg
train,Lemon,5116.jpg,C:\Users\Kushal A\OneDrive\Desktop\MAINPROJECT\PhytoVisionAI_Research\dataset\final_split\train\Lemon\5116.jpg
train,Lemon,439.jpg,C:\Users\Kushal A\OneDrive\Desktop\MAINPROJECT\PhytoVisionAI_Research\dataset\final_split\train\Lemon\439.jpg
train,Lemon,5218.jpg,C:\Users\Kushal A\OneDrive\Desktop\MAINPROJECT\PhytoVisionAI_Research\dataset\final_split\train\Lemon\5218.jpg
train,Lemon,mmpd_23 (30).jpg,C:\Users\Kushal A\OneDrive\Desktop\MAINPROJECT\PhytoVisionAI_Research\dataset\final_split\train\Lemon\mmpd_23 (30).jpg
train,Lemon,5172.jpg,C:\Users\Kushal A\OneDrive\Desktop\MAINPROJECT\PhytoVisionAI_Research\dataset\final_split\train\Lemon\5172.jpg
train,Lemon,955.jpg,C:\Users\Kushal A\OneDrive\Desktop\MAINPROJECT\PhytoVisionAI_Research\dataset\final_split\train\Lemon\955.jpg
train,Lemon,5219.jpg,C:\Users\Kushal A\OneDrive\Desktop\MAINPROJECT\PhytoVisionAI_Research\dataset\final_split\train\Lemon\5219.jpg
train,Lemon,5141.jpg,C:\Users\Kushal A\OneDrive\Desktop\MAINPROJECT\PhytoVisionAI_Research\dataset\final_split\train\Lemon\5141.jpg
train,Lemon,mmpd_23 (21).jpg,C:\Users\Kushal A\OneDrive\Desktop\MAINPROJECT\PhytoVisionAI_Research\dataset\final_split\train\Lemon\mmpd_23 (21).jpg
train,Lemon,5129.jpg,C:\Users\Kushal A\OneDrive\Desktop\MAINPROJECT\PhytoVisionAI_Research\dataset\final_split\train\Lemon\5129.jpg
train,Lemon,mmpd_23 (68).jpg,C:\Users\Kushal A\OneDrive\Desktop\MAINPROJECT\PhytoVisionAI_Research\dataset\final_split\train\Lemon\mmpd_23 (68).jpg
train,Lemon,962.jpg,C:\Users\Kushal A\OneDrive\Desktop\MAINPROJECT\PhytoVisionAI_Research\dataset\final_split\train\Lemon\962.jpg
train,Lemon,mmpd_23 (31).jpg,C:\Users\Kushal A\OneDrive\Desktop\MAINPROJECT\PhytoVisionAI_Research\dataset\final_split\train\Lemon\mmpd_23 (31).jpg
train,Lemon,mmpd_23 (49).jpg,C:\Users\Kushal A\OneDrive\Desktop\MAINPROJECT\PhytoVisionAI_Research\dataset\final_split\train\Lemon\mmpd_23 (49).jpg
train,Lemon,mmpd_23 (28).jpg,C:\Users\Kushal A\OneDrive\Desktop\MAINPROJECT\PhytoVisionAI_Research\dataset\final_split\train\Lemon\mmpd_23 (28).jpg
train,Lemon,mmpd_23 (44).jpg,C:\Users\Kushal A\OneDrive\Desktop\MAINPROJECT\PhytoVisionAI_Research\dataset\final_split\train\Lemon\mmpd_23 (44).jpg
train,Lemon,mmpd_23 (51).jpg,C:\Users\Kushal A\OneDrive\Desktop\MAINPROJECT\PhytoVisionAI_Research\dataset\final_split\train\Lemon\mmpd_23 (51).jpg
train,Lemon,mmpd_23 (13).jpg,C:\Users\Kushal A\OneDrive\Desktop\MAINPROJECT\PhytoVisionAI_Research\dataset\final_split\train\Lemon\mmpd_23 (13).jpg
train,Lemon,5153.jpg,C:\Users\Kushal A\OneDrive\Desktop\MAINPROJECT\PhytoVisionAI_Research\dataset\final_split\train\Lemon\5153.jpg
train,Lemon,5138.jpg,C:\Users\Kushal A\OneDrive\Desktop\MAINPROJECT\PhytoVisionAI_Research\dataset\final_split\train\Lemon\5138.jpg
train,Lemon,5137.jpg,C:\Users\Kushal A\OneDrive\Desktop\MAINPROJECT\PhytoVisionAI_Research\dataset\final_split\train\Lemon\5137.jpg
train,Lemon,5183.jpg,C:\Users\Kushal A\OneDrive\Desktop\MAINPROJECT\PhytoVisionAI_Research\dataset\final_split\train\Lemon\5183.jpg
train,Lemon_grass,5573.jpg,C:\Users\Kushal A\OneDrive\Desktop\MAINPROJECT\PhytoVisionAI_Research\dataset\final_split\train\Lemon_grass\5573.jpg
train,Lemon_grass,5547.jpg,C:\Users\Kushal A\OneDrive\Desktop\MAINPROJECT\PhytoVisionAI_Research\dataset\final_split\train\Lemon_grass\5547.jpg
train,Lemon_grass,5528.jpg,C:\Users\Kushal A\OneDrive\Desktop\MAINPROJECT\PhytoVisionAI_Research\dataset\final_split\train\Lemon_grass\5528.jpg
train,Lemon_grass,5575.jpg,C:\Users\Kushal A\OneDrive\Desktop\MAINPROJECT\PhytoVisionAI_Research\dataset\final_split\train\Lemon_grass\5575.jpg
train,Lemon_grass,1001.jpg,C:\Users\Kushal A\OneDrive\Desktop\MAINPROJECT\PhytoVisionAI_Research\dataset\final_split\train\Lemon_grass\1001.jpg
train,Lemon_grass,5555.jpg,C:\Users\Kushal A\OneDrive\Desktop\MAINPROJECT\PhytoVisionAI_Research\dataset\final_split\train\Lemon_grass\5555.jpg
train,Lemon_grass,5498.jpg,C:\Users\Kushal A\OneDrive\Desktop\MAINPROJECT\PhytoVisionAI_Research\dataset\final_split\train\Lemon_grass\5498.jpg
train,Lemon_grass,5507.jpg,C:\Users\Kushal A\OneDrive\Desktop\MAINPROJECT\PhytoVisionAI_Research\dataset\final_split\train\Lemon_grass\5507.jpg
train,Lemon_grass,5546.jpg,C:\Users\Kushal A\OneDrive\Desktop\MAINPROJECT\PhytoVisionAI_Research\dataset\final_split\train\Lemon_grass\5546.jpg
train,Lemon_grass,5526.jpg,C:\Users\Kushal A\OneDrive\Desktop\MAINPROJECT\PhytoVisionAI_Research\dataset\final_split\train\Lemon_grass\5526.jpg
train,Lemon_grass,5581.jpg,C:\Users\Kushal A\OneDrive\Desktop\MAINPROJECT\PhytoVisionAI_Research\dataset\final_split\train\Lemon_grass\5581.jpg
train,Lemon_grass,5543.jpg,C:\Users\Kushal A\OneDrive\Desktop\MAINPROJECT\PhytoVisionAI_Research\dataset\final_split\train\Lemon_grass\5543.jpg
train,Lemon_grass,5482.jpg,C:\Users\Kushal A\OneDrive\Desktop\MAINPROJECT\PhytoVisionAI_Research\dataset\final_split\train\Lemon_grass\5482.jpg
train,Lemon_grass,5513.jpg,C:\Users\Kushal A\OneDrive\Desktop\MAINPROJECT\PhytoVisionAI_Research\dataset\final_split\train\Lemon_grass\5513.jpg
train,Lemon_grass,473.jpg,C:\Users\Kushal A\OneDrive\Desktop\MAINPROJECT\PhytoVisionAI_Research\dataset\final_split\train\Lemon_grass\473.jpg
train,Lemon_grass,5550.jpg,C:\Users\Kushal A\OneDrive\Desktop\MAINPROJECT\PhytoVisionAI_Research\dataset\final_split\train\Lemon_grass\5550.jpg
train,Lemon_grass,995.jpg,C:\Users\Kushal A\OneDrive\Desktop\MAINPROJECT\PhytoVisionAI_Research\dataset\final_split\train\Lemon_grass\995.jpg
train,Lemon_grass,5568.jpg,C:\Users\Kushal A\OneDrive\Desktop\MAINPROJECT\PhytoVisionAI_Research\dataset\final_split\train\Lemon_grass\5568.jpg
train,Lemon_grass,5579.jpg,C:\Users\Kushal A\OneDrive\Desktop\MAINPROJECT\PhytoVisionAI_Research\dataset\final_split\train\Lemon_grass\5579.jpg
train,Lemon_grass,5556.jpg,C:\Users\Kushal A\OneDrive\Desktop\MAINPROJECT\PhytoVisionAI_Research\dataset\final_split\train\Lemon_grass\5556.jpg
train,Lemon_grass,992.jpg,C:\Users\Kushal A\OneDrive\Desktop\MAINPROJECT\PhytoVisionAI_Research\dataset\final_split\train\Lemon_grass\992.jpg
train,Lemon_grass,5529.jpg,C:\Users\Kushal A\OneDrive\Desktop\MAINPROJECT\PhytoVisionAI_Research\dataset\final_split\train\Lemon_grass\5529.jpg
train,Lemon_grass,5554.jpg,C:\Users\Kushal A\OneDrive\Desktop\MAINPROJECT\PhytoVisionAI_Research\dataset\final_split\train\Lemon_grass\5554.jpg
train,Lemon_grass,998.jpg,C:\Users\Kushal A\OneDrive\Desktop\MAINPROJECT\PhytoVisionAI_Research\dataset\final_split\train\Lemon_grass\998.jpg
train,Lemon_grass,5493.jpg,C:\Users\Kushal A\OneDrive\Desktop\MAINPROJECT\PhytoVisionAI_Research\dataset\final_split\train\Lemon_grass\5493.jpg
train,Lemon_grass,5483.jpg,C:\Users\Kushal A\OneDrive\Desktop\MAINPROJECT\PhytoVisionAI_Research\dataset\final_split\train\Lemon_grass\5483.jpg
train,Lemon_grass,5510.jpg,C:\Users\Kushal A\OneDrive\Desktop\MAINPROJECT\PhytoVisionAI_Research\dataset\final_split\train\Lemon_grass\5510.jpg
train,Lemon_grass,5517.jpg,C:\Users\Kushal A\OneDrive\Desktop\MAINPROJECT\PhytoVisionAI_Research\dataset\final_split\train\Lemon_grass\5517.jpg
train,Lemon_grass,5572.jpg,C:\Users\Kushal A\OneDrive\Desktop\MAINPROJECT\PhytoVisionAI_Research\dataset\final_split\train\Lemon_grass\5572.jpg
train,Lemon_grass,5567.jpg,C:\Users\Kushal A\OneDrive\Desktop\MAINPROJECT\PhytoVisionAI_Research\dataset\final_split\train\Lemon_grass\5567.jpg
train,Lemon_grass,5549.jpg,C:\Users\Kushal A\OneDrive\Desktop\MAINPROJECT\PhytoVisionAI_Research\dataset\final_split\train\Lemon_grass\5549.jpg
train,Lemon_grass,5530.jpg,C:\Users\Kushal A\OneDrive\Desktop\MAINPROJECT\PhytoVisionAI_Research\dataset\final_split\train\Lemon_grass\5530.jpg
train,Lemon_grass,5582.jpg,C:\Users\Kushal A\OneDrive\Desktop\MAINPROJECT\PhytoVisionAI_Research\dataset\final_split\train\Lemon_grass\5582.jpg
train,Lemon_grass,5487.jpg,C:\Users\Kushal A\OneDrive\Desktop\MAINPROJECT\PhytoVisionAI_Research\dataset\final_split\train\Lemon_grass\5487.jpg
train,Lemon_grass,994.jpg,C:\Users\Kushal A\OneDrive\Desktop\MAINPROJECT\PhytoVisionAI_Research\dataset\final_split\train\Lemon_grass\994.jpg
train,Lemon_grass,5532.jpg,C:\Users\Kushal A\OneDrive\Desktop\MAINPROJECT\PhytoVisionAI_Research\dataset\final_split\train\Lemon_grass\5532.jpg
train,Lemon_grass,5548.jpg,C:\Users\Kushal A\OneDrive\Desktop\MAINPROJECT\PhytoVisionAI_Research\dataset\final_split\train\Lemon_grass\5548.jpg
train,Lemon_grass,5468.jpg,C:\Users\Kushal A\OneDrive\Desktop\MAINPROJECT\PhytoVisionAI_Research\dataset\final_split\train\Lemon_grass\5468.jpg
train,Lemon_grass,5497.jpg,C:\Users\Kushal A\OneDrive\Desktop\MAINPROJECT\PhytoVisionAI_Research\dataset\final_split\train\Lemon_grass\5497.jpg
train,Lemon_grass,5492.jpg,C:\Users\Kushal A\OneDrive\Desktop\MAINPROJECT\PhytoVisionAI_Research\dataset\final_split\train\Lemon_grass\5492.jpg
train,Lemon_grass,5476.jpg,C:\Users\Kushal A\OneDrive\Desktop\MAINPROJECT\PhytoVisionAI_Research\dataset\final_split\train\Lemon_grass\5476.jpg
train,Lemon_grass,5486.jpg,C:\Users\Kushal A\OneDrive\Desktop\MAINPROJECT\PhytoVisionAI_Research\dataset\final_split\train\Lemon_grass\5486.jpg
train,Lemon_grass,5475.jpg,C:\Users\Kushal A\OneDrive\Desktop\MAINPROJECT\PhytoVisionAI_Research\dataset\final_split\train\Lemon_grass\5475.jpg
train,Lemon_grass,990.jpg,C:\Users\Kushal A\OneDrive\Desktop\MAINPROJECT\PhytoVisionAI_Research\dataset\final_split\train\Lemon_grass\990.jpg
train,Lemon_grass,5519.jpg,C:\Users\Kushal A\OneDrive\Desktop\MAINPROJECT\PhytoVisionAI_Research\dataset\final_split\train\Lemon_grass\5519.jpg
train,Lemon_grass,5471.jpg,C:\Users\Kushal A\OneDrive\Desktop\MAINPROJECT\PhytoVisionAI_Research\dataset\final_split\train\Lemon_grass\5471.jpg
train,Lemon_grass,5467.jpg,C:\Users\Kushal A\OneDrive\Desktop\MAINPROJECT\PhytoVisionAI_Research\dataset\final_split\train\Lemon_grass\5467.jpg
train,Lemon_grass,5531.jpg,C:\Users\Kushal A\OneDrive\Desktop\MAINPROJECT\PhytoVisionAI_Research\dataset\final_split\train\Lemon_grass\5531.jpg
train,Lemon_grass,476.jpg,C:\Users\Kushal A\OneDrive\Desktop\MAINPROJECT\PhytoVisionAI_Research\dataset\final_split\train\Lemon_grass\476.jpg
train,Lemon_grass,5491.jpg,C:\Users\Kushal A\OneDrive\Desktop\MAINPROJECT\PhytoVisionAI_Research\dataset\final_split\train\Lemon_grass\5491.jpg
train,Lemon_grass,5515.jpg,C:\Users\Kushal A\OneDrive\Desktop\MAINPROJECT\PhytoVisionAI_Research\dataset\final_split\train\Lemon_grass\5515.jpg
train,Lemon_grass,5506.jpg,C:\Users\Kushal A\OneDrive\Desktop\MAINPROJECT\PhytoVisionAI_Research\dataset\final_split\train\Lemon_grass\5506.jpg
train,Lemon_grass,5494.jpg,C:\Users\Kushal A\OneDrive\Desktop\MAINPROJECT\PhytoVisionAI_Research\dataset\final_split\train\Lemon_grass\5494.jpg
train,Lemon_grass,5552.jpg,C:\Users\Kushal A\OneDrive\Desktop\MAINPROJECT\PhytoVisionAI_Research\dataset\final_split\train\Lemon_grass\5552.jpg
train,Lemon_grass,5478.jpg,C:\Users\Kushal A\OneDrive\Desktop\MAINPROJECT\PhytoVisionAI_Research\dataset\final_split\train\Lemon_grass\5478.jpg
train,Lemon_grass,469.jpg,C:\Users\Kushal A\OneDrive\Desktop\MAINPROJECT\PhytoVisionAI_Research\dataset\final_split\train\Lemon_grass\469.jpg
train,Lemon_grass,475.jpg,C:\Users\Kushal A\OneDrive\Desktop\MAINPROJECT\PhytoVisionAI_Research\dataset\final_split\train\Lemon_grass\475.jpg
train,Lemon_grass,5539.jpg,C:\Users\Kushal A\OneDrive\Desktop\MAINPROJECT\PhytoVisionAI_Research\dataset\final_split\train\Lemon_grass\5539.jpg
train,Lemon_grass,989.jpg,C:\Users\Kushal A\OneDrive\Desktop\MAINPROJECT\PhytoVisionAI_Research\dataset\final_split\train\Lemon_grass\989.jpg
train,Lemon_grass,996.jpg,C:\Users\Kushal A\OneDrive\Desktop\MAINPROJECT\PhytoVisionAI_Research\dataset\final_split\train\Lemon_grass\996.jpg
train,Lemon_grass,5535.jpg,C:\Users\Kushal A\OneDrive\Desktop\MAINPROJECT\PhytoVisionAI_Research\dataset\final_split\train\Lemon_grass\5535.jpg
train,Lemon_grass,5523.jpg,C:\Users\Kushal A\OneDrive\Desktop\MAINPROJECT\PhytoVisionAI_Research\dataset\final_split\train\Lemon_grass\5523.jpg
train,Lemon_grass,993.jpg,C:\Users\Kushal A\OneDrive\Desktop\MAINPROJECT\PhytoVisionAI_Research\dataset\final_split\train\Lemon_grass\993.jpg
train,Lemon_grass,5571.jpg,C:\Users\Kushal A\OneDrive\Desktop\MAINPROJECT\PhytoVisionAI_Research\dataset\final_split\train\Lemon_grass\5571.jpg
train,Lemon_grass,5466.jpg,C:\Users\Kushal A\OneDrive\Desktop\MAINPROJECT\PhytoVisionAI_Research\dataset\final_split\train\Lemon_grass\5466.jpg
train,Lemon_grass,5469.jpg,C:\Users\Kushal A\OneDrive\Desktop\MAINPROJECT\PhytoVisionAI_Research\dataset\final_split\train\Lemon_grass\5469.jpg
train,Lemon_grass,5516.jpg,C:\Users\Kushal A\OneDrive\Desktop\MAINPROJECT\PhytoVisionAI_Research\dataset\final_split\train\Lemon_grass\5516.jpg
train,Lemon_grass,471.jpg,C:\Users\Kushal A\OneDrive\Desktop\MAINPROJECT\PhytoVisionAI_Research\dataset\final_split\train\Lemon_grass\471.jpg
train,Lemon_grass,5570.jpg,C:\Users\Kushal A\OneDrive\Desktop\MAINPROJECT\PhytoVisionAI_Research\dataset\final_split\train\Lemon_grass\5570.jpg
train,Lemon_grass,5538.jpg,C:\Users\Kushal A\OneDrive\Desktop\MAINPROJECT\PhytoVisionAI_Research\dataset\final_split\train\Lemon_grass\5538.jpg
train,Lemon_grass,5489.jpg,C:\Users\Kushal A\OneDrive\Desktop\MAINPROJECT\PhytoVisionAI_Research\dataset\final_split\train\Lemon_grass\5489.jpg
train,Lemon_grass,5525.jpg,C:\Users\Kushal A\OneDrive\Desktop\MAINPROJECT\PhytoVisionAI_Research\dataset\final_split\train\Lemon_grass\5525.jpg
train,Lemon_grass,5481.jpg,C:\Users\Kushal A\OneDrive\Desktop\MAINPROJECT\PhytoVisionAI_Research\dataset\final_split\train\Lemon_grass\5481.jpg
train,Lemon_grass,5569.jpg,C:\Users\Kushal A\OneDrive\Desktop\MAINPROJECT\PhytoVisionAI_Research\dataset\final_split\train\Lemon_grass\5569.jpg
train,Lemon_grass,5520.jpg,C:\Users\Kushal A\OneDrive\Desktop\MAINPROJECT\PhytoVisionAI_Research\dataset\final_split\train\Lemon_grass\5520.jpg
train,Lemon_grass,5505.jpg,C:\Users\Kushal A\OneDrive\Desktop\MAINPROJECT\PhytoVisionAI_Research\dataset\final_split\train\Lemon_grass\5505.jpg
train,Lemon_grass,5518.jpg,C:\Users\Kushal A\OneDrive\Desktop\MAINPROJECT\PhytoVisionAI_Research\dataset\final_split\train\Lemon_grass\5518.jpg
train,Lemon_grass,5560.jpg,C:\Users\Kushal A\OneDrive\Desktop\MAINPROJECT\PhytoVisionAI_Research\dataset\final_split\train\Lemon_grass\5560.jpg
train,Lemon_grass,5544.jpg,C:\Users\Kushal A\OneDrive\Desktop\MAINPROJECT\PhytoVisionAI_Research\dataset\final_split\train\Lemon_grass\5544.jpg
train,Lemon_grass,5522.jpg,C:\Users\Kushal A\OneDrive\Desktop\MAINPROJECT\PhytoVisionAI_Research\dataset\final_split\train\Lemon_grass\5522.jpg
train,Lemon_grass,5480.jpg,C:\Users\Kushal A\OneDrive\Desktop\MAINPROJECT\PhytoVisionAI_Research\dataset\final_split\train\Lemon_grass\5480.jpg
train,Lemon_grass,991.jpg,C:\Users\Kushal A\OneDrive\Desktop\MAINPROJECT\PhytoVisionAI_Research\dataset\final_split\train\Lemon_grass\991.jpg
train,Lemon_grass,5504.jpg,C:\Users\Kushal A\OneDrive\Desktop\MAINPROJECT\PhytoVisionAI_Research\dataset\final_split\train\Lemon_grass\5504.jpg
train,Lemon_grass,5562.jpg,C:\Users\Kushal A\OneDrive\Desktop\MAINPROJECT\PhytoVisionAI_Research\dataset\final_split\train\Lemon_grass\5562.jpg
train,Lemon_grass,5496.jpg,C:\Users\Kushal A\OneDrive\Desktop\MAINPROJECT\PhytoVisionAI_Research\dataset\final_split\train\Lemon_grass\5496.jpg
train,Lemon_grass,5540.jpg,C:\Users\Kushal A\OneDrive\Desktop\MAINPROJECT\PhytoVisionAI_Research\dataset\final_split\train\Lemon_grass\5540.jpg
train,Lemon_grass,5578.jpg,C:\Users\Kushal A\OneDrive\Desktop\MAINPROJECT\PhytoVisionAI_Research\dataset\final_split\train\Lemon_grass\5578.jpg
train,Lemon_grass,5585.jpg,C:\Users\Kushal A\OneDrive\Desktop\MAINPROJECT\PhytoVisionAI_Research\dataset\final_split\train\Lemon_grass\5585.jpg
train,Lemon_grass,5537.jpg,C:\Users\Kushal A\OneDrive\Desktop\MAINPROJECT\PhytoVisionAI_Research\dataset\final_split\train\Lemon_grass\5537.jpg
train,Lemon_grass,5541.jpg,C:\Users\Kushal A\OneDrive\Desktop\MAINPROJECT\PhytoVisionAI_Research\dataset\final_split\train\Lemon_grass\5541.jpg
train,Lemon_grass,5470.jpg,C:\Users\Kushal A\OneDrive\Desktop\MAINPROJECT\PhytoVisionAI_Research\dataset\final_split\train\Lemon_grass\5470.jpg
train,Lemon_grass,474.jpg,C:\Users\Kushal A\OneDrive\Desktop\MAINPROJECT\PhytoVisionAI_Research\dataset\final_split\train\Lemon_grass\474.jpg
train,Lemon_grass,5524.jpg,C:\Users\Kushal A\OneDrive\Desktop\MAINPROJECT\PhytoVisionAI_Research\dataset\final_split\train\Lemon_grass\5524.jpg
train,Lemon_grass,5485.jpg,C:\Users\Kushal A\OneDrive\Desktop\MAINPROJECT\PhytoVisionAI_Research\dataset\final_split\train\Lemon_grass\5485.jpg
train,Lemon_grass,5479.jpg,C:\Users\Kushal A\OneDrive\Desktop\MAINPROJECT\PhytoVisionAI_Research\dataset\final_split\train\Lemon_grass\5479.jpg
train,Lemon_grass,5551.jpg,C:\Users\Kushal A\OneDrive\Desktop\MAINPROJECT\PhytoVisionAI_Research\dataset\final_split\train\Lemon_grass\5551.jpg
train,Mango,5056.jpg,C:\Users\Kushal A\OneDrive\Desktop\MAINPROJECT\PhytoVisionAI_Research\dataset\final_split\train\Mango\5056.jpg
train,Mango,4996.jpg,C:\Users\Kushal A\OneDrive\Desktop\MAINPROJECT\PhytoVisionAI_Research\dataset\final_split\train\Mango\4996.jpg
train,Mango,5042.jpg,C:\Users\Kushal A\OneDrive\Desktop\MAINPROJECT\PhytoVisionAI_Research\dataset\final_split\train\Mango\5042.jpg
train,Mango,5021.jpg,C:\Users\Kushal A\OneDrive\Desktop\MAINPROJECT\PhytoVisionAI_Research\dataset\final_split\train\Mango\5021.jpg
train,Mango,5064.jpg,C:\Users\Kushal A\OneDrive\Desktop\MAINPROJECT\PhytoVisionAI_Research\dataset\final_split\train\Mango\5064.jpg
train,Mango,5102.jpg,C:\Users\Kushal A\OneDrive\Desktop\MAINPROJECT\PhytoVisionAI_Research\dataset\final_split\train\Mango\5102.jpg
train,Mango,419.jpg,C:\Users\Kushal A\OneDrive\Desktop\MAINPROJECT\PhytoVisionAI_Research\dataset\final_split\train\Mango\419.jpg
train,Mango,5053.jpg,C:\Users\Kushal A\OneDrive\Desktop\MAINPROJECT\PhytoVisionAI_Research\dataset\final_split\train\Mango\5053.jpg
train,Mango,5001.jpg,C:\Users\Kushal A\OneDrive\Desktop\MAINPROJECT\PhytoVisionAI_Research\dataset\final_split\train\Mango\5001.jpg
train,Mango,5075.jpg,C:\Users\Kushal A\OneDrive\Desktop\MAINPROJECT\PhytoVisionAI_Research\dataset\final_split\train\Mango\5075.jpg
train,Mango,943.jpg,C:\Users\Kushal A\OneDrive\Desktop\MAINPROJECT\PhytoVisionAI_Research\dataset\final_split\train\Mango\943.jpg
train,Mango,5091.jpg,C:\Users\Kushal A\OneDrive\Desktop\MAINPROJECT\PhytoVisionAI_Research\dataset\final_split\train\Mango\5091.jpg
train,Mango,5065.jpg,C:\Users\Kushal A\OneDrive\Desktop\MAINPROJECT\PhytoVisionAI_Research\dataset\final_split\train\Mango\5065.jpg
train,Mango,5097.jpg,C:\Users\Kushal A\OneDrive\Desktop\MAINPROJECT\PhytoVisionAI_Research\dataset\final_split\train\Mango\5097.jpg
train,Mango,5103.jpg,C:\Users\Kushal A\OneDrive\Desktop\MAINPROJECT\PhytoVisionAI_Research\dataset\final_split\train\Mango\5103.jpg
train,Mango,5100.jpg,C:\Users\Kushal A\OneDrive\Desktop\MAINPROJECT\PhytoVisionAI_Research\dataset\final_split\train\Mango\5100.jpg
train,Mango,5104.jpg,C:\Users\Kushal A\OneDrive\Desktop\MAINPROJECT\PhytoVisionAI_Research\dataset\final_split\train\Mango\5104.jpg
train,Mango,5058.jpg,C:\Users\Kushal A\OneDrive\Desktop\MAINPROJECT\PhytoVisionAI_Research\dataset\final_split\train\Mango\5058.jpg
train,Mango,5015.jpg,C:\Users\Kushal A\OneDrive\Desktop\MAINPROJECT\PhytoVisionAI_Research\dataset\final_split\train\Mango\5015.jpg
train,Mango,942.jpg,C:\Users\Kushal A\OneDrive\Desktop\MAINPROJECT\PhytoVisionAI_Research\dataset\final_split\train\Mango\942.jpg
train,Mango,5076.jpg,C:\Users\Kushal A\OneDrive\Desktop\MAINPROJECT\PhytoVisionAI_Research\dataset\final_split\train\Mango\5076.jpg
train,Mango,5080.jpg,C:\Users\Kushal A\OneDrive\Desktop\MAINPROJECT\PhytoVisionAI_Research\dataset\final_split\train\Mango\5080.jpg
train,Mango,4991.jpg,C:\Users\Kushal A\OneDrive\Desktop\MAINPROJECT\PhytoVisionAI_Research\dataset\final_split\train\Mango\4991.jpg
train,Mango,947.jpg,C:\Users\Kushal A\OneDrive\Desktop\MAINPROJECT\PhytoVisionAI_Research\dataset\final_split\train\Mango\947.jpg
train,Mango,5046.jpg,C:\Users\Kushal A\OneDrive\Desktop\MAINPROJECT\PhytoVisionAI_Research\dataset\final_split\train\Mango\5046.jpg
train,Mango,5010.jpg,C:\Users\Kushal A\OneDrive\Desktop\MAINPROJECT\PhytoVisionAI_Research\dataset\final_split\train\Mango\5010.jpg
train,Mango,4994.jpg,C:\Users\Kushal A\OneDrive\Desktop\MAINPROJECT\PhytoVisionAI_Research\dataset\final_split\train\Mango\4994.jpg
train,Mango,426.jpg,C:\Users\Kushal A\OneDrive\Desktop\MAINPROJECT\PhytoVisionAI_Research\dataset\final_split\train\Mango\426.jpg
train,Mango,5013.jpg,C:\Users\Kushal A\OneDrive\Desktop\MAINPROJECT\PhytoVisionAI_Research\dataset\final_split\train\Mango\5013.jpg
train,Mango,5036.jpg,C:\Users\Kushal A\OneDrive\Desktop\MAINPROJECT\PhytoVisionAI_Research\dataset\final_split\train\Mango\5036.jpg
train,Mango,5060.jpg,C:\Users\Kushal A\OneDrive\Desktop\MAINPROJECT\PhytoVisionAI_Research\dataset\final_split\train\Mango\5060.jpg
train,Mango,5002.jpg,C:\Users\Kushal A\OneDrive\Desktop\MAINPROJECT\PhytoVisionAI_Research\dataset\final_split\train\Mango\5002.jpg
train,Mango,5047.jpg,C:\Users\Kushal A\OneDrive\Desktop\MAINPROJECT\PhytoVisionAI_Research\dataset\final_split\train\Mango\5047.jpg
train,Mango,5088.jpg,C:\Users\Kushal A\OneDrive\Desktop\MAINPROJECT\PhytoVisionAI_Research\dataset\final_split\train\Mango\5088.jpg
train,Mango,5092.jpg,C:\Users\Kushal A\OneDrive\Desktop\MAINPROJECT\PhytoVisionAI_Research\dataset\final_split\train\Mango\5092.jpg
train,Mango,5073.jpg,C:\Users\Kushal A\OneDrive\Desktop\MAINPROJECT\PhytoVisionAI_Research\dataset\final_split\train\Mango\5073.jpg
train,Mango,4992.jpg,C:\Users\Kushal A\OneDrive\Desktop\MAINPROJECT\PhytoVisionAI_Research\dataset\final_split\train\Mango\4992.jpg
train,Mango,4989.jpg,C:\Users\Kushal A\OneDrive\Desktop\MAINPROJECT\PhytoVisionAI_Research\dataset\final_split\train\Mango\4989.jpg
train,Mango,5048.jpg,C:\Users\Kushal A\OneDrive\Desktop\MAINPROJECT\PhytoVisionAI_Research\dataset\final_split\train\Mango\5048.jpg
train,Mango,5018.jpg,C:\Users\Kushal A\OneDrive\Desktop\MAINPROJECT\PhytoVisionAI_Research\dataset\final_split\train\Mango\5018.jpg
train,Mango,5011.jpg,C:\Users\Kushal A\OneDrive\Desktop\MAINPROJECT\PhytoVisionAI_Research\dataset\final_split\train\Mango\5011.jpg
train,Mango,5071.jpg,C:\Users\Kushal A\OneDrive\Desktop\MAINPROJECT\PhytoVisionAI_Research\dataset\final_split\train\Mango\5071.jpg
train,Mango,5054.jpg,C:\Users\Kushal A\OneDrive\Desktop\MAINPROJECT\PhytoVisionAI_Research\dataset\final_split\train\Mango\5054.jpg
train,Mango,5077.jpg,C:\Users\Kushal A\OneDrive\Desktop\MAINPROJECT\PhytoVisionAI_Research\dataset\final_split\train\Mango\5077.jpg
train,Mango,5051.jpg,C:\Users\Kushal A\OneDrive\Desktop\MAINPROJECT\PhytoVisionAI_Research\dataset\final_split\train\Mango\5051.jpg
train,Mango,417.jpg,C:\Users\Kushal A\OneDrive\Desktop\MAINPROJECT\PhytoVisionAI_Research\dataset\final_split\train\Mango\417.jpg
train,Mango,938.jpg,C:\Users\Kushal A\OneDrive\Desktop\MAINPROJECT\PhytoVisionAI_Research\dataset\final_split\train\Mango\938.jpg
train,Mango,418.jpg,C:\Users\Kushal A\OneDrive\Desktop\MAINPROJECT\PhytoVisionAI_Research\dataset\final_split\train\Mango\418.jpg
train,Mango,5005.jpg,C:\Users\Kushal A\OneDrive\Desktop\MAINPROJECT\PhytoVisionAI_Research\dataset\final_split\train\Mango\5005.jpg
train,Mango,4999.jpg,C:\Users\Kushal A\OneDrive\Desktop\MAINPROJECT\PhytoVisionAI_Research\dataset\final_split\train\Mango\4999.jpg
train,Mango,5028.jpg,C:\Users\Kushal A\OneDrive\Desktop\MAINPROJECT\PhytoVisionAI_Research\dataset\final_split\train\Mango\5028.jpg
train,Mango,5072.jpg,C:\Users\Kushal A\OneDrive\Desktop\MAINPROJECT\PhytoVisionAI_Research\dataset\final_split\train\Mango\5072.jpg
train,Mango,5062.jpg,C:\Users\Kushal A\OneDrive\Desktop\MAINPROJECT\PhytoVisionAI_Research\dataset\final_split\train\Mango\5062.jpg
train,Mango,5016.jpg,C:\Users\Kushal A\OneDrive\Desktop\MAINPROJECT\PhytoVisionAI_Research\dataset\final_split\train\Mango\5016.jpg
train,Mango,5093.jpg,C:\Users\Kushal A\OneDrive\Desktop\MAINPROJECT\PhytoVisionAI_Research\dataset\final_split\train\Mango\5093.jpg
train,Mango,5014.jpg,C:\Users\Kushal A\OneDrive\Desktop\MAINPROJECT\PhytoVisionAI_Research\dataset\final_split\train\Mango\5014.jpg
train,Mango,4987.jpg,C:\Users\Kushal A\OneDrive\Desktop\MAINPROJECT\PhytoVisionAI_Research\dataset\final_split\train\Mango\4987.jpg
train,Mango,5034.jpg,C:\Users\Kushal A\OneDrive\Desktop\MAINPROJECT\PhytoVisionAI_Research\dataset\final_split\train\Mango\5034.jpg
train,Mango,4986.jpg,C:\Users\Kushal A\OneDrive\Desktop\MAINPROJECT\PhytoVisionAI_Research\dataset\final_split\train\Mango\4986.jpg
train,Mango,5096.jpg,C:\Users\Kushal A\OneDrive\Desktop\MAINPROJECT\PhytoVisionAI_Research\dataset\final_split\train\Mango\5096.jpg
train,Mango,5085.jpg,C:\Users\Kushal A\OneDrive\Desktop\MAINPROJECT\PhytoVisionAI_Research\dataset\final_split\train\Mango\5085.jpg
train,Mango,5027.jpg,C:\Users\Kushal A\OneDrive\Desktop\MAINPROJECT\PhytoVisionAI_Research\dataset\final_split\train\Mango\5027.jpg
train,Mango,427.jpg,C:\Users\Kushal A\OneDrive\Desktop\MAINPROJECT\PhytoVisionAI_Research\dataset\final_split\train\Mango\427.jpg
train,Mango,5061.jpg,C:\Users\Kushal A\OneDrive\Desktop\MAINPROJECT\PhytoVisionAI_Research\dataset\final_split\train\Mango\5061.jpg
train,Mango,5022.jpg,C:\Users\Kushal A\OneDrive\Desktop\MAINPROJECT\PhytoVisionAI_Research\dataset\final_split\train\Mango\5022.jpg
train,Mango,940.jpg,C:\Users\Kushal A\OneDrive\Desktop\MAINPROJECT\PhytoVisionAI_Research\dataset\final_split\train\Mango\940.jpg
train,Mango,5009.jpg,C:\Users\Kushal A\OneDrive\Desktop\MAINPROJECT\PhytoVisionAI_Research\dataset\final_split\train\Mango\5009.jpg
train,Mango,5095.jpg,C:\Users\Kushal A\OneDrive\Desktop\MAINPROJECT\PhytoVisionAI_Research\dataset\final_split\train\Mango\5095.jpg
train,Mango,5006.jpg,C:\Users\Kushal A\OneDrive\Desktop\MAINPROJECT\PhytoVisionAI_Research\dataset\final_split\train\Mango\5006.jpg
train,Mango,5082.jpg,C:\Users\Kushal A\OneDrive\Desktop\MAINPROJECT\PhytoVisionAI_Research\dataset\final_split\train\Mango\5082.jpg
train,Mango,939.jpg,C:\Users\Kushal A\OneDrive\Desktop\MAINPROJECT\PhytoVisionAI_Research\dataset\final_split\train\Mango\939.jpg
train,Mango,5017.jpg,C:\Users\Kushal A\OneDrive\Desktop\MAINPROJECT\PhytoVisionAI_Research\dataset\final_split\train\Mango\5017.jpg
train,Mango,5043.jpg,C:\Users\Kushal A\OneDrive\Desktop\MAINPROJECT\PhytoVisionAI_Research\dataset\final_split\train\Mango\5043.jpg
train,Mango,948.jpg,C:\Users\Kushal A\OneDrive\Desktop\MAINPROJECT\PhytoVisionAI_Research\dataset\final_split\train\Mango\948.jpg
train,Mango,944.jpg,C:\Users\Kushal A\OneDrive\Desktop\MAINPROJECT\PhytoVisionAI_Research\dataset\final_split\train\Mango\944.jpg
train,Mango,5030.jpg,C:\Users\Kushal A\OneDrive\Desktop\MAINPROJECT\PhytoVisionAI_Research\dataset\final_split\train\Mango\5030.jpg
train,Mango,5087.jpg,C:\Users\Kushal A\OneDrive\Desktop\MAINPROJECT\PhytoVisionAI_Research\dataset\final_split\train\Mango\5087.jpg
train,Mango,949.jpg,C:\Users\Kushal A\OneDrive\Desktop\MAINPROJECT\PhytoVisionAI_Research\dataset\final_split\train\Mango\949.jpg
train,Mango,5003.jpg,C:\Users\Kushal A\OneDrive\Desktop\MAINPROJECT\PhytoVisionAI_Research\dataset\final_split\train\Mango\5003.jpg
train,Mango,5069.jpg,C:\Users\Kushal A\OneDrive\Desktop\MAINPROJECT\PhytoVisionAI_Research\dataset\final_split\train\Mango\5069.jpg
train,Mango,4988.jpg,C:\Users\Kushal A\OneDrive\Desktop\MAINPROJECT\PhytoVisionAI_Research\dataset\final_split\train\Mango\4988.jpg
train,Mango,5023.jpg,C:\Users\Kushal A\OneDrive\Desktop\MAINPROJECT\PhytoVisionAI_Research\dataset\final_split\train\Mango\5023.jpg
train,Mango,5079.jpg,C:\Users\Kushal A\OneDrive\Desktop\MAINPROJECT\PhytoVisionAI_Research\dataset\final_split\train\Mango\5079.jpg
train,Mango,5032.jpg,C:\Users\Kushal A\OneDrive\Desktop\MAINPROJECT\PhytoVisionAI_Research\dataset\final_split\train\Mango\5032.jpg
train,Mango,5083.jpg,C:\Users\Kushal A\OneDrive\Desktop\MAINPROJECT\PhytoVisionAI_Research\dataset\final_split\train\Mango\5083.jpg
train,Mango,5008.jpg,C:\Users\Kushal A\OneDrive\Desktop\MAINPROJECT\PhytoVisionAI_Research\dataset\final_split\train\Mango\5008.jpg
train,Mango,5099.jpg,C:\Users\Kushal A\OneDrive\Desktop\MAINPROJECT\PhytoVisionAI_Research\dataset\final_split\train\Mango\5099.jpg
train,Mango,5019.jpg,C:\Users\Kushal A\OneDrive\Desktop\MAINPROJECT\PhytoVisionAI_Research\dataset\final_split\train\Mango\5019.jpg
train,Mango,423.jpg,C:\Users\Kushal A\OneDrive\Desktop\MAINPROJECT\PhytoVisionAI_Research\dataset\final_split\train\Mango\423.jpg
train,Mango,5105.jpg,C:\Users\Kushal A\OneDrive\Desktop\MAINPROJECT\PhytoVisionAI_Research\dataset\final_split\train\Mango\5105.jpg
train,Mango,421.jpg,C:\Users\Kushal A\OneDrive\Desktop\MAINPROJECT\PhytoVisionAI_Research\dataset\final_split\train\Mango\421.jpg
train,Mango,5004.jpg,C:\Users\Kushal A\OneDrive\Desktop\MAINPROJECT\PhytoVisionAI_Research\dataset\final_split\train\Mango\5004.jpg
train,Mango,5081.jpg,C:\Users\Kushal A\OneDrive\Desktop\MAINPROJECT\PhytoVisionAI_Research\dataset\final_split\train\Mango\5081.jpg
train,Mango,937.jpg,C:\Users\Kushal A\OneDrive\Desktop\MAINPROJECT\PhytoVisionAI_Research\dataset\final_split\train\Mango\937.jpg
train,Mango,946.jpg,C:\Users\Kushal A\OneDrive\Desktop\MAINPROJECT\PhytoVisionAI_Research\dataset\final_split\train\Mango\946.jpg
train,Mango,4995.jpg,C:\Users\Kushal A\OneDrive\Desktop\MAINPROJECT\PhytoVisionAI_Research\dataset\final_split\train\Mango\4995.jpg
train,Mango,420.jpg,C:\Users\Kushal A\OneDrive\Desktop\MAINPROJECT\PhytoVisionAI_Research\dataset\final_split\train\Mango\420.jpg
train,Mango,5045.jpg,C:\Users\Kushal A\OneDrive\Desktop\MAINPROJECT\PhytoVisionAI_Research\dataset\final_split\train\Mango\5045.jpg
train,Mango,5040.jpg,C:\Users\Kushal A\OneDrive\Desktop\MAINPROJECT\PhytoVisionAI_Research\dataset\final_split\train\Mango\5040.jpg
train,Mango,4990.jpg,C:\Users\Kushal A\OneDrive\Desktop\MAINPROJECT\PhytoVisionAI_Research\dataset\final_split\train\Mango\4990.jpg
train,Mango,5024.jpg,C:\Users\Kushal A\OneDrive\Desktop\MAINPROJECT\PhytoVisionAI_Research\dataset\final_split\train\Mango\5024.jpg
train,Mango,5037.jpg,C:\Users\Kushal A\OneDrive\Desktop\MAINPROJECT\PhytoVisionAI_Research\dataset\final_split\train\Mango\5037.jpg
train,Mint,4067.jpg,C:\Users\Kushal A\OneDrive\Desktop\MAINPROJECT\PhytoVisionAI_Research\dataset\final_split\train\Mint\4067.jpg
train,Mint,4042.jpg,C:\Users\Kushal A\OneDrive\Desktop\MAINPROJECT\PhytoVisionAI_Research\dataset\final_split\train\Mint\4042.jpg
train,Mint,4088.jpg,C:\Users\Kushal A\OneDrive\Desktop\MAINPROJECT\PhytoVisionAI_Research\dataset\final_split\train\Mint\4088.jpg
train,Mint,mmpd_20 (67).jpg,C:\Users\Kushal A\OneDrive\Desktop\MAINPROJECT\PhytoVisionAI_Research\dataset\final_split\train\Mint\mmpd_20 (67).jpg
train,Mint,mmpd_20 (63).jpg,C:\Users\Kushal A\OneDrive\Desktop\MAINPROJECT\PhytoVisionAI_Research\dataset\final_split\train\Mint\mmpd_20 (63).jpg
train,Mint,4061.jpg,C:\Users\Kushal A\OneDrive\Desktop\MAINPROJECT\PhytoVisionAI_Research\dataset\final_split\train\Mint\4061.jpg
train,Mint,mmpd_20 (42).jpg,C:\Users\Kushal A\OneDrive\Desktop\MAINPROJECT\PhytoVisionAI_Research\dataset\final_split\train\Mint\mmpd_20 (42).jpg
train,Mint,4039.jpg,C:\Users\Kushal A\OneDrive\Desktop\MAINPROJECT\PhytoVisionAI_Research\dataset\final_split\train\Mint\4039.jpg
train,Mint,4057.jpg,C:\Users\Kushal A\OneDrive\Desktop\MAINPROJECT\PhytoVisionAI_Research\dataset\final_split\train\Mint\4057.jpg
train,Mint,3990.jpg,C:\Users\Kushal A\OneDrive\Desktop\MAINPROJECT\PhytoVisionAI_Research\dataset\final_split\train\Mint\3990.jpg
train,Mint,4006.jpg,C:\Users\Kushal A\OneDrive\Desktop\MAINPROJECT\PhytoVisionAI_Research\dataset\final_split\train\Mint\4006.jpg
train,Mint,4019.jpg,C:\Users\Kushal A\OneDrive\Desktop\MAINPROJECT\PhytoVisionAI_Research\dataset\final_split\train\Mint\4019.jpg
train,Mint,mmpd_20 (10).jpg,C:\Users\Kushal A\OneDrive\Desktop\MAINPROJECT\PhytoVisionAI_Research\dataset\final_split\train\Mint\mmpd_20 (10).jpg
train,Mint,mmpd_20 (4).jpg,C:\Users\Kushal A\OneDrive\Desktop\MAINPROJECT\PhytoVisionAI_Research\dataset\final_split\train\Mint\mmpd_20 (4).jpg
train,Mint,mmpd_20 (74).jpg,C:\Users\Kushal A\OneDrive\Desktop\MAINPROJECT\PhytoVisionAI_Research\dataset\final_split\train\Mint\mmpd_20 (74).jpg
train,Mint,mmpd_20 (62).jpg,C:\Users\Kushal A\OneDrive\Desktop\MAINPROJECT\PhytoVisionAI_Research\dataset\final_split\train\Mint\mmpd_20 (62).jpg
train,Mint,mmpd_20 (75).jpg,C:\Users\Kushal A\OneDrive\Desktop\MAINPROJECT\PhytoVisionAI_Research\dataset\final_split\train\Mint\mmpd_20 (75).jpg
train,Mint,mmpd_20 (53).jpg,C:\Users\Kushal A\OneDrive\Desktop\MAINPROJECT\PhytoVisionAI_Research\dataset\final_split\train\Mint\mmpd_20 (53).jpg
train,Mint,mmpd_20 (91).jpg,C:\Users\Kushal A\OneDrive\Desktop\MAINPROJECT\PhytoVisionAI_Research\dataset\final_split\train\Mint\mmpd_20 (91).jpg
train,Mint,mmpd_20 (15).jpg,C:\Users\Kushal A\OneDrive\Desktop\MAINPROJECT\PhytoVisionAI_Research\dataset\final_split\train\Mint\mmpd_20 (15).jpg
train,Mint,323.jpg,C:\Users\Kushal A\OneDrive\Desktop\MAINPROJECT\PhytoVisionAI_Research\dataset\final_split\train\Mint\323.jpg
train,Mint,3988.jpg,C:\Users\Kushal A\OneDrive\Desktop\MAINPROJECT\PhytoVisionAI_Research\dataset\final_split\train\Mint\3988.jpg
train,Mint,mmpd_20 (12).jpg,C:\Users\Kushal A\OneDrive\Desktop\MAINPROJECT\PhytoVisionAI_Research\dataset\final_split\train\Mint\mmpd_20 (12).jpg
train,Mint,mmpd_20 (90).jpg,C:\Users\Kushal A\OneDrive\Desktop\MAINPROJECT\PhytoVisionAI_Research\dataset\final_split\train\Mint\mmpd_20 (90).jpg
train,Mint,4030.jpg,C:\Users\Kushal A\OneDrive\Desktop\MAINPROJECT\PhytoVisionAI_Research\dataset\final_split\train\Mint\4030.jpg
train,Mint,4098.jpg,C:\Users\Kushal A\OneDrive\Desktop\MAINPROJECT\PhytoVisionAI_Research\dataset\final_split\train\Mint\4098.jpg
train,Mint,4071.jpg,C:\Users\Kushal A\OneDrive\Desktop\MAINPROJECT\PhytoVisionAI_Research\dataset\final_split\train\Mint\4071.jpg
train,Mint,4025.jpg,C:\Users\Kushal A\OneDrive\Desktop\MAINPROJECT\PhytoVisionAI_Research\dataset\final_split\train\Mint\4025.jpg
train,Mint,4024.jpg,C:\Users\Kushal A\OneDrive\Desktop\MAINPROJECT\PhytoVisionAI_Research\dataset\final_split\train\Mint\4024.jpg
train,Mint,834.jpg,C:\Users\Kushal A\OneDrive\Desktop\MAINPROJECT\PhytoVisionAI_Research\dataset\final_split\train\Mint\834.jpg
train,Mint,324.jpg,C:\Users\Kushal A\OneDrive\Desktop\MAINPROJECT\PhytoVisionAI_Research\dataset\final_split\train\Mint\324.jpg
train,Mint,4078.jpg,C:\Users\Kushal A\OneDrive\Desktop\MAINPROJECT\PhytoVisionAI_Research\dataset\final_split\train\Mint\4078.jpg
train,Mint,845.jpg,C:\Users\Kushal A\OneDrive\Desktop\MAINPROJECT\PhytoVisionAI_Research\dataset\final_split\train\Mint\845.jpg
train,Mint,3999.jpg,C:\Users\Kushal A\OneDrive\Desktop\MAINPROJECT\PhytoVisionAI_Research\dataset\final_split\train\Mint\3999.jpg
train,Mint,325.jpg,C:\Users\Kushal A\OneDrive\Desktop\MAINPROJECT\PhytoVisionAI_Research\dataset\final_split\train\Mint\325.jpg
train,Mint,mmpd_20 (65).jpg,C:\Users\Kushal A\OneDrive\Desktop\MAINPROJECT\PhytoVisionAI_Research\dataset\final_split\train\Mint\mmpd_20 (65).jpg
train,Mint,4015.jpg,C:\Users\Kushal A\OneDrive\Desktop\MAINPROJECT\PhytoVisionAI_Research\dataset\final_split\train\Mint\4015.jpg
train,Mint,4066.jpg,C:\Users\Kushal A\OneDrive\Desktop\MAINPROJECT\PhytoVisionAI_Research\dataset\final_split\train\Mint\4066.jpg
train,Mint,mmpd_20 (48).jpg,C:\Users\Kushal A\OneDrive\Desktop\MAINPROJECT\PhytoVisionAI_Research\dataset\final_split\train\Mint\mmpd_20 (48).jpg
train,Mint,320.jpg,C:\Users\Kushal A\OneDrive\Desktop\MAINPROJECT\PhytoVisionAI_Research\dataset\final_split\train\Mint\320.jpg
train,Mint,4012.jpg,C:\Users\Kushal A\OneDrive\Desktop\MAINPROJECT\PhytoVisionAI_Research\dataset\final_split\train\Mint\4012.jpg
train,Mint,4028.jpg,C:\Users\Kushal A\OneDrive\Desktop\MAINPROJECT\PhytoVisionAI_Research\dataset\final_split\train\Mint\4028.jpg
train,Mint,4054.jpg,C:\Users\Kushal A\OneDrive\Desktop\MAINPROJECT\PhytoVisionAI_Research\dataset\final_split\train\Mint\4054.jpg
train,Mint,mmpd_20 (8).jpg,C:\Users\Kushal A\OneDrive\Desktop\MAINPROJECT\PhytoVisionAI_Research\dataset\final_split\train\Mint\mmpd_20 (8).jpg
train,Mint,4073.jpg,C:\Users\Kushal A\OneDrive\Desktop\MAINPROJECT\PhytoVisionAI_Research\dataset\final_split\train\Mint\4073.jpg
train,Mint,4102.jpg,C:\Users\Kushal A\OneDrive\Desktop\MAINPROJECT\PhytoVisionAI_Research\dataset\final_split\train\Mint\4102.jpg
train,Mint,mmpd_20 (99).jpg,C:\Users\Kushal A\OneDrive\Desktop\MAINPROJECT\PhytoVisionAI_Research\dataset\final_split\train\Mint\mmpd_20 (99).jpg
train,Mint,4075.jpg,C:\Users\Kushal A\OneDrive\Desktop\MAINPROJECT\PhytoVisionAI_Research\dataset\final_split\train\Mint\4075.jpg
train,Mint,4095.jpg,C:\Users\Kushal A\OneDrive\Desktop\MAINPROJECT\PhytoVisionAI_Research\dataset\final_split\train\Mint\4095.jpg
train,Mint,833.jpg,C:\Users\Kushal A\OneDrive\Desktop\MAINPROJECT\PhytoVisionAI_Research\dataset\final_split\train\Mint\833.jpg
train,Mint,4017.jpg,C:\Users\Kushal A\OneDrive\Desktop\MAINPROJECT\PhytoVisionAI_Research\dataset\final_split\train\Mint\4017.jpg
train,Mint,4034.jpg,C:\Users\Kushal A\OneDrive\Desktop\MAINPROJECT\PhytoVisionAI_Research\dataset\final_split\train\Mint\4034.jpg
train,Mint,4007.jpg,C:\Users\Kushal A\OneDrive\Desktop\MAINPROJECT\PhytoVisionAI_Research\dataset\final_split\train\Mint\4007.jpg
train,Mint,3991.jpg,C:\Users\Kushal A\OneDrive\Desktop\MAINPROJECT\PhytoVisionAI_Research\dataset\final_split\train\Mint\3991.jpg
train,Mint,3984.jpg,C:\Users\Kushal A\OneDrive\Desktop\MAINPROJECT\PhytoVisionAI_Research\dataset\final_split\train\Mint\3984.jpg
train,Mint,mmpd_20 (93).jpg,C:\Users\Kushal A\OneDrive\Desktop\MAINPROJECT\PhytoVisionAI_Research\dataset\final_split\train\Mint\mmpd_20 (93).jpg
train,Mint,mmpd_20 (50).jpg,C:\Users\Kushal A\OneDrive\Desktop\MAINPROJECT\PhytoVisionAI_Research\dataset\final_split\train\Mint\mmpd_20 (50).jpg
train,Mint,4059.jpg,C:\Users\Kushal A\OneDrive\Desktop\MAINPROJECT\PhytoVisionAI_Research\dataset\final_split\train\Mint\4059.jpg
train,Mint,4026.jpg,C:\Users\Kushal A\OneDrive\Desktop\MAINPROJECT\PhytoVisionAI_Research\dataset\final_split\train\Mint\4026.jpg
train,Mint,4036.jpg,C:\Users\Kushal A\OneDrive\Desktop\MAINPROJECT\PhytoVisionAI_Research\dataset\final_split\train\Mint\4036.jpg
train,Mint,4097.jpg,C:\Users\Kushal A\OneDrive\Desktop\MAINPROJECT\PhytoVisionAI_Research\dataset\final_split\train\Mint\4097.jpg
train,Mint,mmpd_20 (96).jpg,C:\Users\Kushal A\OneDrive\Desktop\MAINPROJECT\PhytoVisionAI_Research\dataset\final_split\train\Mint\mmpd_20 (96).jpg
train,Mint,mmpd_20 (24).jpg,C:\Users\Kushal A\OneDrive\Desktop\MAINPROJECT\PhytoVisionAI_Research\dataset\final_split\train\Mint\mmpd_20 (24).jpg
train,Mint,mmpd_20 (64).jpg,C:\Users\Kushal A\OneDrive\Desktop\MAINPROJECT\PhytoVisionAI_Research\dataset\final_split\train\Mint\mmpd_20 (64).jpg
train,Mint,4044.jpg,C:\Users\Kushal A\OneDrive\Desktop\MAINPROJECT\PhytoVisionAI_Research\dataset\final_split\train\Mint\4044.jpg
train,Mint,4065.jpg,C:\Users\Kushal A\OneDrive\Desktop\MAINPROJECT\PhytoVisionAI_Research\dataset\final_split\train\Mint\4065.jpg
train,Mint,mmpd_20 (44).jpg,C:\Users\Kushal A\OneDrive\Desktop\MAINPROJECT\PhytoVisionAI_Research\dataset\final_split\train\Mint\mmpd_20 (44).jpg
train,Mint,mmpd_20 (14).jpg,C:\Users\Kushal A\OneDrive\Desktop\MAINPROJECT\PhytoVisionAI_Research\dataset\final_split\train\Mint\mmpd_20 (14).jpg
train,Mint,mmpd_20 (30).jpg,C:\Users\Kushal A\OneDrive\Desktop\MAINPROJECT\PhytoVisionAI_Research\dataset\final_split\train\Mint\mmpd_20 (30).jpg
train,Mint,4037.jpg,C:\Users\Kushal A\OneDrive\Desktop\MAINPROJECT\PhytoVisionAI_Research\dataset\final_split\train\Mint\4037.jpg
train,Mint,4048.jpg,C:\Users\Kushal A\OneDrive\Desktop\MAINPROJECT\PhytoVisionAI_Research\dataset\final_split\train\Mint\4048.jpg
train,Mint,4079.jpg,C:\Users\Kushal A\OneDrive\Desktop\MAINPROJECT\PhytoVisionAI_Research\dataset\final_split\train\Mint\4079.jpg
train,Mint,4038.jpg,C:\Users\Kushal A\OneDrive\Desktop\MAINPROJECT\PhytoVisionAI_Research\dataset\final_split\train\Mint\4038.jpg
train,Mint,mmpd_20 (87).jpg,C:\Users\Kushal A\OneDrive\Desktop\MAINPROJECT\PhytoVisionAI_Research\dataset\final_split\train\Mint\mmpd_20 (87).jpg
train,Mint,4033.jpg,C:\Users\Kushal A\OneDrive\Desktop\MAINPROJECT\PhytoVisionAI_Research\dataset\final_split\train\Mint\4033.jpg
train,Mint,mmpd_20 (54).jpg,C:\Users\Kushal A\OneDrive\Desktop\MAINPROJECT\PhytoVisionAI_Research\dataset\final_split\train\Mint\mmpd_20 (54).jpg
train,Mint,mmpd_20 (85).jpg,C:\Users\Kushal A\OneDrive\Desktop\MAINPROJECT\PhytoVisionAI_Research\dataset\final_split\train\Mint\mmpd_20 (85).jpg
train,Mint,317.jpg,C:\Users\Kushal A\OneDrive\Desktop\MAINPROJECT\PhytoVisionAI_Research\dataset\final_split\train\Mint\317.jpg
train,Mint,mmpd_20 (100).png,C:\Users\Kushal A\OneDrive\Desktop\MAINPROJECT\PhytoVisionAI_Research\dataset\final_split\train\Mint\mmpd_20 (100).png
train,Mint,3980.jpg,C:\Users\Kushal A\OneDrive\Desktop\MAINPROJECT\PhytoVisionAI_Research\dataset\final_split\train\Mint\3980.jpg
train,Mint,mmpd_20 (43).jpg,C:\Users\Kushal A\OneDrive\Desktop\MAINPROJECT\PhytoVisionAI_Research\dataset\final_split\train\Mint\mmpd_20 (43).jpg
train,Mint,mmpd_20 (70).jpg,C:\Users\Kushal A\OneDrive\Desktop\MAINPROJECT\PhytoVisionAI_Research\dataset\final_split\train\Mint\mmpd_20 (70).jpg
train,Mint,4104.jpg,C:\Users\Kushal A\OneDrive\Desktop\MAINPROJECT\PhytoVisionAI_Research\dataset\final_split\train\Mint\4104.jpg
train,Mint,4084.jpg,C:\Users\Kushal A\OneDrive\Desktop\MAINPROJECT\PhytoVisionAI_Research\dataset\final_split\train\Mint\4084.jpg
train,Mint,3992.jpg,C:\Users\Kushal A\OneDrive\Desktop\MAINPROJECT\PhytoVisionAI_Research\dataset\final_split\train\Mint\3992.jpg
train,Mint,840.jpg,C:\Users\Kushal A\OneDrive\Desktop\MAINPROJECT\PhytoVisionAI_Research\dataset\final_split\train\Mint\840.jpg
train,Mint,mmpd_20 (27).jpg,C:\Users\Kushal A\OneDrive\Desktop\MAINPROJECT\PhytoVisionAI_Research\dataset\final_split\train\Mint\mmpd_20 (27).jpg
train,Mint,3994.jpg,C:\Users\Kushal A\OneDrive\Desktop\MAINPROJECT\PhytoVisionAI_Research\dataset\final_split\train\Mint\3994.jpg
train,Mint,4091.jpg,C:\Users\Kushal A\OneDrive\Desktop\MAINPROJECT\PhytoVisionAI_Research\dataset\final_split\train\Mint\4091.jpg
train,Mint,4096.jpg,C:\Users\Kushal A\OneDrive\Desktop\MAINPROJECT\PhytoVisionAI_Research\dataset\final_split\train\Mint\4096.jpg
train,Mint,mmpd_20 (68).jpg,C:\Users\Kushal A\OneDrive\Desktop\MAINPROJECT\PhytoVisionAI_Research\dataset\final_split\train\Mint\mmpd_20 (68).jpg
train,Mint,mmpd_20 (95).jpg,C:\Users\Kushal A\OneDrive\Desktop\MAINPROJECT\PhytoVisionAI_Research\dataset\final_split\train\Mint\mmpd_20 (95).jpg
train,Mint,844.jpg,C:\Users\Kushal A\OneDrive\Desktop\MAINPROJECT\PhytoVisionAI_Research\dataset\final_split\train\Mint\844.jpg
train,Mint,4027.jpg,C:\Users\Kushal A\OneDrive\Desktop\MAINPROJECT\PhytoVisionAI_Research\dataset\final_split\train\Mint\4027.jpg
train,Mint,4099.jpg,C:\Users\Kushal A\OneDrive\Desktop\MAINPROJECT\PhytoVisionAI_Research\dataset\final_split\train\Mint\4099.jpg
train,Mint,3982.jpg,C:\Users\Kushal A\OneDrive\Desktop\MAINPROJECT\PhytoVisionAI_Research\dataset\final_split\train\Mint\3982.jpg
train,Mint,mmpd_20 (16).jpg,C:\Users\Kushal A\OneDrive\Desktop\MAINPROJECT\PhytoVisionAI_Research\dataset\final_split\train\Mint\mmpd_20 (16).jpg
train,Mint,4020.jpg,C:\Users\Kushal A\OneDrive\Desktop\MAINPROJECT\PhytoVisionAI_Research\dataset\final_split\train\Mint\4020.jpg
train,Mint,837.jpg,C:\Users\Kushal A\OneDrive\Desktop\MAINPROJECT\PhytoVisionAI_Research\dataset\final_split\train\Mint\837.jpg
train,Mint,4032.jpg,C:\Users\Kushal A\OneDrive\Desktop\MAINPROJECT\PhytoVisionAI_Research\dataset\final_split\train\Mint\4032.jpg
train,Mint,mmpd_20 (46).jpg,C:\Users\Kushal A\OneDrive\Desktop\MAINPROJECT\PhytoVisionAI_Research\dataset\final_split\train\Mint\mmpd_20 (46).jpg
train,Mint,mmpd_20 (66).jpg,C:\Users\Kushal A\OneDrive\Desktop\MAINPROJECT\PhytoVisionAI_Research\dataset\final_split\train\Mint\mmpd_20 (66).jpg
train,Mint,mmpd_20 (6).jpg,C:\Users\Kushal A\OneDrive\Desktop\MAINPROJECT\PhytoVisionAI_Research\dataset\final_split\train\Mint\mmpd_20 (6).jpg
train,Mint,4023.jpg,C:\Users\Kushal A\OneDrive\Desktop\MAINPROJECT\PhytoVisionAI_Research\dataset\final_split\train\Mint\4023.jpg
train,Mint,4002.jpg,C:\Users\Kushal A\OneDrive\Desktop\MAINPROJECT\PhytoVisionAI_Research\dataset\final_split\train\Mint\4002.jpg
train,Mint,mmpd_20 (19).jpg,C:\Users\Kushal A\OneDrive\Desktop\MAINPROJECT\PhytoVisionAI_Research\dataset\final_split\train\Mint\mmpd_20 (19).jpg
train,Mint,318.jpg,C:\Users\Kushal A\OneDrive\Desktop\MAINPROJECT\PhytoVisionAI_Research\dataset\final_split\train\Mint\318.jpg
train,Mint,mmpd_20 (20).jpg,C:\Users\Kushal A\OneDrive\Desktop\MAINPROJECT\PhytoVisionAI_Research\dataset\final_split\train\Mint\mmpd_20 (20).jpg
train,Mint,321.jpg,C:\Users\Kushal A\OneDrive\Desktop\MAINPROJECT\PhytoVisionAI_Research\dataset\final_split\train\Mint\321.jpg
train,Mint,3986.jpg,C:\Users\Kushal A\OneDrive\Desktop\MAINPROJECT\PhytoVisionAI_Research\dataset\final_split\train\Mint\3986.jpg
train,Mint,4081.jpg,C:\Users\Kushal A\OneDrive\Desktop\MAINPROJECT\PhytoVisionAI_Research\dataset\final_split\train\Mint\4081.jpg
train,Mint,mmpd_20 (36).jpg,C:\Users\Kushal A\OneDrive\Desktop\MAINPROJECT\PhytoVisionAI_Research\dataset\final_split\train\Mint\mmpd_20 (36).jpg
train,Mint,4029.jpg,C:\Users\Kushal A\OneDrive\Desktop\MAINPROJECT\PhytoVisionAI_Research\dataset\final_split\train\Mint\4029.jpg
train,Mint,mmpd_20 (26).jpg,C:\Users\Kushal A\OneDrive\Desktop\MAINPROJECT\PhytoVisionAI_Research\dataset\final_split\train\Mint\mmpd_20 (26).jpg
train,Mint,mmpd_20 (2).jpg,C:\Users\Kushal A\OneDrive\Desktop\MAINPROJECT\PhytoVisionAI_Research\dataset\final_split\train\Mint\mmpd_20 (2).jpg
train,Mint,3981.jpg,C:\Users\Kushal A\OneDrive\Desktop\MAINPROJECT\PhytoVisionAI_Research\dataset\final_split\train\Mint\3981.jpg
train,Mint,4004.jpg,C:\Users\Kushal A\OneDrive\Desktop\MAINPROJECT\PhytoVisionAI_Research\dataset\final_split\train\Mint\4004.jpg
train,Mint,4009.jpg,C:\Users\Kushal A\OneDrive\Desktop\MAINPROJECT\PhytoVisionAI_Research\dataset\final_split\train\Mint\4009.jpg
train,Mint,4077.jpg,C:\Users\Kushal A\OneDrive\Desktop\MAINPROJECT\PhytoVisionAI_Research\dataset\final_split\train\Mint\4077.jpg
train,Mint,4053.jpg,C:\Users\Kushal A\OneDrive\Desktop\MAINPROJECT\PhytoVisionAI_Research\dataset\final_split\train\Mint\4053.jpg
train,Mint,3993.jpg,C:\Users\Kushal A\OneDrive\Desktop\MAINPROJECT\PhytoVisionAI_Research\dataset\final_split\train\Mint\3993.jpg
train,Mint,3996.jpg,C:\Users\Kushal A\OneDrive\Desktop\MAINPROJECT\PhytoVisionAI_Research\dataset\final_split\train\Mint\3996.jpg
train,Mint,4058.jpg,C:\Users\Kushal A\OneDrive\Desktop\MAINPROJECT\PhytoVisionAI_Research\dataset\final_split\train\Mint\4058.jpg
train,Mint,843.jpg,C:\Users\Kushal A\OneDrive\Desktop\MAINPROJECT\PhytoVisionAI_Research\dataset\final_split\train\Mint\843.jpg
train,Mint,313.jpg,C:\Users\Kushal A\OneDrive\Desktop\MAINPROJECT\PhytoVisionAI_Research\dataset\final_split\train\Mint\313.jpg
train,Mint,4051.jpg,C:\Users\Kushal A\OneDrive\Desktop\MAINPROJECT\PhytoVisionAI_Research\dataset\final_split\train\Mint\4051.jpg
train,Mint,315.jpg,C:\Users\Kushal A\OneDrive\Desktop\MAINPROJECT\PhytoVisionAI_Research\dataset\final_split\train\Mint\315.jpg
train,Mint,mmpd_20 (73).jpg,C:\Users\Kushal A\OneDrive\Desktop\MAINPROJECT\PhytoVisionAI_Research\dataset\final_split\train\Mint\mmpd_20 (73).jpg
train,Mint,4047.jpg,C:\Users\Kushal A\OneDrive\Desktop\MAINPROJECT\PhytoVisionAI_Research\dataset\final_split\train\Mint\4047.jpg
train,Mint,316.jpg,C:\Users\Kushal A\OneDrive\Desktop\MAINPROJECT\PhytoVisionAI_Research\dataset\final_split\train\Mint\316.jpg
train,Mint,mmpd_20 (39).jpg,C:\Users\Kushal A\OneDrive\Desktop\MAINPROJECT\PhytoVisionAI_Research\dataset\final_split\train\Mint\mmpd_20 (39).jpg
train,Mint,mmpd_20 (31).jpg,C:\Users\Kushal A\OneDrive\Desktop\MAINPROJECT\PhytoVisionAI_Research\dataset\final_split\train\Mint\mmpd_20 (31).jpg
train,Mint,mmpd_20 (78).jpg,C:\Users\Kushal A\OneDrive\Desktop\MAINPROJECT\PhytoVisionAI_Research\dataset\final_split\train\Mint\mmpd_20 (78).jpg
train,Mint,mmpd_20 (3).jpg,C:\Users\Kushal A\OneDrive\Desktop\MAINPROJECT\PhytoVisionAI_Research\dataset\final_split\train\Mint\mmpd_20 (3).jpg
train,Mint,4063.jpg,C:\Users\Kushal A\OneDrive\Desktop\MAINPROJECT\PhytoVisionAI_Research\dataset\final_split\train\Mint\4063.jpg
train,Mint,4087.jpg,C:\Users\Kushal A\OneDrive\Desktop\MAINPROJECT\PhytoVisionAI_Research\dataset\final_split\train\Mint\4087.jpg
train,Mint,4103.jpg,C:\Users\Kushal A\OneDrive\Desktop\MAINPROJECT\PhytoVisionAI_Research\dataset\final_split\train\Mint\4103.jpg
train,Mint,mmpd_20 (82).jpg,C:\Users\Kushal A\OneDrive\Desktop\MAINPROJECT\PhytoVisionAI_Research\dataset\final_split\train\Mint\mmpd_20 (82).jpg
train,Mint,4074.jpg,C:\Users\Kushal A\OneDrive\Desktop\MAINPROJECT\PhytoVisionAI_Research\dataset\final_split\train\Mint\4074.jpg
train,Mint,4076.jpg,C:\Users\Kushal A\OneDrive\Desktop\MAINPROJECT\PhytoVisionAI_Research\dataset\final_split\train\Mint\4076.jpg
train,Mint,3998.jpg,C:\Users\Kushal A\OneDrive\Desktop\MAINPROJECT\PhytoVisionAI_Research\dataset\final_split\train\Mint\3998.jpg
train,Mint,mmpd_20 (45).jpg,C:\Users\Kushal A\OneDrive\Desktop\MAINPROJECT\PhytoVisionAI_Research\dataset\final_split\train\Mint\mmpd_20 (45).jpg
train,Mint,4090.jpg,C:\Users\Kushal A\OneDrive\Desktop\MAINPROJECT\PhytoVisionAI_Research\dataset\final_split\train\Mint\4090.jpg
train,Mint,4005.jpg,C:\Users\Kushal A\OneDrive\Desktop\MAINPROJECT\PhytoVisionAI_Research\dataset\final_split\train\Mint\4005.jpg
train,Mint,mmpd_20 (60).jpg,C:\Users\Kushal A\OneDrive\Desktop\MAINPROJECT\PhytoVisionAI_Research\dataset\final_split\train\Mint\mmpd_20 (60).jpg
train,Mint,4018.jpg,C:\Users\Kushal A\OneDrive\Desktop\MAINPROJECT\PhytoVisionAI_Research\dataset\final_split\train\Mint\4018.jpg
train,Mint,4035.jpg,C:\Users\Kushal A\OneDrive\Desktop\MAINPROJECT\PhytoVisionAI_Research\dataset\final_split\train\Mint\4035.jpg
train,Mint,4080.jpg,C:\Users\Kushal A\OneDrive\Desktop\MAINPROJECT\PhytoVisionAI_Research\dataset\final_split\train\Mint\4080.jpg
train,Mint,314.jpg,C:\Users\Kushal A\OneDrive\Desktop\MAINPROJECT\PhytoVisionAI_Research\dataset\final_split\train\Mint\314.jpg
train,Mint,mmpd_20 (98).jpg,C:\Users\Kushal A\OneDrive\Desktop\MAINPROJECT\PhytoVisionAI_Research\dataset\final_split\train\Mint\mmpd_20 (98).jpg
train,Mint,mmpd_20 (11).jpg,C:\Users\Kushal A\OneDrive\Desktop\MAINPROJECT\PhytoVisionAI_Research\dataset\final_split\train\Mint\mmpd_20 (11).jpg
train,Mint,4010.jpg,C:\Users\Kushal A\OneDrive\Desktop\MAINPROJECT\PhytoVisionAI_Research\dataset\final_split\train\Mint\4010.jpg
train,Mint,mmpd_20 (5).jpg,C:\Users\Kushal A\OneDrive\Desktop\MAINPROJECT\PhytoVisionAI_Research\dataset\final_split\train\Mint\mmpd_20 (5).jpg
train,Mint,4089.jpg,C:\Users\Kushal A\OneDrive\Desktop\MAINPROJECT\PhytoVisionAI_Research\dataset\final_split\train\Mint\4089.jpg
train,Mint,3985.jpg,C:\Users\Kushal A\OneDrive\Desktop\MAINPROJECT\PhytoVisionAI_Research\dataset\final_split\train\Mint\3985.jpg
train,Mint,mmpd_20 (49).jpg,C:\Users\Kushal A\OneDrive\Desktop\MAINPROJECT\PhytoVisionAI_Research\dataset\final_split\train\Mint\mmpd_20 (49).jpg
train,Mint,4045.jpg,C:\Users\Kushal A\OneDrive\Desktop\MAINPROJECT\PhytoVisionAI_Research\dataset\final_split\train\Mint\4045.jpg
train,Mint,4001.jpg,C:\Users\Kushal A\OneDrive\Desktop\MAINPROJECT\PhytoVisionAI_Research\dataset\final_split\train\Mint\4001.jpg
train,Mint,4082.jpg,C:\Users\Kushal A\OneDrive\Desktop\MAINPROJECT\PhytoVisionAI_Research\dataset\final_split\train\Mint\4082.jpg
train,Mint,838.jpg,C:\Users\Kushal A\OneDrive\Desktop\MAINPROJECT\PhytoVisionAI_Research\dataset\final_split\train\Mint\838.jpg
train,Mint,4069.jpg,C:\Users\Kushal A\OneDrive\Desktop\MAINPROJECT\PhytoVisionAI_Research\dataset\final_split\train\Mint\4069.jpg
train,Mint,mmpd_20 (72).jpg,C:\Users\Kushal A\OneDrive\Desktop\MAINPROJECT\PhytoVisionAI_Research\dataset\final_split\train\Mint\mmpd_20 (72).jpg
train,Mint,4016.jpg,C:\Users\Kushal A\OneDrive\Desktop\MAINPROJECT\PhytoVisionAI_Research\dataset\final_split\train\Mint\4016.jpg
train,Mint,mmpd_20 (89).jpg,C:\Users\Kushal A\OneDrive\Desktop\MAINPROJECT\PhytoVisionAI_Research\dataset\final_split\train\Mint\mmpd_20 (89).jpg
train,Mint,4003.jpg,C:\Users\Kushal A\OneDrive\Desktop\MAINPROJECT\PhytoVisionAI_Research\dataset\final_split\train\Mint\4003.jpg
train,Mint,mmpd_20 (32).jpg,C:\Users\Kushal A\OneDrive\Desktop\MAINPROJECT\PhytoVisionAI_Research\dataset\final_split\train\Mint\mmpd_20 (32).jpg
train,Mint,4070.jpg,C:\Users\Kushal A\OneDrive\Desktop\MAINPROJECT\PhytoVisionAI_Research\dataset\final_split\train\Mint\4070.jpg
train,Mint,mmpd_20 (61).jpg,C:\Users\Kushal A\OneDrive\Desktop\MAINPROJECT\PhytoVisionAI_Research\dataset\final_split\train\Mint\mmpd_20 (61).jpg
train,Mint,4100.jpg,C:\Users\Kushal A\OneDrive\Desktop\MAINPROJECT\PhytoVisionAI_Research\dataset\final_split\train\Mint\4100.jpg
train,Mint,4062.jpg,C:\Users\Kushal A\OneDrive\Desktop\MAINPROJECT\PhytoVisionAI_Research\dataset\final_split\train\Mint\4062.jpg
train,Mint,mmpd_20 (76).jpg,C:\Users\Kushal A\OneDrive\Desktop\MAINPROJECT\PhytoVisionAI_Research\dataset\final_split\train\Mint\mmpd_20 (76).jpg
train,Mint,4093.jpg,C:\Users\Kushal A\OneDrive\Desktop\MAINPROJECT\PhytoVisionAI_Research\dataset\final_split\train\Mint\4093.jpg
train,Mint,4014.jpg,C:\Users\Kushal A\OneDrive\Desktop\MAINPROJECT\PhytoVisionAI_Research\dataset\final_split\train\Mint\4014.jpg
train,Mint,mmpd_20 (33).jpg,C:\Users\Kushal A\OneDrive\Desktop\MAINPROJECT\PhytoVisionAI_Research\dataset\final_split\train\Mint\mmpd_20 (33).jpg
train,Mint,3983.jpg,C:\Users\Kushal A\OneDrive\Desktop\MAINPROJECT\PhytoVisionAI_Research\dataset\final_split\train\Mint\3983.jpg
train,Mint,mmpd_20 (13).jpg,C:\Users\Kushal A\OneDrive\Desktop\MAINPROJECT\PhytoVisionAI_Research\dataset\final_split\train\Mint\mmpd_20 (13).jpg
train,Mint,841.jpg,C:\Users\Kushal A\OneDrive\Desktop\MAINPROJECT\PhytoVisionAI_Research\dataset\final_split\train\Mint\841.jpg
train,Nagadali,2393.jpg,C:\Users\Kushal A\OneDrive\Desktop\MAINPROJECT\PhytoVisionAI_Research\dataset\final_split\train\Nagadali\2393.jpg
train,Nagadali,2307.jpg,C:\Users\Kushal A\OneDrive\Desktop\MAINPROJECT\PhytoVisionAI_Research\dataset\final_split\train\Nagadali\2307.jpg
train,Nagadali,2389.jpg,C:\Users\Kushal A\OneDrive\Desktop\MAINPROJECT\PhytoVisionAI_Research\dataset\final_split\train\Nagadali\2389.jpg
train,Nagadali,2337.jpg,C:\Users\Kushal A\OneDrive\Desktop\MAINPROJECT\PhytoVisionAI_Research\dataset\final_split\train\Nagadali\2337.jpg
train,Nagadali,2364.jpg,C:\Users\Kushal A\OneDrive\Desktop\MAINPROJECT\PhytoVisionAI_Research\dataset\final_split\train\Nagadali\2364.jpg
train,Nagadali,137.jpg,C:\Users\Kushal A\OneDrive\Desktop\MAINPROJECT\PhytoVisionAI_Research\dataset\final_split\train\Nagadali\137.jpg
train,Nagadali,2329.jpg,C:\Users\Kushal A\OneDrive\Desktop\MAINPROJECT\PhytoVisionAI_Research\dataset\final_split\train\Nagadali\2329.jpg
train,Nagadali,2296.jpg,C:\Users\Kushal A\OneDrive\Desktop\MAINPROJECT\PhytoVisionAI_Research\dataset\final_split\train\Nagadali\2296.jpg
train,Nagadali,2328.jpg,C:\Users\Kushal A\OneDrive\Desktop\MAINPROJECT\PhytoVisionAI_Research\dataset\final_split\train\Nagadali\2328.jpg
train,Nagadali,2351.jpg,C:\Users\Kushal A\OneDrive\Desktop\MAINPROJECT\PhytoVisionAI_Research\dataset\final_split\train\Nagadali\2351.jpg
train,Nagadali,655.jpg,C:\Users\Kushal A\OneDrive\Desktop\MAINPROJECT\PhytoVisionAI_Research\dataset\final_split\train\Nagadali\655.jpg
train,Nagadali,2378.jpg,C:\Users\Kushal A\OneDrive\Desktop\MAINPROJECT\PhytoVisionAI_Research\dataset\final_split\train\Nagadali\2378.jpg
train,Nagadali,2288.jpg,C:\Users\Kushal A\OneDrive\Desktop\MAINPROJECT\PhytoVisionAI_Research\dataset\final_split\train\Nagadali\2288.jpg
train,Nagadali,2355.jpg,C:\Users\Kushal A\OneDrive\Desktop\MAINPROJECT\PhytoVisionAI_Research\dataset\final_split\train\Nagadali\2355.jpg
train,Nagadali,2387.jpg,C:\Users\Kushal A\OneDrive\Desktop\MAINPROJECT\PhytoVisionAI_Research\dataset\final_split\train\Nagadali\2387.jpg
train,Nagadali,2338.jpg,C:\Users\Kushal A\OneDrive\Desktop\MAINPROJECT\PhytoVisionAI_Research\dataset\final_split\train\Nagadali\2338.jpg
train,Nagadali,2365.jpg,C:\Users\Kushal A\OneDrive\Desktop\MAINPROJECT\PhytoVisionAI_Research\dataset\final_split\train\Nagadali\2365.jpg
train,Nagadali,2334.jpg,C:\Users\Kushal A\OneDrive\Desktop\MAINPROJECT\PhytoVisionAI_Research\dataset\final_split\train\Nagadali\2334.jpg
train,Nagadali,2323.jpg,C:\Users\Kushal A\OneDrive\Desktop\MAINPROJECT\PhytoVisionAI_Research\dataset\final_split\train\Nagadali\2323.jpg
train,Nagadali,2319.jpg,C:\Users\Kushal A\OneDrive\Desktop\MAINPROJECT\PhytoVisionAI_Research\dataset\final_split\train\Nagadali\2319.jpg
train,Nagadali,2379.jpg,C:\Users\Kushal A\OneDrive\Desktop\MAINPROJECT\PhytoVisionAI_Research\dataset\final_split\train\Nagadali\2379.jpg
train,Nagadali,2306.jpg,C:\Users\Kushal A\OneDrive\Desktop\MAINPROJECT\PhytoVisionAI_Research\dataset\final_split\train\Nagadali\2306.jpg
train,Nagadali,657.jpg,C:\Users\Kushal A\OneDrive\Desktop\MAINPROJECT\PhytoVisionAI_Research\dataset\final_split\train\Nagadali\657.jpg
train,Nagadali,2295.jpg,C:\Users\Kushal A\OneDrive\Desktop\MAINPROJECT\PhytoVisionAI_Research\dataset\final_split\train\Nagadali\2295.jpg
train,Nagadali,2305.jpg,C:\Users\Kushal A\OneDrive\Desktop\MAINPROJECT\PhytoVisionAI_Research\dataset\final_split\train\Nagadali\2305.jpg
train,Nagadali,2405.jpg,C:\Users\Kushal A\OneDrive\Desktop\MAINPROJECT\PhytoVisionAI_Research\dataset\final_split\train\Nagadali\2405.jpg
train,Nagadali,651.jpg,C:\Users\Kushal A\OneDrive\Desktop\MAINPROJECT\PhytoVisionAI_Research\dataset\final_split\train\Nagadali\651.jpg
train,Nagadali,2287.jpg,C:\Users\Kushal A\OneDrive\Desktop\MAINPROJECT\PhytoVisionAI_Research\dataset\final_split\train\Nagadali\2287.jpg
train,Nagadali,2340.jpg,C:\Users\Kushal A\OneDrive\Desktop\MAINPROJECT\PhytoVisionAI_Research\dataset\final_split\train\Nagadali\2340.jpg
train,Nagadali,2315.jpg,C:\Users\Kushal A\OneDrive\Desktop\MAINPROJECT\PhytoVisionAI_Research\dataset\final_split\train\Nagadali\2315.jpg
train,Nagadali,2333.jpg,C:\Users\Kushal A\OneDrive\Desktop\MAINPROJECT\PhytoVisionAI_Research\dataset\final_split\train\Nagadali\2333.jpg
train,Nagadali,2342.jpg,C:\Users\Kushal A\OneDrive\Desktop\MAINPROJECT\PhytoVisionAI_Research\dataset\final_split\train\Nagadali\2342.jpg
train,Nagadali,2339.jpg,C:\Users\Kushal A\OneDrive\Desktop\MAINPROJECT\PhytoVisionAI_Research\dataset\final_split\train\Nagadali\2339.jpg
train,Nagadali,658.jpg,C:\Users\Kushal A\OneDrive\Desktop\MAINPROJECT\PhytoVisionAI_Research\dataset\final_split\train\Nagadali\658.jpg
train,Nagadali,2326.jpg,C:\Users\Kushal A\OneDrive\Desktop\MAINPROJECT\PhytoVisionAI_Research\dataset\final_split\train\Nagadali\2326.jpg
train,Nagadali,2345.jpg,C:\Users\Kushal A\OneDrive\Desktop\MAINPROJECT\PhytoVisionAI_Research\dataset\final_split\train\Nagadali\2345.jpg
train,Nagadali,2395.jpg,C:\Users\Kushal A\OneDrive\Desktop\MAINPROJECT\PhytoVisionAI_Research\dataset\final_split\train\Nagadali\2395.jpg
train,Nagadali,2382.jpg,C:\Users\Kushal A\OneDrive\Desktop\MAINPROJECT\PhytoVisionAI_Research\dataset\final_split\train\Nagadali\2382.jpg
train,Nagadali,2286.jpg,C:\Users\Kushal A\OneDrive\Desktop\MAINPROJECT\PhytoVisionAI_Research\dataset\final_split\train\Nagadali\2286.jpg
train,Nagadali,2370.jpg,C:\Users\Kushal A\OneDrive\Desktop\MAINPROJECT\PhytoVisionAI_Research\dataset\final_split\train\Nagadali\2370.jpg
train,Nagadali,2284.jpg,C:\Users\Kushal A\OneDrive\Desktop\MAINPROJECT\PhytoVisionAI_Research\dataset\final_split\train\Nagadali\2284.jpg
train,Nagadali,663.jpg,C:\Users\Kushal A\OneDrive\Desktop\MAINPROJECT\PhytoVisionAI_Research\dataset\final_split\train\Nagadali\663.jpg
train,Nagadali,2401.jpg,C:\Users\Kushal A\OneDrive\Desktop\MAINPROJECT\PhytoVisionAI_Research\dataset\final_split\train\Nagadali\2401.jpg
train,Nagadali,135.jpg,C:\Users\Kushal A\OneDrive\Desktop\MAINPROJECT\PhytoVisionAI_Research\dataset\final_split\train\Nagadali\135.jpg
train,Nagadali,2371.jpg,C:\Users\Kushal A\OneDrive\Desktop\MAINPROJECT\PhytoVisionAI_Research\dataset\final_split\train\Nagadali\2371.jpg
train,Nagadali,2332.jpg,C:\Users\Kushal A\OneDrive\Desktop\MAINPROJECT\PhytoVisionAI_Research\dataset\final_split\train\Nagadali\2332.jpg
train,Nagadali,2347.jpg,C:\Users\Kushal A\OneDrive\Desktop\MAINPROJECT\PhytoVisionAI_Research\dataset\final_split\train\Nagadali\2347.jpg
train,Nagadali,2301.jpg,C:\Users\Kushal A\OneDrive\Desktop\MAINPROJECT\PhytoVisionAI_Research\dataset\final_split\train\Nagadali\2301.jpg
train,Nagadali,656.jpg,C:\Users\Kushal A\OneDrive\Desktop\MAINPROJECT\PhytoVisionAI_Research\dataset\final_split\train\Nagadali\656.jpg
train,Nagadali,2380.jpg,C:\Users\Kushal A\OneDrive\Desktop\MAINPROJECT\PhytoVisionAI_Research\dataset\final_split\train\Nagadali\2380.jpg
train,Nagadali,131.jpg,C:\Users\Kushal A\OneDrive\Desktop\MAINPROJECT\PhytoVisionAI_Research\dataset\final_split\train\Nagadali\131.jpg
train,Nagadali,653.jpg,C:\Users\Kushal A\OneDrive\Desktop\MAINPROJECT\PhytoVisionAI_Research\dataset\final_split\train\Nagadali\653.jpg
train,Nagadali,2308.jpg,C:\Users\Kushal A\OneDrive\Desktop\MAINPROJECT\PhytoVisionAI_Research\dataset\final_split\train\Nagadali\2308.jpg
train,Nagadali,2403.jpg,C:\Users\Kushal A\OneDrive\Desktop\MAINPROJECT\PhytoVisionAI_Research\dataset\final_split\train\Nagadali\2403.jpg
train,Nagadali,2360.jpg,C:\Users\Kushal A\OneDrive\Desktop\MAINPROJECT\PhytoVisionAI_Research\dataset\final_split\train\Nagadali\2360.jpg
train,Nagadali,2361.jpg,C:\Users\Kushal A\OneDrive\Desktop\MAINPROJECT\PhytoVisionAI_Research\dataset\final_split\train\Nagadali\2361.jpg
train,Nagadali,140.jpg,C:\Users\Kushal A\OneDrive\Desktop\MAINPROJECT\PhytoVisionAI_Research\dataset\final_split\train\Nagadali\140.jpg
train,Nagadali,2407.jpg,C:\Users\Kushal A\OneDrive\Desktop\MAINPROJECT\PhytoVisionAI_Research\dataset\final_split\train\Nagadali\2407.jpg
train,Nagadali,2310.jpg,C:\Users\Kushal A\OneDrive\Desktop\MAINPROJECT\PhytoVisionAI_Research\dataset\final_split\train\Nagadali\2310.jpg
train,Nagadali,2335.jpg,C:\Users\Kushal A\OneDrive\Desktop\MAINPROJECT\PhytoVisionAI_Research\dataset\final_split\train\Nagadali\2335.jpg
train,Nagadali,2398.jpg,C:\Users\Kushal A\OneDrive\Desktop\MAINPROJECT\PhytoVisionAI_Research\dataset\final_split\train\Nagadali\2398.jpg
train,Nagadali,2291.jpg,C:\Users\Kushal A\OneDrive\Desktop\MAINPROJECT\PhytoVisionAI_Research\dataset\final_split\train\Nagadali\2291.jpg
train,Nagadali,2299.jpg,C:\Users\Kushal A\OneDrive\Desktop\MAINPROJECT\PhytoVisionAI_Research\dataset\final_split\train\Nagadali\2299.jpg
train,Nagadali,2300.jpg,C:\Users\Kushal A\OneDrive\Desktop\MAINPROJECT\PhytoVisionAI_Research\dataset\final_split\train\Nagadali\2300.jpg
train,Nagadali,2324.jpg,C:\Users\Kushal A\OneDrive\Desktop\MAINPROJECT\PhytoVisionAI_Research\dataset\final_split\train\Nagadali\2324.jpg
train,Nagadali,659.jpg,C:\Users\Kushal A\OneDrive\Desktop\MAINPROJECT\PhytoVisionAI_Research\dataset\final_split\train\Nagadali\659.jpg
train,Nagadali,2391.jpg,C:\Users\Kushal A\OneDrive\Desktop\MAINPROJECT\PhytoVisionAI_Research\dataset\final_split\train\Nagadali\2391.jpg
train,Nagadali,2297.jpg,C:\Users\Kushal A\OneDrive\Desktop\MAINPROJECT\PhytoVisionAI_Research\dataset\final_split\train\Nagadali\2297.jpg
train,Nagadali,661.jpg,C:\Users\Kushal A\OneDrive\Desktop\MAINPROJECT\PhytoVisionAI_Research\dataset\final_split\train\Nagadali\661.jpg
train,Nagadali,132.jpg,C:\Users\Kushal A\OneDrive\Desktop\MAINPROJECT\PhytoVisionAI_Research\dataset\final_split\train\Nagadali\132.jpg
train,Nagadali,2309.jpg,C:\Users\Kushal A\OneDrive\Desktop\MAINPROJECT\PhytoVisionAI_Research\dataset\final_split\train\Nagadali\2309.jpg
train,Nagadali,2302.jpg,C:\Users\Kushal A\OneDrive\Desktop\MAINPROJECT\PhytoVisionAI_Research\dataset\final_split\train\Nagadali\2302.jpg
train,Nagadali,139.jpg,C:\Users\Kushal A\OneDrive\Desktop\MAINPROJECT\PhytoVisionAI_Research\dataset\final_split\train\Nagadali\139.jpg
train,Nagadali,136.jpg,C:\Users\Kushal A\OneDrive\Desktop\MAINPROJECT\PhytoVisionAI_Research\dataset\final_split\train\Nagadali\136.jpg
train,Nagadali,2357.jpg,C:\Users\Kushal A\OneDrive\Desktop\MAINPROJECT\PhytoVisionAI_Research\dataset\final_split\train\Nagadali\2357.jpg
train,Nagadali,2321.jpg,C:\Users\Kushal A\OneDrive\Desktop\MAINPROJECT\PhytoVisionAI_Research\dataset\final_split\train\Nagadali\2321.jpg
train,Nagadali,2368.jpg,C:\Users\Kushal A\OneDrive\Desktop\MAINPROJECT\PhytoVisionAI_Research\dataset\final_split\train\Nagadali\2368.jpg
train,Nagadali,2331.jpg,C:\Users\Kushal A\OneDrive\Desktop\MAINPROJECT\PhytoVisionAI_Research\dataset\final_split\train\Nagadali\2331.jpg
train,Nagadali,2366.jpg,C:\Users\Kushal A\OneDrive\Desktop\MAINPROJECT\PhytoVisionAI_Research\dataset\final_split\train\Nagadali\2366.jpg
train,Nagadali,2367.jpg,C:\Users\Kushal A\OneDrive\Desktop\MAINPROJECT\PhytoVisionAI_Research\dataset\final_split\train\Nagadali\2367.jpg
train,Nagadali,134.jpg,C:\Users\Kushal A\OneDrive\Desktop\MAINPROJECT\PhytoVisionAI_Research\dataset\final_split\train\Nagadali\134.jpg
train,Nagadali,2402.jpg,C:\Users\Kushal A\OneDrive\Desktop\MAINPROJECT\PhytoVisionAI_Research\dataset\final_split\train\Nagadali\2402.jpg
train,Nagadali,2397.jpg,C:\Users\Kushal A\OneDrive\Desktop\MAINPROJECT\PhytoVisionAI_Research\dataset\final_split\train\Nagadali\2397.jpg
train,Nagadali,2317.jpg,C:\Users\Kushal A\OneDrive\Desktop\MAINPROJECT\PhytoVisionAI_Research\dataset\final_split\train\Nagadali\2317.jpg
train,Nagadali,2348.jpg,C:\Users\Kushal A\OneDrive\Desktop\MAINPROJECT\PhytoVisionAI_Research\dataset\final_split\train\Nagadali\2348.jpg
train,Nagadali,2385.jpg,C:\Users\Kushal A\OneDrive\Desktop\MAINPROJECT\PhytoVisionAI_Research\dataset\final_split\train\Nagadali\2385.jpg
train,Nagadali,2394.jpg,C:\Users\Kushal A\OneDrive\Desktop\MAINPROJECT\PhytoVisionAI_Research\dataset\final_split\train\Nagadali\2394.jpg
train,Nagadali,2356.jpg,C:\Users\Kushal A\OneDrive\Desktop\MAINPROJECT\PhytoVisionAI_Research\dataset\final_split\train\Nagadali\2356.jpg
train,Nagadali,2341.jpg,C:\Users\Kushal A\OneDrive\Desktop\MAINPROJECT\PhytoVisionAI_Research\dataset\final_split\train\Nagadali\2341.jpg
train,Nagadali,2374.jpg,C:\Users\Kushal A\OneDrive\Desktop\MAINPROJECT\PhytoVisionAI_Research\dataset\final_split\train\Nagadali\2374.jpg
train,Nagadali,662.jpg,C:\Users\Kushal A\OneDrive\Desktop\MAINPROJECT\PhytoVisionAI_Research\dataset\final_split\train\Nagadali\662.jpg
train,Nagadali,2372.jpg,C:\Users\Kushal A\OneDrive\Desktop\MAINPROJECT\PhytoVisionAI_Research\dataset\final_split\train\Nagadali\2372.jpg
train,Nagadali,2282.jpg,C:\Users\Kushal A\OneDrive\Desktop\MAINPROJECT\PhytoVisionAI_Research\dataset\final_split\train\Nagadali\2282.jpg
train,Nagadali,2289.jpg,C:\Users\Kushal A\OneDrive\Desktop\MAINPROJECT\PhytoVisionAI_Research\dataset\final_split\train\Nagadali\2289.jpg
train,Nagadali,138.jpg,C:\Users\Kushal A\OneDrive\Desktop\MAINPROJECT\PhytoVisionAI_Research\dataset\final_split\train\Nagadali\138.jpg
train,Nagadali,654.jpg,C:\Users\Kushal A\OneDrive\Desktop\MAINPROJECT\PhytoVisionAI_Research\dataset\final_split\train\Nagadali\654.jpg
train,Nagadali,2359.jpg,C:\Users\Kushal A\OneDrive\Desktop\MAINPROJECT\PhytoVisionAI_Research\dataset\final_split\train\Nagadali\2359.jpg
train,Nagadali,2285.jpg,C:\Users\Kushal A\OneDrive\Desktop\MAINPROJECT\PhytoVisionAI_Research\dataset\final_split\train\Nagadali\2285.jpg
train,Nagadali,2384.jpg,C:\Users\Kushal A\OneDrive\Desktop\MAINPROJECT\PhytoVisionAI_Research\dataset\final_split\train\Nagadali\2384.jpg
train,Nagadali,2399.jpg,C:\Users\Kushal A\OneDrive\Desktop\MAINPROJECT\PhytoVisionAI_Research\dataset\final_split\train\Nagadali\2399.jpg
train,Neem,1859.jpg,C:\Users\Kushal A\OneDrive\Desktop\MAINPROJECT\PhytoVisionAI_Research\dataset\final_split\train\Neem\1859.jpg
train,Neem,1889.jpg,C:\Users\Kushal A\OneDrive\Desktop\MAINPROJECT\PhytoVisionAI_Research\dataset\final_split\train\Neem\1889.jpg
train,Neem,1893.jpg,C:\Users\Kushal A\OneDrive\Desktop\MAINPROJECT\PhytoVisionAI_Research\dataset\final_split\train\Neem\1893.jpg
train,Neem,mmpd_11 (16).jpg,C:\Users\Kushal A\OneDrive\Desktop\MAINPROJECT\PhytoVisionAI_Research\dataset\final_split\train\Neem\mmpd_11 (16).jpg
train,Neem,mmpd_11 (94).jpg,C:\Users\Kushal A\OneDrive\Desktop\MAINPROJECT\PhytoVisionAI_Research\dataset\final_split\train\Neem\mmpd_11 (94).jpg
train,Neem,1892.jpg,C:\Users\Kushal A\OneDrive\Desktop\MAINPROJECT\PhytoVisionAI_Research\dataset\final_split\train\Neem\1892.jpg
train,Neem,1844.jpg,C:\Users\Kushal A\OneDrive\Desktop\MAINPROJECT\PhytoVisionAI_Research\dataset\final_split\train\Neem\1844.jpg
train,Neem,1832.jpg,C:\Users\Kushal A\OneDrive\Desktop\MAINPROJECT\PhytoVisionAI_Research\dataset\final_split\train\Neem\1832.jpg
train,Neem,1841.jpg,C:\Users\Kushal A\OneDrive\Desktop\MAINPROJECT\PhytoVisionAI_Research\dataset\final_split\train\Neem\1841.jpg
train,Neem,mmpd_11 (78).jpg,C:\Users\Kushal A\OneDrive\Desktop\MAINPROJECT\PhytoVisionAI_Research\dataset\final_split\train\Neem\mmpd_11 (78).jpg
train,Neem,mmpd_11 (34).jpg,C:\Users\Kushal A\OneDrive\Desktop\MAINPROJECT\PhytoVisionAI_Research\dataset\final_split\train\Neem\mmpd_11 (34).jpg
train,Neem,1826.jpg,C:\Users\Kushal A\OneDrive\Desktop\MAINPROJECT\PhytoVisionAI_Research\dataset\final_split\train\Neem\1826.jpg
train,Neem,mmpd_11 (3).jpg,C:\Users\Kushal A\OneDrive\Desktop\MAINPROJECT\PhytoVisionAI_Research\dataset\final_split\train\Neem\mmpd_11 (3).jpg
train,Neem,1823.jpg,C:\Users\Kushal A\OneDrive\Desktop\MAINPROJECT\PhytoVisionAI_Research\dataset\final_split\train\Neem\1823.jpg
train,Neem,90.jpg,C:\Users\Kushal A\OneDrive\Desktop\MAINPROJECT\PhytoVisionAI_Research\dataset\final_split\train\Neem\90.jpg
train,Neem,599.jpg,C:\Users\Kushal A\OneDrive\Desktop\MAINPROJECT\PhytoVisionAI_Research\dataset\final_split\train\Neem\599.jpg
train,Neem,1846.jpg,C:\Users\Kushal A\OneDrive\Desktop\MAINPROJECT\PhytoVisionAI_Research\dataset\final_split\train\Neem\1846.jpg
train,Neem,mmpd_11 (30).jpg,C:\Users\Kushal A\OneDrive\Desktop\MAINPROJECT\PhytoVisionAI_Research\dataset\final_split\train\Neem\mmpd_11 (30).jpg
train,Neem,mmpd_11 (1).jpg,C:\Users\Kushal A\OneDrive\Desktop\MAINPROJECT\PhytoVisionAI_Research\dataset\final_split\train\Neem\mmpd_11 (1).jpg
train,Neem,1891.jpg,C:\Users\Kushal A\OneDrive\Desktop\MAINPROJECT\PhytoVisionAI_Research\dataset\final_split\train\Neem\1891.jpg
train,Neem,1821.jpg,C:\Users\Kushal A\OneDrive\Desktop\MAINPROJECT\PhytoVisionAI_Research\dataset\final_split\train\Neem\1821.jpg
train,Neem,mmpd_11 (6).jpg,C:\Users\Kushal A\OneDrive\Desktop\MAINPROJECT\PhytoVisionAI_Research\dataset\final_split\train\Neem\mmpd_11 (6).jpg
train,Neem,mmpd_11 (37).jpg,C:\Users\Kushal A\OneDrive\Desktop\MAINPROJECT\PhytoVisionAI_Research\dataset\final_split\train\Neem\mmpd_11 (37).jpg
train,Neem,mmpd_11 (88).jpg,C:\Users\Kushal A\OneDrive\Desktop\MAINPROJECT\PhytoVisionAI_Research\dataset\final_split\train\Neem\mmpd_11 (88).jpg
train,Neem,1840.jpg,C:\Users\Kushal A\OneDrive\Desktop\MAINPROJECT\PhytoVisionAI_Research\dataset\final_split\train\Neem\1840.jpg
train,Neem,mmpd_11 (60).jpg,C:\Users\Kushal A\OneDrive\Desktop\MAINPROJECT\PhytoVisionAI_Research\dataset\final_split\train\Neem\mmpd_11 (60).jpg
train,Neem,1785.jpg,C:\Users\Kushal A\OneDrive\Desktop\MAINPROJECT\PhytoVisionAI_Research\dataset\final_split\train\Neem\1785.jpg
train,Neem,1871.jpg,C:\Users\Kushal A\OneDrive\Desktop\MAINPROJECT\PhytoVisionAI_Research\dataset\final_split\train\Neem\1871.jpg
train,Neem,1852.jpg,C:\Users\Kushal A\OneDrive\Desktop\MAINPROJECT\PhytoVisionAI_Research\dataset\final_split\train\Neem\1852.jpg
train,Neem,91.jpg,C:\Users\Kushal A\OneDrive\Desktop\MAINPROJECT\PhytoVisionAI_Research\dataset\final_split\train\Neem\91.jpg
train,Neem,1863.jpg,C:\Users\Kushal A\OneDrive\Desktop\MAINPROJECT\PhytoVisionAI_Research\dataset\final_split\train\Neem\1863.jpg
train,Neem,mmpd_11 (5).jpg,C:\Users\Kushal A\OneDrive\Desktop\MAINPROJECT\PhytoVisionAI_Research\dataset\final_split\train\Neem\mmpd_11 (5).jpg
train,Neem,1794.jpg,C:\Users\Kushal A\OneDrive\Desktop\MAINPROJECT\PhytoVisionAI_Research\dataset\final_split\train\Neem\1794.jpg
train,Neem,85.jpg,C:\Users\Kushal A\OneDrive\Desktop\MAINPROJECT\PhytoVisionAI_Research\dataset\final_split\train\Neem\85.jpg
train,Neem,mmpd_11 (95).jpg,C:\Users\Kushal A\OneDrive\Desktop\MAINPROJECT\PhytoVisionAI_Research\dataset\final_split\train\Neem\mmpd_11 (95).jpg
train,Neem,mmpd_11 (63).jpg,C:\Users\Kushal A\OneDrive\Desktop\MAINPROJECT\PhytoVisionAI_Research\dataset\final_split\train\Neem\mmpd_11 (63).jpg
train,Neem,80.jpg,C:\Users\Kushal A\OneDrive\Desktop\MAINPROJECT\PhytoVisionAI_Research\dataset\final_split\train\Neem\80.jpg
train,Neem,1839.jpg,C:\Users\Kushal A\OneDrive\Desktop\MAINPROJECT\PhytoVisionAI_Research\dataset\final_split\train\Neem\1839.jpg
train,Neem,mmpd_11 (35).jpg,C:\Users\Kushal A\OneDrive\Desktop\MAINPROJECT\PhytoVisionAI_Research\dataset\final_split\train\Neem\mmpd_11 (35).jpg
train,Neem,mmpd_11 (46).jpg,C:\Users\Kushal A\OneDrive\Desktop\MAINPROJECT\PhytoVisionAI_Research\dataset\final_split\train\Neem\mmpd_11 (46).jpg
train,Neem,1799.jpg,C:\Users\Kushal A\OneDrive\Desktop\MAINPROJECT\PhytoVisionAI_Research\dataset\final_split\train\Neem\1799.jpg
train,Neem,1819.jpg,C:\Users\Kushal A\OneDrive\Desktop\MAINPROJECT\PhytoVisionAI_Research\dataset\final_split\train\Neem\1819.jpg
train,Neem,mmpd_11 (22).jpg,C:\Users\Kushal A\OneDrive\Desktop\MAINPROJECT\PhytoVisionAI_Research\dataset\final_split\train\Neem\mmpd_11 (22).jpg
train,Neem,mmpd_11 (65).jpg,C:\Users\Kushal A\OneDrive\Desktop\MAINPROJECT\PhytoVisionAI_Research\dataset\final_split\train\Neem\mmpd_11 (65).jpg
train,Neem,1818.jpg,C:\Users\Kushal A\OneDrive\Desktop\MAINPROJECT\PhytoVisionAI_Research\dataset\final_split\train\Neem\1818.jpg
train,Neem,mmpd_11 (44).jpg,C:\Users\Kushal A\OneDrive\Desktop\MAINPROJECT\PhytoVisionAI_Research\dataset\final_split\train\Neem\mmpd_11 (44).jpg
train,Neem,mmpd_11 (92).jpg,C:\Users\Kushal A\OneDrive\Desktop\MAINPROJECT\PhytoVisionAI_Research\dataset\final_split\train\Neem\mmpd_11 (92).jpg
train,Neem,1842.jpg,C:\Users\Kushal A\OneDrive\Desktop\MAINPROJECT\PhytoVisionAI_Research\dataset\final_split\train\Neem\1842.jpg
train,Neem,1847.jpg,C:\Users\Kushal A\OneDrive\Desktop\MAINPROJECT\PhytoVisionAI_Research\dataset\final_split\train\Neem\1847.jpg
train,Neem,1883.jpg,C:\Users\Kushal A\OneDrive\Desktop\MAINPROJECT\PhytoVisionAI_Research\dataset\final_split\train\Neem\1883.jpg
train,Neem,mmpd_11 (38).jpg,C:\Users\Kushal A\OneDrive\Desktop\MAINPROJECT\PhytoVisionAI_Research\dataset\final_split\train\Neem\mmpd_11 (38).jpg
train,Neem,1801.jpg,C:\Users\Kushal A\OneDrive\Desktop\MAINPROJECT\PhytoVisionAI_Research\dataset\final_split\train\Neem\1801.jpg
train,Neem,mmpd_11 (80).jpg,C:\Users\Kushal A\OneDrive\Desktop\MAINPROJECT\PhytoVisionAI_Research\dataset\final_split\train\Neem\mmpd_11 (80).jpg
train,Neem,1838.jpg,C:\Users\Kushal A\OneDrive\Desktop\MAINPROJECT\PhytoVisionAI_Research\dataset\final_split\train\Neem\1838.jpg
train,Neem,1834.jpg,C:\Users\Kushal A\OneDrive\Desktop\MAINPROJECT\PhytoVisionAI_Research\dataset\final_split\train\Neem\1834.jpg
train,Neem,1861.jpg,C:\Users\Kushal A\OneDrive\Desktop\MAINPROJECT\PhytoVisionAI_Research\dataset\final_split\train\Neem\1861.jpg
train,Neem,1790.jpg,C:\Users\Kushal A\OneDrive\Desktop\MAINPROJECT\PhytoVisionAI_Research\dataset\final_split\train\Neem\1790.jpg
train,Neem,1788.jpg,C:\Users\Kushal A\OneDrive\Desktop\MAINPROJECT\PhytoVisionAI_Research\dataset\final_split\train\Neem\1788.jpg
train,Neem,1796.jpg,C:\Users\Kushal A\OneDrive\Desktop\MAINPROJECT\PhytoVisionAI_Research\dataset\final_split\train\Neem\1796.jpg
train,Neem,mmpd_11 (13).jpg,C:\Users\Kushal A\OneDrive\Desktop\MAINPROJECT\PhytoVisionAI_Research\dataset\final_split\train\Neem\mmpd_11 (13).jpg
train,Neem,1797.jpg,C:\Users\Kushal A\OneDrive\Desktop\MAINPROJECT\PhytoVisionAI_Research\dataset\final_split\train\Neem\1797.jpg
train,Neem,83.jpg,C:\Users\Kushal A\OneDrive\Desktop\MAINPROJECT\PhytoVisionAI_Research\dataset\final_split\train\Neem\83.jpg
train,Neem,1782.jpg,C:\Users\Kushal A\OneDrive\Desktop\MAINPROJECT\PhytoVisionAI_Research\dataset\final_split\train\Neem\1782.jpg
train,Neem,mmpd_11 (26).jpg,C:\Users\Kushal A\OneDrive\Desktop\MAINPROJECT\PhytoVisionAI_Research\dataset\final_split\train\Neem\mmpd_11 (26).jpg
train,Neem,1795.jpg,C:\Users\Kushal A\OneDrive\Desktop\MAINPROJECT\PhytoVisionAI_Research\dataset\final_split\train\Neem\1795.jpg
train,Neem,1848.jpg,C:\Users\Kushal A\OneDrive\Desktop\MAINPROJECT\PhytoVisionAI_Research\dataset\final_split\train\Neem\1848.jpg
train,Neem,1803.jpg,C:\Users\Kushal A\OneDrive\Desktop\MAINPROJECT\PhytoVisionAI_Research\dataset\final_split\train\Neem\1803.jpg
train,Neem,1789.jpg,C:\Users\Kushal A\OneDrive\Desktop\MAINPROJECT\PhytoVisionAI_Research\dataset\final_split\train\Neem\1789.jpg
train,Neem,1802.jpg,C:\Users\Kushal A\OneDrive\Desktop\MAINPROJECT\PhytoVisionAI_Research\dataset\final_split\train\Neem\1802.jpg
train,Neem,1882.jpg,C:\Users\Kushal A\OneDrive\Desktop\MAINPROJECT\PhytoVisionAI_Research\dataset\final_split\train\Neem\1882.jpg
train,Neem,mmpd_11 (48).jpg,C:\Users\Kushal A\OneDrive\Desktop\MAINPROJECT\PhytoVisionAI_Research\dataset\final_split\train\Neem\mmpd_11 (48).jpg
train,Neem,mmpd_11 (84).jpg,C:\Users\Kushal A\OneDrive\Desktop\MAINPROJECT\PhytoVisionAI_Research\dataset\final_split\train\Neem\mmpd_11 (84).jpg
train,Neem,1857.jpg,C:\Users\Kushal A\OneDrive\Desktop\MAINPROJECT\PhytoVisionAI_Research\dataset\final_split\train\Neem\1857.jpg
train,Neem,mmpd_11 (53).jpg,C:\Users\Kushal A\OneDrive\Desktop\MAINPROJECT\PhytoVisionAI_Research\dataset\final_split\train\Neem\mmpd_11 (53).jpg
train,Neem,1827.jpg,C:\Users\Kushal A\OneDrive\Desktop\MAINPROJECT\PhytoVisionAI_Research\dataset\final_split\train\Neem\1827.jpg
train,Neem,611.jpg,C:\Users\Kushal A\OneDrive\Desktop\MAINPROJECT\PhytoVisionAI_Research\dataset\final_split\train\Neem\611.jpg
train,Neem,mmpd_11 (81).jpg,C:\Users\Kushal A\OneDrive\Desktop\MAINPROJECT\PhytoVisionAI_Research\dataset\final_split\train\Neem\mmpd_11 (81).jpg
train,Neem,mmpd_11 (90).jpg,C:\Users\Kushal A\OneDrive\Desktop\MAINPROJECT\PhytoVisionAI_Research\dataset\final_split\train\Neem\mmpd_11 (90).jpg
train,Neem,1894.jpg,C:\Users\Kushal A\OneDrive\Desktop\MAINPROJECT\PhytoVisionAI_Research\dataset\final_split\train\Neem\1894.jpg
train,Neem,mmpd_11 (71).jpg,C:\Users\Kushal A\OneDrive\Desktop\MAINPROJECT\PhytoVisionAI_Research\dataset\final_split\train\Neem\mmpd_11 (71).jpg
train,Neem,mmpd_11 (27).jpg,C:\Users\Kushal A\OneDrive\Desktop\MAINPROJECT\PhytoVisionAI_Research\dataset\final_split\train\Neem\mmpd_11 (27).jpg
train,Neem,mmpd_11 (19).jpg,C:\Users\Kushal A\OneDrive\Desktop\MAINPROJECT\PhytoVisionAI_Research\dataset\final_split\train\Neem\mmpd_11 (19).jpg
train,Neem,1820.jpg,C:\Users\Kushal A\OneDrive\Desktop\MAINPROJECT\PhytoVisionAI_Research\dataset\final_split\train\Neem\1820.jpg
train,Neem,88.jpg,C:\Users\Kushal A\OneDrive\Desktop\MAINPROJECT\PhytoVisionAI_Research\dataset\final_split\train\Neem\88.jpg
train,Neem,1872.jpg,C:\Users\Kushal A\OneDrive\Desktop\MAINPROJECT\PhytoVisionAI_Research\dataset\final_split\train\Neem\1872.jpg
train,Neem,mmpd_11 (68).jpg,C:\Users\Kushal A\OneDrive\Desktop\MAINPROJECT\PhytoVisionAI_Research\dataset\final_split\train\Neem\mmpd_11 (68).jpg
train,Neem,603.jpg,C:\Users\Kushal A\OneDrive\Desktop\MAINPROJECT\PhytoVisionAI_Research\dataset\final_split\train\Neem\603.jpg
train,Neem,mmpd_11 (33).jpg,C:\Users\Kushal A\OneDrive\Desktop\MAINPROJECT\PhytoVisionAI_Research\dataset\final_split\train\Neem\mmpd_11 (33).jpg
train,Neem,mmpd_11 (96).jpg,C:\Users\Kushal A\OneDrive\Desktop\MAINPROJECT\PhytoVisionAI_Research\dataset\final_split\train\Neem\mmpd_11 (96).jpg
train,Neem,1869.jpg,C:\Users\Kushal A\OneDrive\Desktop\MAINPROJECT\PhytoVisionAI_Research\dataset\final_split\train\Neem\1869.jpg
train,Neem,mmpd_11 (76).jpg,C:\Users\Kushal A\OneDrive\Desktop\MAINPROJECT\PhytoVisionAI_Research\dataset\final_split\train\Neem\mmpd_11 (76).jpg
train,Neem,mmpd_11 (58).jpg,C:\Users\Kushal A\OneDrive\Desktop\MAINPROJECT\PhytoVisionAI_Research\dataset\final_split\train\Neem\mmpd_11 (58).jpg
train,Neem,1829.jpg,C:\Users\Kushal A\OneDrive\Desktop\MAINPROJECT\PhytoVisionAI_Research\dataset\final_split\train\Neem\1829.jpg
train,Neem,1877.jpg,C:\Users\Kushal A\OneDrive\Desktop\MAINPROJECT\PhytoVisionAI_Research\dataset\final_split\train\Neem\1877.jpg
train,Neem,82.jpg,C:\Users\Kushal A\OneDrive\Desktop\MAINPROJECT\PhytoVisionAI_Research\dataset\final_split\train\Neem\82.jpg
train,Neem,mmpd_11 (97).jpg,C:\Users\Kushal A\OneDrive\Desktop\MAINPROJECT\PhytoVisionAI_Research\dataset\final_split\train\Neem\mmpd_11 (97).jpg
train,Neem,1808.jpg,C:\Users\Kushal A\OneDrive\Desktop\MAINPROJECT\PhytoVisionAI_Research\dataset\final_split\train\Neem\1808.jpg
train,Neem,1851.jpg,C:\Users\Kushal A\OneDrive\Desktop\MAINPROJECT\PhytoVisionAI_Research\dataset\final_split\train\Neem\1851.jpg
train,Neem,1874.jpg,C:\Users\Kushal A\OneDrive\Desktop\MAINPROJECT\PhytoVisionAI_Research\dataset\final_split\train\Neem\1874.jpg
train,Neem,mmpd_11 (83).jpg,C:\Users\Kushal A\OneDrive\Desktop\MAINPROJECT\PhytoVisionAI_Research\dataset\final_split\train\Neem\mmpd_11 (83).jpg
train,Neem,1858.jpg,C:\Users\Kushal A\OneDrive\Desktop\MAINPROJECT\PhytoVisionAI_Research\dataset\final_split\train\Neem\1858.jpg
train,Neem,1793.jpg,C:\Users\Kushal A\OneDrive\Desktop\MAINPROJECT\PhytoVisionAI_Research\dataset\final_split\train\Neem\1793.jpg
train,Neem,mmpd_11 (98).jpg,C:\Users\Kushal A\OneDrive\Desktop\MAINPROJECT\PhytoVisionAI_Research\dataset\final_split\train\Neem\mmpd_11 (98).jpg
train,Neem,84.jpg,C:\Users\Kushal A\OneDrive\Desktop\MAINPROJECT\PhytoVisionAI_Research\dataset\final_split\train\Neem\84.jpg
train,Neem,1784.jpg,C:\Users\Kushal A\OneDrive\Desktop\MAINPROJECT\PhytoVisionAI_Research\dataset\final_split\train\Neem\1784.jpg
train,Neem,1849.jpg,C:\Users\Kushal A\OneDrive\Desktop\MAINPROJECT\PhytoVisionAI_Research\dataset\final_split\train\Neem\1849.jpg
train,Neem,1899.jpg,C:\Users\Kushal A\OneDrive\Desktop\MAINPROJECT\PhytoVisionAI_Research\dataset\final_split\train\Neem\1899.jpg
train,Neem,mmpd_11 (28).jpg,C:\Users\Kushal A\OneDrive\Desktop\MAINPROJECT\PhytoVisionAI_Research\dataset\final_split\train\Neem\mmpd_11 (28).jpg
train,Neem,1817.jpg,C:\Users\Kushal A\OneDrive\Desktop\MAINPROJECT\PhytoVisionAI_Research\dataset\final_split\train\Neem\1817.jpg
train,Neem,1898.jpg,C:\Users\Kushal A\OneDrive\Desktop\MAINPROJECT\PhytoVisionAI_Research\dataset\final_split\train\Neem\1898.jpg
train,Neem,mmpd_11 (10).jpg,C:\Users\Kushal A\OneDrive\Desktop\MAINPROJECT\PhytoVisionAI_Research\dataset\final_split\train\Neem\mmpd_11 (10).jpg
train,Neem,mmpd_11 (73).jpg,C:\Users\Kushal A\OneDrive\Desktop\MAINPROJECT\PhytoVisionAI_Research\dataset\final_split\train\Neem\mmpd_11 (73).jpg
train,Neem,mmpd_11 (21).jpg,C:\Users\Kushal A\OneDrive\Desktop\MAINPROJECT\PhytoVisionAI_Research\dataset\final_split\train\Neem\mmpd_11 (21).jpg
train,Neem,604.jpg,C:\Users\Kushal A\OneDrive\Desktop\MAINPROJECT\PhytoVisionAI_Research\dataset\final_split\train\Neem\604.jpg
train,Neem,mmpd_11 (64).jpg,C:\Users\Kushal A\OneDrive\Desktop\MAINPROJECT\PhytoVisionAI_Research\dataset\final_split\train\Neem\mmpd_11 (64).jpg
train,Neem,mmpd_11 (20).jpg,C:\Users\Kushal A\OneDrive\Desktop\MAINPROJECT\PhytoVisionAI_Research\dataset\final_split\train\Neem\mmpd_11 (20).jpg
train,Neem,1816.jpg,C:\Users\Kushal A\OneDrive\Desktop\MAINPROJECT\PhytoVisionAI_Research\dataset\final_split\train\Neem\1816.jpg
train,Neem,1800.jpg,C:\Users\Kushal A\OneDrive\Desktop\MAINPROJECT\PhytoVisionAI_Research\dataset\final_split\train\Neem\1800.jpg
train,Neem,mmpd_11 (57).jpg,C:\Users\Kushal A\OneDrive\Desktop\MAINPROJECT\PhytoVisionAI_Research\dataset\final_split\train\Neem\mmpd_11 (57).jpg
train,Neem,1876.jpg,C:\Users\Kushal A\OneDrive\Desktop\MAINPROJECT\PhytoVisionAI_Research\dataset\final_split\train\Neem\1876.jpg
train,Neem,mmpd_11 (14).jpg,C:\Users\Kushal A\OneDrive\Desktop\MAINPROJECT\PhytoVisionAI_Research\dataset\final_split\train\Neem\mmpd_11 (14).jpg
train,Neem,1805.jpg,C:\Users\Kushal A\OneDrive\Desktop\MAINPROJECT\PhytoVisionAI_Research\dataset\final_split\train\Neem\1805.jpg
train,Neem,1787.jpg,C:\Users\Kushal A\OneDrive\Desktop\MAINPROJECT\PhytoVisionAI_Research\dataset\final_split\train\Neem\1787.jpg
train,Neem,1865.jpg,C:\Users\Kushal A\OneDrive\Desktop\MAINPROJECT\PhytoVisionAI_Research\dataset\final_split\train\Neem\1865.jpg
train,Neem,mmpd_11 (4).jpg,C:\Users\Kushal A\OneDrive\Desktop\MAINPROJECT\PhytoVisionAI_Research\dataset\final_split\train\Neem\mmpd_11 (4).jpg
train,Neem,1798.jpg,C:\Users\Kushal A\OneDrive\Desktop\MAINPROJECT\PhytoVisionAI_Research\dataset\final_split\train\Neem\1798.jpg
train,Neem,mmpd_11 (93).jpg,C:\Users\Kushal A\OneDrive\Desktop\MAINPROJECT\PhytoVisionAI_Research\dataset\final_split\train\Neem\mmpd_11 (93).jpg
train,Neem,1786.jpg,C:\Users\Kushal A\OneDrive\Desktop\MAINPROJECT\PhytoVisionAI_Research\dataset\final_split\train\Neem\1786.jpg
train,Neem,mmpd_11 (51).jpg,C:\Users\Kushal A\OneDrive\Desktop\MAINPROJECT\PhytoVisionAI_Research\dataset\final_split\train\Neem\mmpd_11 (51).jpg
train,Neem,1783.jpg,C:\Users\Kushal A\OneDrive\Desktop\MAINPROJECT\PhytoVisionAI_Research\dataset\final_split\train\Neem\1783.jpg
train,Neem,1888.jpg,C:\Users\Kushal A\OneDrive\Desktop\MAINPROJECT\PhytoVisionAI_Research\dataset\final_split\train\Neem\1888.jpg
train,Neem,1853.jpg,C:\Users\Kushal A\OneDrive\Desktop\MAINPROJECT\PhytoVisionAI_Research\dataset\final_split\train\Neem\1853.jpg
train,Neem,mmpd_11 (50).jpg,C:\Users\Kushal A\OneDrive\Desktop\MAINPROJECT\PhytoVisionAI_Research\dataset\final_split\train\Neem\mmpd_11 (50).jpg
train,Neem,601.jpg,C:\Users\Kushal A\OneDrive\Desktop\MAINPROJECT\PhytoVisionAI_Research\dataset\final_split\train\Neem\601.jpg
train,Neem,mmpd_11 (79).jpg,C:\Users\Kushal A\OneDrive\Desktop\MAINPROJECT\PhytoVisionAI_Research\dataset\final_split\train\Neem\mmpd_11 (79).jpg
train,Neem,mmpd_11 (85).jpg,C:\Users\Kushal A\OneDrive\Desktop\MAINPROJECT\PhytoVisionAI_Research\dataset\final_split\train\Neem\mmpd_11 (85).jpg
train,Neem,mmpd_11 (24).jpg,C:\Users\Kushal A\OneDrive\Desktop\MAINPROJECT\PhytoVisionAI_Research\dataset\final_split\train\Neem\mmpd_11 (24).jpg
train,Neem,607.jpg,C:\Users\Kushal A\OneDrive\Desktop\MAINPROJECT\PhytoVisionAI_Research\dataset\final_split\train\Neem\607.jpg
train,Neem,mmpd_11 (31).jpg,C:\Users\Kushal A\OneDrive\Desktop\MAINPROJECT\PhytoVisionAI_Research\dataset\final_split\train\Neem\mmpd_11 (31).jpg
train,Neem,1813.jpg,C:\Users\Kushal A\OneDrive\Desktop\MAINPROJECT\PhytoVisionAI_Research\dataset\final_split\train\Neem\1813.jpg
train,Neem,1868.jpg,C:\Users\Kushal A\OneDrive\Desktop\MAINPROJECT\PhytoVisionAI_Research\dataset\final_split\train\Neem\1868.jpg
train,Neem,mmpd_11 (75).jpg,C:\Users\Kushal A\OneDrive\Desktop\MAINPROJECT\PhytoVisionAI_Research\dataset\final_split\train\Neem\mmpd_11 (75).jpg
train,Neem,1833.jpg,C:\Users\Kushal A\OneDrive\Desktop\MAINPROJECT\PhytoVisionAI_Research\dataset\final_split\train\Neem\1833.jpg
train,Neem,1831.jpg,C:\Users\Kushal A\OneDrive\Desktop\MAINPROJECT\PhytoVisionAI_Research\dataset\final_split\train\Neem\1831.jpg
train,Neem,mmpd_11 (56).jpg,C:\Users\Kushal A\OneDrive\Desktop\MAINPROJECT\PhytoVisionAI_Research\dataset\final_split\train\Neem\mmpd_11 (56).jpg
train,Neem,mmpd_11 (36).jpg,C:\Users\Kushal A\OneDrive\Desktop\MAINPROJECT\PhytoVisionAI_Research\dataset\final_split\train\Neem\mmpd_11 (36).jpg
train,Neem,1860.jpg,C:\Users\Kushal A\OneDrive\Desktop\MAINPROJECT\PhytoVisionAI_Research\dataset\final_split\train\Neem\1860.jpg
train,Neem,mmpd_11 (74).jpg,C:\Users\Kushal A\OneDrive\Desktop\MAINPROJECT\PhytoVisionAI_Research\dataset\final_split\train\Neem\mmpd_11 (74).jpg
train,Neem,1856.jpg,C:\Users\Kushal A\OneDrive\Desktop\MAINPROJECT\PhytoVisionAI_Research\dataset\final_split\train\Neem\1856.jpg
train,Neem,610.jpg,C:\Users\Kushal A\OneDrive\Desktop\MAINPROJECT\PhytoVisionAI_Research\dataset\final_split\train\Neem\610.jpg
train,Neem,1885.jpg,C:\Users\Kushal A\OneDrive\Desktop\MAINPROJECT\PhytoVisionAI_Research\dataset\final_split\train\Neem\1885.jpg
train,Neem,mmpd_11 (67).jpg,C:\Users\Kushal A\OneDrive\Desktop\MAINPROJECT\PhytoVisionAI_Research\dataset\final_split\train\Neem\mmpd_11 (67).jpg
train,Neem,mmpd_11 (40).jpg,C:\Users\Kushal A\OneDrive\Desktop\MAINPROJECT\PhytoVisionAI_Research\dataset\final_split\train\Neem\mmpd_11 (40).jpg
train,Neem,mmpd_11 (45).jpg,C:\Users\Kushal A\OneDrive\Desktop\MAINPROJECT\PhytoVisionAI_Research\dataset\final_split\train\Neem\mmpd_11 (45).jpg
train,Neem,1855.jpg,C:\Users\Kushal A\OneDrive\Desktop\MAINPROJECT\PhytoVisionAI_Research\dataset\final_split\train\Neem\1855.jpg
train,Neem,mmpd_11 (8).jpg,C:\Users\Kushal A\OneDrive\Desktop\MAINPROJECT\PhytoVisionAI_Research\dataset\final_split\train\Neem\mmpd_11 (8).jpg
train,Neem,1881.jpg,C:\Users\Kushal A\OneDrive\Desktop\MAINPROJECT\PhytoVisionAI_Research\dataset\final_split\train\Neem\1881.jpg
train,Neem,1850.jpg,C:\Users\Kushal A\OneDrive\Desktop\MAINPROJECT\PhytoVisionAI_Research\dataset\final_split\train\Neem\1850.jpg
train,Neem,1843.jpg,C:\Users\Kushal A\OneDrive\Desktop\MAINPROJECT\PhytoVisionAI_Research\dataset\final_split\train\Neem\1843.jpg
train,Neem,mmpd_11 (25).jpg,C:\Users\Kushal A\OneDrive\Desktop\MAINPROJECT\PhytoVisionAI_Research\dataset\final_split\train\Neem\mmpd_11 (25).jpg
train,Neem,1887.jpg,C:\Users\Kushal A\OneDrive\Desktop\MAINPROJECT\PhytoVisionAI_Research\dataset\final_split\train\Neem\1887.jpg
train,Neem,1878.jpg,C:\Users\Kushal A\OneDrive\Desktop\MAINPROJECT\PhytoVisionAI_Research\dataset\final_split\train\Neem\1878.jpg
train,Neem,mmpd_11 (41).jpg,C:\Users\Kushal A\OneDrive\Desktop\MAINPROJECT\PhytoVisionAI_Research\dataset\final_split\train\Neem\mmpd_11 (41).jpg
train,Neem,1862.jpg,C:\Users\Kushal A\OneDrive\Desktop\MAINPROJECT\PhytoVisionAI_Research\dataset\final_split\train\Neem\1862.jpg
train,Neem,mmpd_11 (17).jpg,C:\Users\Kushal A\OneDrive\Desktop\MAINPROJECT\PhytoVisionAI_Research\dataset\final_split\train\Neem\mmpd_11 (17).jpg
train,Neem,mmpd_11 (91).jpg,C:\Users\Kushal A\OneDrive\Desktop\MAINPROJECT\PhytoVisionAI_Research\dataset\final_split\train\Neem\mmpd_11 (91).jpg
train,Neem,1879.jpg,C:\Users\Kushal A\OneDrive\Desktop\MAINPROJECT\PhytoVisionAI_Research\dataset\final_split\train\Neem\1879.jpg
train,Neem,1806.jpg,C:\Users\Kushal A\OneDrive\Desktop\MAINPROJECT\PhytoVisionAI_Research\dataset\final_split\train\Neem\1806.jpg
train,Neem,1812.jpg,C:\Users\Kushal A\OneDrive\Desktop\MAINPROJECT\PhytoVisionAI_Research\dataset\final_split\train\Neem\1812.jpg
train,Neem,1824.jpg,C:\Users\Kushal A\OneDrive\Desktop\MAINPROJECT\PhytoVisionAI_Research\dataset\final_split\train\Neem\1824.jpg
train,Neem,mmpd_11 (100).jpg,C:\Users\Kushal A\OneDrive\Desktop\MAINPROJECT\PhytoVisionAI_Research\dataset\final_split\train\Neem\mmpd_11 (100).jpg
train,Neem,1825.jpg,C:\Users\Kushal A\OneDrive\Desktop\MAINPROJECT\PhytoVisionAI_Research\dataset\final_split\train\Neem\1825.jpg
train,Nithyapushpa,3004.jpg,C:\Users\Kushal A\OneDrive\Desktop\MAINPROJECT\PhytoVisionAI_Research\dataset\final_split\train\Nithyapushpa\3004.jpg
train,Nithyapushpa,2997.jpg,C:\Users\Kushal A\OneDrive\Desktop\MAINPROJECT\PhytoVisionAI_Research\dataset\final_split\train\Nithyapushpa\2997.jpg
train,Nithyapushpa,2961.jpg,C:\Users\Kushal A\OneDrive\Desktop\MAINPROJECT\PhytoVisionAI_Research\dataset\final_split\train\Nithyapushpa\2961.jpg
train,Nithyapushpa,2921.jpg,C:\Users\Kushal A\OneDrive\Desktop\MAINPROJECT\PhytoVisionAI_Research\dataset\final_split\train\Nithyapushpa\2921.jpg
train,Nithyapushpa,3001.jpg,C:\Users\Kushal A\OneDrive\Desktop\MAINPROJECT\PhytoVisionAI_Research\dataset\final_split\train\Nithyapushpa\3001.jpg
train,Nithyapushpa,2983.jpg,C:\Users\Kushal A\OneDrive\Desktop\MAINPROJECT\PhytoVisionAI_Research\dataset\final_split\train\Nithyapushpa\2983.jpg
train,Nithyapushpa,2956.jpg,C:\Users\Kushal A\OneDrive\Desktop\MAINPROJECT\PhytoVisionAI_Research\dataset\final_split\train\Nithyapushpa\2956.jpg
train,Nithyapushpa,2959.jpg,C:\Users\Kushal A\OneDrive\Desktop\MAINPROJECT\PhytoVisionAI_Research\dataset\final_split\train\Nithyapushpa\2959.jpg
train,Nithyapushpa,2906.jpg,C:\Users\Kushal A\OneDrive\Desktop\MAINPROJECT\PhytoVisionAI_Research\dataset\final_split\train\Nithyapushpa\2906.jpg
train,Nithyapushpa,2919.jpg,C:\Users\Kushal A\OneDrive\Desktop\MAINPROJECT\PhytoVisionAI_Research\dataset\final_split\train\Nithyapushpa\2919.jpg
train,Nithyapushpa,2936.jpg,C:\Users\Kushal A\OneDrive\Desktop\MAINPROJECT\PhytoVisionAI_Research\dataset\final_split\train\Nithyapushpa\2936.jpg
train,Nithyapushpa,2977.jpg,C:\Users\Kushal A\OneDrive\Desktop\MAINPROJECT\PhytoVisionAI_Research\dataset\final_split\train\Nithyapushpa\2977.jpg
train,Nithyapushpa,722.jpg,C:\Users\Kushal A\OneDrive\Desktop\MAINPROJECT\PhytoVisionAI_Research\dataset\final_split\train\Nithyapushpa\722.jpg
train,Nithyapushpa,2895.jpg,C:\Users\Kushal A\OneDrive\Desktop\MAINPROJECT\PhytoVisionAI_Research\dataset\final_split\train\Nithyapushpa\2895.jpg
train,Nithyapushpa,2928.jpg,C:\Users\Kushal A\OneDrive\Desktop\MAINPROJECT\PhytoVisionAI_Research\dataset\final_split\train\Nithyapushpa\2928.jpg
train,Nithyapushpa,2988.jpg,C:\Users\Kushal A\OneDrive\Desktop\MAINPROJECT\PhytoVisionAI_Research\dataset\final_split\train\Nithyapushpa\2988.jpg
train,Nithyapushpa,2980.jpg,C:\Users\Kushal A\OneDrive\Desktop\MAINPROJECT\PhytoVisionAI_Research\dataset\final_split\train\Nithyapushpa\2980.jpg
train,Nithyapushpa,2952.jpg,C:\Users\Kushal A\OneDrive\Desktop\MAINPROJECT\PhytoVisionAI_Research\dataset\final_split\train\Nithyapushpa\2952.jpg
train,Nithyapushpa,2965.jpg,C:\Users\Kushal A\OneDrive\Desktop\MAINPROJECT\PhytoVisionAI_Research\dataset\final_split\train\Nithyapushpa\2965.jpg
train,Nithyapushpa,2891.jpg,C:\Users\Kushal A\OneDrive\Desktop\MAINPROJECT\PhytoVisionAI_Research\dataset\final_split\train\Nithyapushpa\2891.jpg
train,Nithyapushpa,2938.jpg,C:\Users\Kushal A\OneDrive\Desktop\MAINPROJECT\PhytoVisionAI_Research\dataset\final_split\train\Nithyapushpa\2938.jpg
train,Nithyapushpa,2968.jpg,C:\Users\Kushal A\OneDrive\Desktop\MAINPROJECT\PhytoVisionAI_Research\dataset\final_split\train\Nithyapushpa\2968.jpg
train,Nithyapushpa,2978.jpg,C:\Users\Kushal A\OneDrive\Desktop\MAINPROJECT\PhytoVisionAI_Research\dataset\final_split\train\Nithyapushpa\2978.jpg
train,Nithyapushpa,2971.jpg,C:\Users\Kushal A\OneDrive\Desktop\MAINPROJECT\PhytoVisionAI_Research\dataset\final_split\train\Nithyapushpa\2971.jpg
train,Nithyapushpa,2935.jpg,C:\Users\Kushal A\OneDrive\Desktop\MAINPROJECT\PhytoVisionAI_Research\dataset\final_split\train\Nithyapushpa\2935.jpg
train,Nithyapushpa,719.jpg,C:\Users\Kushal A\OneDrive\Desktop\MAINPROJECT\PhytoVisionAI_Research\dataset\final_split\train\Nithyapushpa\719.jpg
train,Nithyapushpa,2986.jpg,C:\Users\Kushal A\OneDrive\Desktop\MAINPROJECT\PhytoVisionAI_Research\dataset\final_split\train\Nithyapushpa\2986.jpg
train,Nithyapushpa,2892.jpg,C:\Users\Kushal A\OneDrive\Desktop\MAINPROJECT\PhytoVisionAI_Research\dataset\final_split\train\Nithyapushpa\2892.jpg
train,Nithyapushpa,2998.jpg,C:\Users\Kushal A\OneDrive\Desktop\MAINPROJECT\PhytoVisionAI_Research\dataset\final_split\train\Nithyapushpa\2998.jpg
train,Nithyapushpa,2914.jpg,C:\Users\Kushal A\OneDrive\Desktop\MAINPROJECT\PhytoVisionAI_Research\dataset\final_split\train\Nithyapushpa\2914.jpg
train,Nithyapushpa,2951.jpg,C:\Users\Kushal A\OneDrive\Desktop\MAINPROJECT\PhytoVisionAI_Research\dataset\final_split\train\Nithyapushpa\2951.jpg
train,Nithyapushpa,2912.jpg,C:\Users\Kushal A\OneDrive\Desktop\MAINPROJECT\PhytoVisionAI_Research\dataset\final_split\train\Nithyapushpa\2912.jpg
train,Nithyapushpa,2976.jpg,C:\Users\Kushal A\OneDrive\Desktop\MAINPROJECT\PhytoVisionAI_Research\dataset\final_split\train\Nithyapushpa\2976.jpg
train,Nithyapushpa,203.jpg,C:\Users\Kushal A\OneDrive\Desktop\MAINPROJECT\PhytoVisionAI_Research\dataset\final_split\train\Nithyapushpa\203.jpg
train,Nithyapushpa,2916.jpg,C:\Users\Kushal A\OneDrive\Desktop\MAINPROJECT\PhytoVisionAI_Research\dataset\final_split\train\Nithyapushpa\2916.jpg
train,Nithyapushpa,2911.jpg,C:\Users\Kushal A\OneDrive\Desktop\MAINPROJECT\PhytoVisionAI_Research\dataset\final_split\train\Nithyapushpa\2911.jpg
train,Nithyapushpa,2910.jpg,C:\Users\Kushal A\OneDrive\Desktop\MAINPROJECT\PhytoVisionAI_Research\dataset\final_split\train\Nithyapushpa\2910.jpg
train,Nithyapushpa,2944.jpg,C:\Users\Kushal A\OneDrive\Desktop\MAINPROJECT\PhytoVisionAI_Research\dataset\final_split\train\Nithyapushpa\2944.jpg
train,Nithyapushpa,2898.jpg,C:\Users\Kushal A\OneDrive\Desktop\MAINPROJECT\PhytoVisionAI_Research\dataset\final_split\train\Nithyapushpa\2898.jpg
train,Nithyapushpa,2934.jpg,C:\Users\Kushal A\OneDrive\Desktop\MAINPROJECT\PhytoVisionAI_Research\dataset\final_split\train\Nithyapushpa\2934.jpg
train,Nithyapushpa,2941.jpg,C:\Users\Kushal A\OneDrive\Desktop\MAINPROJECT\PhytoVisionAI_Research\dataset\final_split\train\Nithyapushpa\2941.jpg
train,Nithyapushpa,2949.jpg,C:\Users\Kushal A\OneDrive\Desktop\MAINPROJECT\PhytoVisionAI_Research\dataset\final_split\train\Nithyapushpa\2949.jpg
train,Nithyapushpa,2931.jpg,C:\Users\Kushal A\OneDrive\Desktop\MAINPROJECT\PhytoVisionAI_Research\dataset\final_split\train\Nithyapushpa\2931.jpg
train,Nithyapushpa,2922.jpg,C:\Users\Kushal A\OneDrive\Desktop\MAINPROJECT\PhytoVisionAI_Research\dataset\final_split\train\Nithyapushpa\2922.jpg
train,Nithyapushpa,2954.jpg,C:\Users\Kushal A\OneDrive\Desktop\MAINPROJECT\PhytoVisionAI_Research\dataset\final_split\train\Nithyapushpa\2954.jpg
train,Nithyapushpa,2945.jpg,C:\Users\Kushal A\OneDrive\Desktop\MAINPROJECT\PhytoVisionAI_Research\dataset\final_split\train\Nithyapushpa\2945.jpg
train,Nithyapushpa,2889.jpg,C:\Users\Kushal A\OneDrive\Desktop\MAINPROJECT\PhytoVisionAI_Research\dataset\final_split\train\Nithyapushpa\2889.jpg
train,Nithyapushpa,2909.jpg,C:\Users\Kushal A\OneDrive\Desktop\MAINPROJECT\PhytoVisionAI_Research\dataset\final_split\train\Nithyapushpa\2909.jpg
train,Nithyapushpa,3000.jpg,C:\Users\Kushal A\OneDrive\Desktop\MAINPROJECT\PhytoVisionAI_Research\dataset\final_split\train\Nithyapushpa\3000.jpg
train,Nithyapushpa,2905.jpg,C:\Users\Kushal A\OneDrive\Desktop\MAINPROJECT\PhytoVisionAI_Research\dataset\final_split\train\Nithyapushpa\2905.jpg
train,Nithyapushpa,197.jpg,C:\Users\Kushal A\OneDrive\Desktop\MAINPROJECT\PhytoVisionAI_Research\dataset\final_split\train\Nithyapushpa\197.jpg
train,Nithyapushpa,2967.jpg,C:\Users\Kushal A\OneDrive\Desktop\MAINPROJECT\PhytoVisionAI_Research\dataset\final_split\train\Nithyapushpa\2967.jpg
train,Nithyapushpa,2900.jpg,C:\Users\Kushal A\OneDrive\Desktop\MAINPROJECT\PhytoVisionAI_Research\dataset\final_split\train\Nithyapushpa\2900.jpg
train,Nithyapushpa,2899.jpg,C:\Users\Kushal A\OneDrive\Desktop\MAINPROJECT\PhytoVisionAI_Research\dataset\final_split\train\Nithyapushpa\2899.jpg
train,Nithyapushpa,2903.jpg,C:\Users\Kushal A\OneDrive\Desktop\MAINPROJECT\PhytoVisionAI_Research\dataset\final_split\train\Nithyapushpa\2903.jpg
train,Nithyapushpa,2923.jpg,C:\Users\Kushal A\OneDrive\Desktop\MAINPROJECT\PhytoVisionAI_Research\dataset\final_split\train\Nithyapushpa\2923.jpg
train,Nithyapushpa,2937.jpg,C:\Users\Kushal A\OneDrive\Desktop\MAINPROJECT\PhytoVisionAI_Research\dataset\final_split\train\Nithyapushpa\2937.jpg
train,Nithyapushpa,2942.jpg,C:\Users\Kushal A\OneDrive\Desktop\MAINPROJECT\PhytoVisionAI_Research\dataset\final_split\train\Nithyapushpa\2942.jpg
train,Nithyapushpa,2913.jpg,C:\Users\Kushal A\OneDrive\Desktop\MAINPROJECT\PhytoVisionAI_Research\dataset\final_split\train\Nithyapushpa\2913.jpg
train,Nithyapushpa,726.jpg,C:\Users\Kushal A\OneDrive\Desktop\MAINPROJECT\PhytoVisionAI_Research\dataset\final_split\train\Nithyapushpa\726.jpg
train,Nithyapushpa,2918.jpg,C:\Users\Kushal A\OneDrive\Desktop\MAINPROJECT\PhytoVisionAI_Research\dataset\final_split\train\Nithyapushpa\2918.jpg
train,Nithyapushpa,2925.jpg,C:\Users\Kushal A\OneDrive\Desktop\MAINPROJECT\PhytoVisionAI_Research\dataset\final_split\train\Nithyapushpa\2925.jpg
train,Nithyapushpa,2893.jpg,C:\Users\Kushal A\OneDrive\Desktop\MAINPROJECT\PhytoVisionAI_Research\dataset\final_split\train\Nithyapushpa\2893.jpg
train,Nithyapushpa,2982.jpg,C:\Users\Kushal A\OneDrive\Desktop\MAINPROJECT\PhytoVisionAI_Research\dataset\final_split\train\Nithyapushpa\2982.jpg
train,Nithyapushpa,2939.jpg,C:\Users\Kushal A\OneDrive\Desktop\MAINPROJECT\PhytoVisionAI_Research\dataset\final_split\train\Nithyapushpa\2939.jpg
train,Nithyapushpa,2920.jpg,C:\Users\Kushal A\OneDrive\Desktop\MAINPROJECT\PhytoVisionAI_Research\dataset\final_split\train\Nithyapushpa\2920.jpg
train,Nithyapushpa,2958.jpg,C:\Users\Kushal A\OneDrive\Desktop\MAINPROJECT\PhytoVisionAI_Research\dataset\final_split\train\Nithyapushpa\2958.jpg
train,Nithyapushpa,201.jpg,C:\Users\Kushal A\OneDrive\Desktop\MAINPROJECT\PhytoVisionAI_Research\dataset\final_split\train\Nithyapushpa\201.jpg
train,Nithyapushpa,2991.jpg,C:\Users\Kushal A\OneDrive\Desktop\MAINPROJECT\PhytoVisionAI_Research\dataset\final_split\train\Nithyapushpa\2991.jpg
train,Nithyapushpa,2993.jpg,C:\Users\Kushal A\OneDrive\Desktop\MAINPROJECT\PhytoVisionAI_Research\dataset\final_split\train\Nithyapushpa\2993.jpg
train,Nithyapushpa,2979.jpg,C:\Users\Kushal A\OneDrive\Desktop\MAINPROJECT\PhytoVisionAI_Research\dataset\final_split\train\Nithyapushpa\2979.jpg
train,Nithyapushpa,2890.jpg,C:\Users\Kushal A\OneDrive\Desktop\MAINPROJECT\PhytoVisionAI_Research\dataset\final_split\train\Nithyapushpa\2890.jpg
train,Nithyapushpa,2953.jpg,C:\Users\Kushal A\OneDrive\Desktop\MAINPROJECT\PhytoVisionAI_Research\dataset\final_split\train\Nithyapushpa\2953.jpg
train,Nithyapushpa,198.jpg,C:\Users\Kushal A\OneDrive\Desktop\MAINPROJECT\PhytoVisionAI_Research\dataset\final_split\train\Nithyapushpa\198.jpg
train,Nithyapushpa,2915.jpg,C:\Users\Kushal A\OneDrive\Desktop\MAINPROJECT\PhytoVisionAI_Research\dataset\final_split\train\Nithyapushpa\2915.jpg
train,Nithyapushpa,2975.jpg,C:\Users\Kushal A\OneDrive\Desktop\MAINPROJECT\PhytoVisionAI_Research\dataset\final_split\train\Nithyapushpa\2975.jpg
train,Nithyapushpa,2926.jpg,C:\Users\Kushal A\OneDrive\Desktop\MAINPROJECT\PhytoVisionAI_Research\dataset\final_split\train\Nithyapushpa\2926.jpg
train,Nithyapushpa,2932.jpg,C:\Users\Kushal A\OneDrive\Desktop\MAINPROJECT\PhytoVisionAI_Research\dataset\final_split\train\Nithyapushpa\2932.jpg
train,Nithyapushpa,3003.jpg,C:\Users\Kushal A\OneDrive\Desktop\MAINPROJECT\PhytoVisionAI_Research\dataset\final_split\train\Nithyapushpa\3003.jpg
train,Nithyapushpa,2927.jpg,C:\Users\Kushal A\OneDrive\Desktop\MAINPROJECT\PhytoVisionAI_Research\dataset\final_split\train\Nithyapushpa\2927.jpg
train,Nithyapushpa,2908.jpg,C:\Users\Kushal A\OneDrive\Desktop\MAINPROJECT\PhytoVisionAI_Research\dataset\final_split\train\Nithyapushpa\2908.jpg
train,Nithyapushpa,725.jpg,C:\Users\Kushal A\OneDrive\Desktop\MAINPROJECT\PhytoVisionAI_Research\dataset\final_split\train\Nithyapushpa\725.jpg
train,Nithyapushpa,2948.jpg,C:\Users\Kushal A\OneDrive\Desktop\MAINPROJECT\PhytoVisionAI_Research\dataset\final_split\train\Nithyapushpa\2948.jpg
train,Nithyapushpa,2963.jpg,C:\Users\Kushal A\OneDrive\Desktop\MAINPROJECT\PhytoVisionAI_Research\dataset\final_split\train\Nithyapushpa\2963.jpg
train,Nithyapushpa,2946.jpg,C:\Users\Kushal A\OneDrive\Desktop\MAINPROJECT\PhytoVisionAI_Research\dataset\final_split\train\Nithyapushpa\2946.jpg
train,Nithyapushpa,2907.jpg,C:\Users\Kushal A\OneDrive\Desktop\MAINPROJECT\PhytoVisionAI_Research\dataset\final_split\train\Nithyapushpa\2907.jpg
train,Nithyapushpa,2897.jpg,C:\Users\Kushal A\OneDrive\Desktop\MAINPROJECT\PhytoVisionAI_Research\dataset\final_split\train\Nithyapushpa\2897.jpg
train,Nithyapushpa,720.jpg,C:\Users\Kushal A\OneDrive\Desktop\MAINPROJECT\PhytoVisionAI_Research\dataset\final_split\train\Nithyapushpa\720.jpg
train,Nithyapushpa,717.jpg,C:\Users\Kushal A\OneDrive\Desktop\MAINPROJECT\PhytoVisionAI_Research\dataset\final_split\train\Nithyapushpa\717.jpg
train,Nithyapushpa,716.jpg,C:\Users\Kushal A\OneDrive\Desktop\MAINPROJECT\PhytoVisionAI_Research\dataset\final_split\train\Nithyapushpa\716.jpg
train,Nithyapushpa,200.jpg,C:\Users\Kushal A\OneDrive\Desktop\MAINPROJECT\PhytoVisionAI_Research\dataset\final_split\train\Nithyapushpa\200.jpg
train,Nithyapushpa,2917.jpg,C:\Users\Kushal A\OneDrive\Desktop\MAINPROJECT\PhytoVisionAI_Research\dataset\final_split\train\Nithyapushpa\2917.jpg
train,Nithyapushpa,2966.jpg,C:\Users\Kushal A\OneDrive\Desktop\MAINPROJECT\PhytoVisionAI_Research\dataset\final_split\train\Nithyapushpa\2966.jpg
train,Nithyapushpa,2933.jpg,C:\Users\Kushal A\OneDrive\Desktop\MAINPROJECT\PhytoVisionAI_Research\dataset\final_split\train\Nithyapushpa\2933.jpg
train,Nithyapushpa,199.jpg,C:\Users\Kushal A\OneDrive\Desktop\MAINPROJECT\PhytoVisionAI_Research\dataset\final_split\train\Nithyapushpa\199.jpg
train,Nithyapushpa,2894.jpg,C:\Users\Kushal A\OneDrive\Desktop\MAINPROJECT\PhytoVisionAI_Research\dataset\final_split\train\Nithyapushpa\2894.jpg
train,Nithyapushpa,2984.jpg,C:\Users\Kushal A\OneDrive\Desktop\MAINPROJECT\PhytoVisionAI_Research\dataset\final_split\train\Nithyapushpa\2984.jpg
train,Nithyapushpa,718.jpg,C:\Users\Kushal A\OneDrive\Desktop\MAINPROJECT\PhytoVisionAI_Research\dataset\final_split\train\Nithyapushpa\718.jpg
train,Nithyapushpa,205.jpg,C:\Users\Kushal A\OneDrive\Desktop\MAINPROJECT\PhytoVisionAI_Research\dataset\final_split\train\Nithyapushpa\205.jpg
train,Nithyapushpa,3002.jpg,C:\Users\Kushal A\OneDrive\Desktop\MAINPROJECT\PhytoVisionAI_Research\dataset\final_split\train\Nithyapushpa\3002.jpg
train,Nithyapushpa,2930.jpg,C:\Users\Kushal A\OneDrive\Desktop\MAINPROJECT\PhytoVisionAI_Research\dataset\final_split\train\Nithyapushpa\2930.jpg
train,Nithyapushpa,2987.jpg,C:\Users\Kushal A\OneDrive\Desktop\MAINPROJECT\PhytoVisionAI_Research\dataset\final_split\train\Nithyapushpa\2987.jpg
train,Nooni,705.jpg,C:\Users\Kushal A\OneDrive\Desktop\MAINPROJECT\PhytoVisionAI_Research\dataset\final_split\train\Nooni\705.jpg
train,Nooni,2832.jpg,C:\Users\Kushal A\OneDrive\Desktop\MAINPROJECT\PhytoVisionAI_Research\dataset\final_split\train\Nooni\2832.jpg
train,Nooni,2781.jpg,C:\Users\Kushal A\OneDrive\Desktop\MAINPROJECT\PhytoVisionAI_Research\dataset\final_split\train\Nooni\2781.jpg
train,Nooni,2871.jpg,C:\Users\Kushal A\OneDrive\Desktop\MAINPROJECT\PhytoVisionAI_Research\dataset\final_split\train\Nooni\2871.jpg
train,Nooni,2864.jpg,C:\Users\Kushal A\OneDrive\Desktop\MAINPROJECT\PhytoVisionAI_Research\dataset\final_split\train\Nooni\2864.jpg
train,Nooni,703.jpg,C:\Users\Kushal A\OneDrive\Desktop\MAINPROJECT\PhytoVisionAI_Research\dataset\final_split\train\Nooni\703.jpg
train,Nooni,2870.jpg,C:\Users\Kushal A\OneDrive\Desktop\MAINPROJECT\PhytoVisionAI_Research\dataset\final_split\train\Nooni\2870.jpg
train,Nooni,707.jpg,C:\Users\Kushal A\OneDrive\Desktop\MAINPROJECT\PhytoVisionAI_Research\dataset\final_split\train\Nooni\707.jpg
train,Nooni,189.jpg,C:\Users\Kushal A\OneDrive\Desktop\MAINPROJECT\PhytoVisionAI_Research\dataset\final_split\train\Nooni\189.jpg
train,Nooni,2849.jpg,C:\Users\Kushal A\OneDrive\Desktop\MAINPROJECT\PhytoVisionAI_Research\dataset\final_split\train\Nooni\2849.jpg
train,Nooni,2872.jpg,C:\Users\Kushal A\OneDrive\Desktop\MAINPROJECT\PhytoVisionAI_Research\dataset\final_split\train\Nooni\2872.jpg
train,Nooni,2824.jpg,C:\Users\Kushal A\OneDrive\Desktop\MAINPROJECT\PhytoVisionAI_Research\dataset\final_split\train\Nooni\2824.jpg
train,Nooni,2842.jpg,C:\Users\Kushal A\OneDrive\Desktop\MAINPROJECT\PhytoVisionAI_Research\dataset\final_split\train\Nooni\2842.jpg
train,Nooni,2795.jpg,C:\Users\Kushal A\OneDrive\Desktop\MAINPROJECT\PhytoVisionAI_Research\dataset\final_split\train\Nooni\2795.jpg
train,Nooni,2825.jpg,C:\Users\Kushal A\OneDrive\Desktop\MAINPROJECT\PhytoVisionAI_Research\dataset\final_split\train\Nooni\2825.jpg
train,Nooni,2879.jpg,C:\Users\Kushal A\OneDrive\Desktop\MAINPROJECT\PhytoVisionAI_Research\dataset\final_split\train\Nooni\2879.jpg
train,Nooni,2816.jpg,C:\Users\Kushal A\OneDrive\Desktop\MAINPROJECT\PhytoVisionAI_Research\dataset\final_split\train\Nooni\2816.jpg
train,Nooni,2834.jpg,C:\Users\Kushal A\OneDrive\Desktop\MAINPROJECT\PhytoVisionAI_Research\dataset\final_split\train\Nooni\2834.jpg
train,Nooni,2775.jpg,C:\Users\Kushal A\OneDrive\Desktop\MAINPROJECT\PhytoVisionAI_Research\dataset\final_split\train\Nooni\2775.jpg
train,Nooni,2885.jpg,C:\Users\Kushal A\OneDrive\Desktop\MAINPROJECT\PhytoVisionAI_Research\dataset\final_split\train\Nooni\2885.jpg
train,Nooni,190.jpg,C:\Users\Kushal A\OneDrive\Desktop\MAINPROJECT\PhytoVisionAI_Research\dataset\final_split\train\Nooni\190.jpg
train,Nooni,184.jpg,C:\Users\Kushal A\OneDrive\Desktop\MAINPROJECT\PhytoVisionAI_Research\dataset\final_split\train\Nooni\184.jpg
train,Nooni,2859.jpg,C:\Users\Kushal A\OneDrive\Desktop\MAINPROJECT\PhytoVisionAI_Research\dataset\final_split\train\Nooni\2859.jpg
train,Nooni,713.jpg,C:\Users\Kushal A\OneDrive\Desktop\MAINPROJECT\PhytoVisionAI_Research\dataset\final_split\train\Nooni\713.jpg
train,Nooni,2814.jpg,C:\Users\Kushal A\OneDrive\Desktop\MAINPROJECT\PhytoVisionAI_Research\dataset\final_split\train\Nooni\2814.jpg
train,Nooni,2861.jpg,C:\Users\Kushal A\OneDrive\Desktop\MAINPROJECT\PhytoVisionAI_Research\dataset\final_split\train\Nooni\2861.jpg
train,Nooni,2822.jpg,C:\Users\Kushal A\OneDrive\Desktop\MAINPROJECT\PhytoVisionAI_Research\dataset\final_split\train\Nooni\2822.jpg
train,Nooni,2826.jpg,C:\Users\Kushal A\OneDrive\Desktop\MAINPROJECT\PhytoVisionAI_Research\dataset\final_split\train\Nooni\2826.jpg
train,Nooni,2863.jpg,C:\Users\Kushal A\OneDrive\Desktop\MAINPROJECT\PhytoVisionAI_Research\dataset\final_split\train\Nooni\2863.jpg
train,Nooni,712.jpg,C:\Users\Kushal A\OneDrive\Desktop\MAINPROJECT\PhytoVisionAI_Research\dataset\final_split\train\Nooni\712.jpg
train,Nooni,2805.jpg,C:\Users\Kushal A\OneDrive\Desktop\MAINPROJECT\PhytoVisionAI_Research\dataset\final_split\train\Nooni\2805.jpg
train,Nooni,194.jpg,C:\Users\Kushal A\OneDrive\Desktop\MAINPROJECT\PhytoVisionAI_Research\dataset\final_split\train\Nooni\194.jpg
train,Nooni,704.jpg,C:\Users\Kushal A\OneDrive\Desktop\MAINPROJECT\PhytoVisionAI_Research\dataset\final_split\train\Nooni\704.jpg
train,Nooni,2858.jpg,C:\Users\Kushal A\OneDrive\Desktop\MAINPROJECT\PhytoVisionAI_Research\dataset\final_split\train\Nooni\2858.jpg
train,Nooni,2806.jpg,C:\Users\Kushal A\OneDrive\Desktop\MAINPROJECT\PhytoVisionAI_Research\dataset\final_split\train\Nooni\2806.jpg
train,Nooni,2855.jpg,C:\Users\Kushal A\OneDrive\Desktop\MAINPROJECT\PhytoVisionAI_Research\dataset\final_split\train\Nooni\2855.jpg
train,Nooni,2837.jpg,C:\Users\Kushal A\OneDrive\Desktop\MAINPROJECT\PhytoVisionAI_Research\dataset\final_split\train\Nooni\2837.jpg
train,Nooni,2770.jpg,C:\Users\Kushal A\OneDrive\Desktop\MAINPROJECT\PhytoVisionAI_Research\dataset\final_split\train\Nooni\2770.jpg
train,Nooni,2862.jpg,C:\Users\Kushal A\OneDrive\Desktop\MAINPROJECT\PhytoVisionAI_Research\dataset\final_split\train\Nooni\2862.jpg
train,Nooni,2801.jpg,C:\Users\Kushal A\OneDrive\Desktop\MAINPROJECT\PhytoVisionAI_Research\dataset\final_split\train\Nooni\2801.jpg
train,Nooni,2811.jpg,C:\Users\Kushal A\OneDrive\Desktop\MAINPROJECT\PhytoVisionAI_Research\dataset\final_split\train\Nooni\2811.jpg
train,Nooni,2810.jpg,C:\Users\Kushal A\OneDrive\Desktop\MAINPROJECT\PhytoVisionAI_Research\dataset\final_split\train\Nooni\2810.jpg
train,Nooni,188.jpg,C:\Users\Kushal A\OneDrive\Desktop\MAINPROJECT\PhytoVisionAI_Research\dataset\final_split\train\Nooni\188.jpg
train,Nooni,2802.jpg,C:\Users\Kushal A\OneDrive\Desktop\MAINPROJECT\PhytoVisionAI_Research\dataset\final_split\train\Nooni\2802.jpg
train,Nooni,2789.jpg,C:\Users\Kushal A\OneDrive\Desktop\MAINPROJECT\PhytoVisionAI_Research\dataset\final_split\train\Nooni\2789.jpg
train,Nooni,2786.jpg,C:\Users\Kushal A\OneDrive\Desktop\MAINPROJECT\PhytoVisionAI_Research\dataset\final_split\train\Nooni\2786.jpg
train,Nooni,2887.jpg,C:\Users\Kushal A\OneDrive\Desktop\MAINPROJECT\PhytoVisionAI_Research\dataset\final_split\train\Nooni\2887.jpg
train,Nooni,2773.jpg,C:\Users\Kushal A\OneDrive\Desktop\MAINPROJECT\PhytoVisionAI_Research\dataset\final_split\train\Nooni\2773.jpg
train,Nooni,2852.jpg,C:\Users\Kushal A\OneDrive\Desktop\MAINPROJECT\PhytoVisionAI_Research\dataset\final_split\train\Nooni\2852.jpg
train,Nooni,2794.jpg,C:\Users\Kushal A\OneDrive\Desktop\MAINPROJECT\PhytoVisionAI_Research\dataset\final_split\train\Nooni\2794.jpg
train,Nooni,2854.jpg,C:\Users\Kushal A\OneDrive\Desktop\MAINPROJECT\PhytoVisionAI_Research\dataset\final_split\train\Nooni\2854.jpg
train,Nooni,2769.jpg,C:\Users\Kushal A\OneDrive\Desktop\MAINPROJECT\PhytoVisionAI_Research\dataset\final_split\train\Nooni\2769.jpg
train,Nooni,2868.jpg,C:\Users\Kushal A\OneDrive\Desktop\MAINPROJECT\PhytoVisionAI_Research\dataset\final_split\train\Nooni\2868.jpg
train,Nooni,2778.jpg,C:\Users\Kushal A\OneDrive\Desktop\MAINPROJECT\PhytoVisionAI_Research\dataset\final_split\train\Nooni\2778.jpg
train,Nooni,2828.jpg,C:\Users\Kushal A\OneDrive\Desktop\MAINPROJECT\PhytoVisionAI_Research\dataset\final_split\train\Nooni\2828.jpg
train,Nooni,2807.jpg,C:\Users\Kushal A\OneDrive\Desktop\MAINPROJECT\PhytoVisionAI_Research\dataset\final_split\train\Nooni\2807.jpg
train,Nooni,2799.jpg,C:\Users\Kushal A\OneDrive\Desktop\MAINPROJECT\PhytoVisionAI_Research\dataset\final_split\train\Nooni\2799.jpg
train,Nooni,706.jpg,C:\Users\Kushal A\OneDrive\Desktop\MAINPROJECT\PhytoVisionAI_Research\dataset\final_split\train\Nooni\706.jpg
train,Nooni,2819.jpg,C:\Users\Kushal A\OneDrive\Desktop\MAINPROJECT\PhytoVisionAI_Research\dataset\final_split\train\Nooni\2819.jpg
train,Nooni,2877.jpg,C:\Users\Kushal A\OneDrive\Desktop\MAINPROJECT\PhytoVisionAI_Research\dataset\final_split\train\Nooni\2877.jpg
train,Nooni,2791.jpg,C:\Users\Kushal A\OneDrive\Desktop\MAINPROJECT\PhytoVisionAI_Research\dataset\final_split\train\Nooni\2791.jpg
train,Nooni,709.jpg,C:\Users\Kushal A\OneDrive\Desktop\MAINPROJECT\PhytoVisionAI_Research\dataset\final_split\train\Nooni\709.jpg
train,Nooni,2836.jpg,C:\Users\Kushal A\OneDrive\Desktop\MAINPROJECT\PhytoVisionAI_Research\dataset\final_split\train\Nooni\2836.jpg
train,Nooni,187.jpg,C:\Users\Kushal A\OneDrive\Desktop\MAINPROJECT\PhytoVisionAI_Research\dataset\final_split\train\Nooni\187.jpg
train,Nooni,2783.jpg,C:\Users\Kushal A\OneDrive\Desktop\MAINPROJECT\PhytoVisionAI_Research\dataset\final_split\train\Nooni\2783.jpg
train,Nooni,2809.jpg,C:\Users\Kushal A\OneDrive\Desktop\MAINPROJECT\PhytoVisionAI_Research\dataset\final_split\train\Nooni\2809.jpg
train,Nooni,186.jpg,C:\Users\Kushal A\OneDrive\Desktop\MAINPROJECT\PhytoVisionAI_Research\dataset\final_split\train\Nooni\186.jpg
train,Nooni,715.jpg,C:\Users\Kushal A\OneDrive\Desktop\MAINPROJECT\PhytoVisionAI_Research\dataset\final_split\train\Nooni\715.jpg
train,Nooni,185.jpg,C:\Users\Kushal A\OneDrive\Desktop\MAINPROJECT\PhytoVisionAI_Research\dataset\final_split\train\Nooni\185.jpg
train,Nooni,2841.jpg,C:\Users\Kushal A\OneDrive\Desktop\MAINPROJECT\PhytoVisionAI_Research\dataset\final_split\train\Nooni\2841.jpg
train,Nooni,192.jpg,C:\Users\Kushal A\OneDrive\Desktop\MAINPROJECT\PhytoVisionAI_Research\dataset\final_split\train\Nooni\192.jpg
train,Nooni,2790.jpg,C:\Users\Kushal A\OneDrive\Desktop\MAINPROJECT\PhytoVisionAI_Research\dataset\final_split\train\Nooni\2790.jpg
train,Nooni,714.jpg,C:\Users\Kushal A\OneDrive\Desktop\MAINPROJECT\PhytoVisionAI_Research\dataset\final_split\train\Nooni\714.jpg
train,Nooni,2827.jpg,C:\Users\Kushal A\OneDrive\Desktop\MAINPROJECT\PhytoVisionAI_Research\dataset\final_split\train\Nooni\2827.jpg
train,Nooni,2851.jpg,C:\Users\Kushal A\OneDrive\Desktop\MAINPROJECT\PhytoVisionAI_Research\dataset\final_split\train\Nooni\2851.jpg
train,Nooni,2857.jpg,C:\Users\Kushal A\OneDrive\Desktop\MAINPROJECT\PhytoVisionAI_Research\dataset\final_split\train\Nooni\2857.jpg
train,Nooni,193.jpg,C:\Users\Kushal A\OneDrive\Desktop\MAINPROJECT\PhytoVisionAI_Research\dataset\final_split\train\Nooni\193.jpg
train,Nooni,2838.jpg,C:\Users\Kushal A\OneDrive\Desktop\MAINPROJECT\PhytoVisionAI_Research\dataset\final_split\train\Nooni\2838.jpg
train,Nooni,2777.jpg,C:\Users\Kushal A\OneDrive\Desktop\MAINPROJECT\PhytoVisionAI_Research\dataset\final_split\train\Nooni\2777.jpg
train,Nooni,2768.jpg,C:\Users\Kushal A\OneDrive\Desktop\MAINPROJECT\PhytoVisionAI_Research\dataset\final_split\train\Nooni\2768.jpg
train,Nooni,2831.jpg,C:\Users\Kushal A\OneDrive\Desktop\MAINPROJECT\PhytoVisionAI_Research\dataset\final_split\train\Nooni\2831.jpg
train,Nooni,2882.jpg,C:\Users\Kushal A\OneDrive\Desktop\MAINPROJECT\PhytoVisionAI_Research\dataset\final_split\train\Nooni\2882.jpg
train,Nooni,2873.jpg,C:\Users\Kushal A\OneDrive\Desktop\MAINPROJECT\PhytoVisionAI_Research\dataset\final_split\train\Nooni\2873.jpg
train,Nooni,710.jpg,C:\Users\Kushal A\OneDrive\Desktop\MAINPROJECT\PhytoVisionAI_Research\dataset\final_split\train\Nooni\710.jpg
train,Nooni,2881.jpg,C:\Users\Kushal A\OneDrive\Desktop\MAINPROJECT\PhytoVisionAI_Research\dataset\final_split\train\Nooni\2881.jpg
train,Nooni,2817.jpg,C:\Users\Kushal A\OneDrive\Desktop\MAINPROJECT\PhytoVisionAI_Research\dataset\final_split\train\Nooni\2817.jpg
train,Nooni,2820.jpg,C:\Users\Kushal A\OneDrive\Desktop\MAINPROJECT\PhytoVisionAI_Research\dataset\final_split\train\Nooni\2820.jpg
train,Nooni,2880.jpg,C:\Users\Kushal A\OneDrive\Desktop\MAINPROJECT\PhytoVisionAI_Research\dataset\final_split\train\Nooni\2880.jpg
train,Nooni,2847.jpg,C:\Users\Kushal A\OneDrive\Desktop\MAINPROJECT\PhytoVisionAI_Research\dataset\final_split\train\Nooni\2847.jpg
train,Nooni,2772.jpg,C:\Users\Kushal A\OneDrive\Desktop\MAINPROJECT\PhytoVisionAI_Research\dataset\final_split\train\Nooni\2772.jpg
train,Nooni,2867.jpg,C:\Users\Kushal A\OneDrive\Desktop\MAINPROJECT\PhytoVisionAI_Research\dataset\final_split\train\Nooni\2867.jpg
train,Nooni,2792.jpg,C:\Users\Kushal A\OneDrive\Desktop\MAINPROJECT\PhytoVisionAI_Research\dataset\final_split\train\Nooni\2792.jpg
train,Pappaya,2087.jpg,C:\Users\Kushal A\OneDrive\Desktop\MAINPROJECT\PhytoVisionAI_Research\dataset\final_split\train\Pappaya\2087.jpg
train,Pappaya,2143.jpg,C:\Users\Kushal A\OneDrive\Desktop\MAINPROJECT\PhytoVisionAI_Research\dataset\final_split\train\Pappaya\2143.jpg
train,Pappaya,2054.jpg,C:\Users\Kushal A\OneDrive\Desktop\MAINPROJECT\PhytoVisionAI_Research\dataset\final_split\train\Pappaya\2054.jpg
train,Pappaya,2112.jpg,C:\Users\Kushal A\OneDrive\Desktop\MAINPROJECT\PhytoVisionAI_Research\dataset\final_split\train\Pappaya\2112.jpg
train,Pappaya,2079.jpg,C:\Users\Kushal A\OneDrive\Desktop\MAINPROJECT\PhytoVisionAI_Research\dataset\final_split\train\Pappaya\2079.jpg
train,Pappaya,2149.jpg,C:\Users\Kushal A\OneDrive\Desktop\MAINPROJECT\PhytoVisionAI_Research\dataset\final_split\train\Pappaya\2149.jpg
train,Pappaya,2076.jpg,C:\Users\Kushal A\OneDrive\Desktop\MAINPROJECT\PhytoVisionAI_Research\dataset\final_split\train\Pappaya\2076.jpg
train,Pappaya,629.jpg,C:\Users\Kushal A\OneDrive\Desktop\MAINPROJECT\PhytoVisionAI_Research\dataset\final_split\train\Pappaya\629.jpg
train,Pappaya,2070.jpg,C:\Users\Kushal A\OneDrive\Desktop\MAINPROJECT\PhytoVisionAI_Research\dataset\final_split\train\Pappaya\2070.jpg
train,Pappaya,2069.jpg,C:\Users\Kushal A\OneDrive\Desktop\MAINPROJECT\PhytoVisionAI_Research\dataset\final_split\train\Pappaya\2069.jpg
train,Pappaya,632.jpg,C:\Users\Kushal A\OneDrive\Desktop\MAINPROJECT\PhytoVisionAI_Research\dataset\final_split\train\Pappaya\632.jpg
train,Pappaya,2091.jpg,C:\Users\Kushal A\OneDrive\Desktop\MAINPROJECT\PhytoVisionAI_Research\dataset\final_split\train\Pappaya\2091.jpg
train,Pappaya,2155.jpg,C:\Users\Kushal A\OneDrive\Desktop\MAINPROJECT\PhytoVisionAI_Research\dataset\final_split\train\Pappaya\2155.jpg
train,Pappaya,635.jpg,C:\Users\Kushal A\OneDrive\Desktop\MAINPROJECT\PhytoVisionAI_Research\dataset\final_split\train\Pappaya\635.jpg
train,Pappaya,108.jpg,C:\Users\Kushal A\OneDrive\Desktop\MAINPROJECT\PhytoVisionAI_Research\dataset\final_split\train\Pappaya\108.jpg
train,Pappaya,2100.jpg,C:\Users\Kushal A\OneDrive\Desktop\MAINPROJECT\PhytoVisionAI_Research\dataset\final_split\train\Pappaya\2100.jpg
train,Pappaya,2051.jpg,C:\Users\Kushal A\OneDrive\Desktop\MAINPROJECT\PhytoVisionAI_Research\dataset\final_split\train\Pappaya\2051.jpg
train,Pappaya,2074.jpg,C:\Users\Kushal A\OneDrive\Desktop\MAINPROJECT\PhytoVisionAI_Research\dataset\final_split\train\Pappaya\2074.jpg
train,Pappaya,2114.jpg,C:\Users\Kushal A\OneDrive\Desktop\MAINPROJECT\PhytoVisionAI_Research\dataset\final_split\train\Pappaya\2114.jpg
train,Pappaya,2092.jpg,C:\Users\Kushal A\OneDrive\Desktop\MAINPROJECT\PhytoVisionAI_Research\dataset\final_split\train\Pappaya\2092.jpg
train,Pappaya,2088.jpg,C:\Users\Kushal A\OneDrive\Desktop\MAINPROJECT\PhytoVisionAI_Research\dataset\final_split\train\Pappaya\2088.jpg
train,Pappaya,2042.jpg,C:\Users\Kushal A\OneDrive\Desktop\MAINPROJECT\PhytoVisionAI_Research\dataset\final_split\train\Pappaya\2042.jpg
train,Pappaya,2160.jpg,C:\Users\Kushal A\OneDrive\Desktop\MAINPROJECT\PhytoVisionAI_Research\dataset\final_split\train\Pappaya\2160.jpg
train,Pappaya,2083.jpg,C:\Users\Kushal A\OneDrive\Desktop\MAINPROJECT\PhytoVisionAI_Research\dataset\final_split\train\Pappaya\2083.jpg
train,Pappaya,2077.jpg,C:\Users\Kushal A\OneDrive\Desktop\MAINPROJECT\PhytoVisionAI_Research\dataset\final_split\train\Pappaya\2077.jpg
train,Pappaya,105.jpg,C:\Users\Kushal A\OneDrive\Desktop\MAINPROJECT\PhytoVisionAI_Research\dataset\final_split\train\Pappaya\105.jpg
train,Pappaya,2116.jpg,C:\Users\Kushal A\OneDrive\Desktop\MAINPROJECT\PhytoVisionAI_Research\dataset\final_split\train\Pappaya\2116.jpg
train,Pappaya,2147.jpg,C:\Users\Kushal A\OneDrive\Desktop\MAINPROJECT\PhytoVisionAI_Research\dataset\final_split\train\Pappaya\2147.jpg
train,Pappaya,2105.jpg,C:\Users\Kushal A\OneDrive\Desktop\MAINPROJECT\PhytoVisionAI_Research\dataset\final_split\train\Pappaya\2105.jpg
train,Pappaya,2084.jpg,C:\Users\Kushal A\OneDrive\Desktop\MAINPROJECT\PhytoVisionAI_Research\dataset\final_split\train\Pappaya\2084.jpg
train,Pappaya,2140.jpg,C:\Users\Kushal A\OneDrive\Desktop\MAINPROJECT\PhytoVisionAI_Research\dataset\final_split\train\Pappaya\2140.jpg
train,Pappaya,2139.jpg,C:\Users\Kushal A\OneDrive\Desktop\MAINPROJECT\PhytoVisionAI_Research\dataset\final_split\train\Pappaya\2139.jpg
train,Pappaya,2110.jpg,C:\Users\Kushal A\OneDrive\Desktop\MAINPROJECT\PhytoVisionAI_Research\dataset\final_split\train\Pappaya\2110.jpg
train,Pappaya,2097.jpg,C:\Users\Kushal A\OneDrive\Desktop\MAINPROJECT\PhytoVisionAI_Research\dataset\final_split\train\Pappaya\2097.jpg
train,Pappaya,2063.jpg,C:\Users\Kushal A\OneDrive\Desktop\MAINPROJECT\PhytoVisionAI_Research\dataset\final_split\train\Pappaya\2063.jpg
train,Pappaya,2103.jpg,C:\Users\Kushal A\OneDrive\Desktop\MAINPROJECT\PhytoVisionAI_Research\dataset\final_split\train\Pappaya\2103.jpg
train,Pappaya,2059.jpg,C:\Users\Kushal A\OneDrive\Desktop\MAINPROJECT\PhytoVisionAI_Research\dataset\final_split\train\Pappaya\2059.jpg
train,Pappaya,116.jpg,C:\Users\Kushal A\OneDrive\Desktop\MAINPROJECT\PhytoVisionAI_Research\dataset\final_split\train\Pappaya\116.jpg
train,Pappaya,2099.jpg,C:\Users\Kushal A\OneDrive\Desktop\MAINPROJECT\PhytoVisionAI_Research\dataset\final_split\train\Pappaya\2099.jpg
train,Pappaya,2137.jpg,C:\Users\Kushal A\OneDrive\Desktop\MAINPROJECT\PhytoVisionAI_Research\dataset\final_split\train\Pappaya\2137.jpg
train,Pappaya,2158.jpg,C:\Users\Kushal A\OneDrive\Desktop\MAINPROJECT\PhytoVisionAI_Research\dataset\final_split\train\Pappaya\2158.jpg
train,Pappaya,2128.jpg,C:\Users\Kushal A\OneDrive\Desktop\MAINPROJECT\PhytoVisionAI_Research\dataset\final_split\train\Pappaya\2128.jpg
train,Pappaya,2098.jpg,C:\Users\Kushal A\OneDrive\Desktop\MAINPROJECT\PhytoVisionAI_Research\dataset\final_split\train\Pappaya\2098.jpg
train,Pappaya,2108.jpg,C:\Users\Kushal A\OneDrive\Desktop\MAINPROJECT\PhytoVisionAI_Research\dataset\final_split\train\Pappaya\2108.jpg
train,Pappaya,117.jpg,C:\Users\Kushal A\OneDrive\Desktop\MAINPROJECT\PhytoVisionAI_Research\dataset\final_split\train\Pappaya\117.jpg
train,Pappaya,2157.jpg,C:\Users\Kushal A\OneDrive\Desktop\MAINPROJECT\PhytoVisionAI_Research\dataset\final_split\train\Pappaya\2157.jpg
train,Pappaya,111.jpg,C:\Users\Kushal A\OneDrive\Desktop\MAINPROJECT\PhytoVisionAI_Research\dataset\final_split\train\Pappaya\111.jpg
train,Pappaya,113.jpg,C:\Users\Kushal A\OneDrive\Desktop\MAINPROJECT\PhytoVisionAI_Research\dataset\final_split\train\Pappaya\113.jpg
train,Pappaya,2078.jpg,C:\Users\Kushal A\OneDrive\Desktop\MAINPROJECT\PhytoVisionAI_Research\dataset\final_split\train\Pappaya\2078.jpg
train,Pappaya,2053.jpg,C:\Users\Kushal A\OneDrive\Desktop\MAINPROJECT\PhytoVisionAI_Research\dataset\final_split\train\Pappaya\2053.jpg
train,Pappaya,2141.jpg,C:\Users\Kushal A\OneDrive\Desktop\MAINPROJECT\PhytoVisionAI_Research\dataset\final_split\train\Pappaya\2141.jpg
train,Pappaya,109.jpg,C:\Users\Kushal A\OneDrive\Desktop\MAINPROJECT\PhytoVisionAI_Research\dataset\final_split\train\Pappaya\109.jpg
train,Pappaya,2066.jpg,C:\Users\Kushal A\OneDrive\Desktop\MAINPROJECT\PhytoVisionAI_Research\dataset\final_split\train\Pappaya\2066.jpg
train,Pappaya,2067.jpg,C:\Users\Kushal A\OneDrive\Desktop\MAINPROJECT\PhytoVisionAI_Research\dataset\final_split\train\Pappaya\2067.jpg
train,Pappaya,2138.jpg,C:\Users\Kushal A\OneDrive\Desktop\MAINPROJECT\PhytoVisionAI_Research\dataset\final_split\train\Pappaya\2138.jpg
train,Pappaya,637.jpg,C:\Users\Kushal A\OneDrive\Desktop\MAINPROJECT\PhytoVisionAI_Research\dataset\final_split\train\Pappaya\637.jpg
train,Pappaya,2072.jpg,C:\Users\Kushal A\OneDrive\Desktop\MAINPROJECT\PhytoVisionAI_Research\dataset\final_split\train\Pappaya\2072.jpg
train,Pappaya,2144.jpg,C:\Users\Kushal A\OneDrive\Desktop\MAINPROJECT\PhytoVisionAI_Research\dataset\final_split\train\Pappaya\2144.jpg
train,Pappaya,2118.jpg,C:\Users\Kushal A\OneDrive\Desktop\MAINPROJECT\PhytoVisionAI_Research\dataset\final_split\train\Pappaya\2118.jpg
train,Pappaya,2142.jpg,C:\Users\Kushal A\OneDrive\Desktop\MAINPROJECT\PhytoVisionAI_Research\dataset\final_split\train\Pappaya\2142.jpg
train,Pappaya,2061.jpg,C:\Users\Kushal A\OneDrive\Desktop\MAINPROJECT\PhytoVisionAI_Research\dataset\final_split\train\Pappaya\2061.jpg
train,Pappaya,2135.jpg,C:\Users\Kushal A\OneDrive\Desktop\MAINPROJECT\PhytoVisionAI_Research\dataset\final_split\train\Pappaya\2135.jpg
train,Pappaya,2068.jpg,C:\Users\Kushal A\OneDrive\Desktop\MAINPROJECT\PhytoVisionAI_Research\dataset\final_split\train\Pappaya\2068.jpg
train,Pappaya,2107.jpg,C:\Users\Kushal A\OneDrive\Desktop\MAINPROJECT\PhytoVisionAI_Research\dataset\final_split\train\Pappaya\2107.jpg
train,Pappaya,628.jpg,C:\Users\Kushal A\OneDrive\Desktop\MAINPROJECT\PhytoVisionAI_Research\dataset\final_split\train\Pappaya\628.jpg
train,Pappaya,2124.jpg,C:\Users\Kushal A\OneDrive\Desktop\MAINPROJECT\PhytoVisionAI_Research\dataset\final_split\train\Pappaya\2124.jpg
train,Pappaya,2057.jpg,C:\Users\Kushal A\OneDrive\Desktop\MAINPROJECT\PhytoVisionAI_Research\dataset\final_split\train\Pappaya\2057.jpg
train,Pappaya,2131.jpg,C:\Users\Kushal A\OneDrive\Desktop\MAINPROJECT\PhytoVisionAI_Research\dataset\final_split\train\Pappaya\2131.jpg
train,Pappaya,2129.jpg,C:\Users\Kushal A\OneDrive\Desktop\MAINPROJECT\PhytoVisionAI_Research\dataset\final_split\train\Pappaya\2129.jpg
train,Pappaya,2089.jpg,C:\Users\Kushal A\OneDrive\Desktop\MAINPROJECT\PhytoVisionAI_Research\dataset\final_split\train\Pappaya\2089.jpg
train,Pappaya,627.jpg,C:\Users\Kushal A\OneDrive\Desktop\MAINPROJECT\PhytoVisionAI_Research\dataset\final_split\train\Pappaya\627.jpg
train,Pappaya,2148.jpg,C:\Users\Kushal A\OneDrive\Desktop\MAINPROJECT\PhytoVisionAI_Research\dataset\final_split\train\Pappaya\2148.jpg
train,Pappaya,115.jpg,C:\Users\Kushal A\OneDrive\Desktop\MAINPROJECT\PhytoVisionAI_Research\dataset\final_split\train\Pappaya\115.jpg
train,Pappaya,2065.jpg,C:\Users\Kushal A\OneDrive\Desktop\MAINPROJECT\PhytoVisionAI_Research\dataset\final_split\train\Pappaya\2065.jpg
train,Pappaya,2123.jpg,C:\Users\Kushal A\OneDrive\Desktop\MAINPROJECT\PhytoVisionAI_Research\dataset\final_split\train\Pappaya\2123.jpg
train,Pappaya,2101.jpg,C:\Users\Kushal A\OneDrive\Desktop\MAINPROJECT\PhytoVisionAI_Research\dataset\final_split\train\Pappaya\2101.jpg
train,Pappaya,2080.jpg,C:\Users\Kushal A\OneDrive\Desktop\MAINPROJECT\PhytoVisionAI_Research\dataset\final_split\train\Pappaya\2080.jpg
train,Pappaya,2095.jpg,C:\Users\Kushal A\OneDrive\Desktop\MAINPROJECT\PhytoVisionAI_Research\dataset\final_split\train\Pappaya\2095.jpg
train,Pappaya,2146.jpg,C:\Users\Kushal A\OneDrive\Desktop\MAINPROJECT\PhytoVisionAI_Research\dataset\final_split\train\Pappaya\2146.jpg
train,Pappaya,2062.jpg,C:\Users\Kushal A\OneDrive\Desktop\MAINPROJECT\PhytoVisionAI_Research\dataset\final_split\train\Pappaya\2062.jpg
train,Pappaya,2154.jpg,C:\Users\Kushal A\OneDrive\Desktop\MAINPROJECT\PhytoVisionAI_Research\dataset\final_split\train\Pappaya\2154.jpg
train,Pappaya,112.jpg,C:\Users\Kushal A\OneDrive\Desktop\MAINPROJECT\PhytoVisionAI_Research\dataset\final_split\train\Pappaya\112.jpg
train,Pappaya,2047.jpg,C:\Users\Kushal A\OneDrive\Desktop\MAINPROJECT\PhytoVisionAI_Research\dataset\final_split\train\Pappaya\2047.jpg
train,Pappaya,626.jpg,C:\Users\Kushal A\OneDrive\Desktop\MAINPROJECT\PhytoVisionAI_Research\dataset\final_split\train\Pappaya\626.jpg
train,Pappaya,2134.jpg,C:\Users\Kushal A\OneDrive\Desktop\MAINPROJECT\PhytoVisionAI_Research\dataset\final_split\train\Pappaya\2134.jpg
train,Pappaya,2151.jpg,C:\Users\Kushal A\OneDrive\Desktop\MAINPROJECT\PhytoVisionAI_Research\dataset\final_split\train\Pappaya\2151.jpg
train,Pappaya,2109.jpg,C:\Users\Kushal A\OneDrive\Desktop\MAINPROJECT\PhytoVisionAI_Research\dataset\final_split\train\Pappaya\2109.jpg
train,Pappaya,2046.jpg,C:\Users\Kushal A\OneDrive\Desktop\MAINPROJECT\PhytoVisionAI_Research\dataset\final_split\train\Pappaya\2046.jpg
train,Pappaya,2126.jpg,C:\Users\Kushal A\OneDrive\Desktop\MAINPROJECT\PhytoVisionAI_Research\dataset\final_split\train\Pappaya\2126.jpg
train,Pappaya,2127.jpg,C:\Users\Kushal A\OneDrive\Desktop\MAINPROJECT\PhytoVisionAI_Research\dataset\final_split\train\Pappaya\2127.jpg
train,Pappaya,2102.jpg,C:\Users\Kushal A\OneDrive\Desktop\MAINPROJECT\PhytoVisionAI_Research\dataset\final_split\train\Pappaya\2102.jpg
train,Pappaya,2045.jpg,C:\Users\Kushal A\OneDrive\Desktop\MAINPROJECT\PhytoVisionAI_Research\dataset\final_split\train\Pappaya\2045.jpg
train,Pappaya,110.jpg,C:\Users\Kushal A\OneDrive\Desktop\MAINPROJECT\PhytoVisionAI_Research\dataset\final_split\train\Pappaya\110.jpg
train,Pappaya,2060.jpg,C:\Users\Kushal A\OneDrive\Desktop\MAINPROJECT\PhytoVisionAI_Research\dataset\final_split\train\Pappaya\2060.jpg
train,Pappaya,107.jpg,C:\Users\Kushal A\OneDrive\Desktop\MAINPROJECT\PhytoVisionAI_Research\dataset\final_split\train\Pappaya\107.jpg
train,Pappaya,2081.jpg,C:\Users\Kushal A\OneDrive\Desktop\MAINPROJECT\PhytoVisionAI_Research\dataset\final_split\train\Pappaya\2081.jpg
train,Pappaya,2150.jpg,C:\Users\Kushal A\OneDrive\Desktop\MAINPROJECT\PhytoVisionAI_Research\dataset\final_split\train\Pappaya\2150.jpg
train,Pappaya,2145.jpg,C:\Users\Kushal A\OneDrive\Desktop\MAINPROJECT\PhytoVisionAI_Research\dataset\final_split\train\Pappaya\2145.jpg
train,Pappaya,2104.jpg,C:\Users\Kushal A\OneDrive\Desktop\MAINPROJECT\PhytoVisionAI_Research\dataset\final_split\train\Pappaya\2104.jpg
train,Pappaya,2055.jpg,C:\Users\Kushal A\OneDrive\Desktop\MAINPROJECT\PhytoVisionAI_Research\dataset\final_split\train\Pappaya\2055.jpg
train,Pappaya,2130.jpg,C:\Users\Kushal A\OneDrive\Desktop\MAINPROJECT\PhytoVisionAI_Research\dataset\final_split\train\Pappaya\2130.jpg
train,Pappaya,2136.jpg,C:\Users\Kushal A\OneDrive\Desktop\MAINPROJECT\PhytoVisionAI_Research\dataset\final_split\train\Pappaya\2136.jpg
train,Pepper,5247.jpg,C:\Users\Kushal A\OneDrive\Desktop\MAINPROJECT\PhytoVisionAI_Research\dataset\final_split\train\Pepper\5247.jpg
train,Pepper,5308.jpg,C:\Users\Kushal A\OneDrive\Desktop\MAINPROJECT\PhytoVisionAI_Research\dataset\final_split\train\Pepper\5308.jpg
train,Pepper,5315.jpg,C:\Users\Kushal A\OneDrive\Desktop\MAINPROJECT\PhytoVisionAI_Research\dataset\final_split\train\Pepper\5315.jpg
train,Pepper,5250.jpg,C:\Users\Kushal A\OneDrive\Desktop\MAINPROJECT\PhytoVisionAI_Research\dataset\final_split\train\Pepper\5250.jpg
train,Pepper,5329.jpg,C:\Users\Kushal A\OneDrive\Desktop\MAINPROJECT\PhytoVisionAI_Research\dataset\final_split\train\Pepper\5329.jpg
train,Pepper,967.jpg,C:\Users\Kushal A\OneDrive\Desktop\MAINPROJECT\PhytoVisionAI_Research\dataset\final_split\train\Pepper\967.jpg
train,Pepper,5293.jpg,C:\Users\Kushal A\OneDrive\Desktop\MAINPROJECT\PhytoVisionAI_Research\dataset\final_split\train\Pepper\5293.jpg
train,Pepper,5237.jpg,C:\Users\Kushal A\OneDrive\Desktop\MAINPROJECT\PhytoVisionAI_Research\dataset\final_split\train\Pepper\5237.jpg
train,Pepper,5324.jpg,C:\Users\Kushal A\OneDrive\Desktop\MAINPROJECT\PhytoVisionAI_Research\dataset\final_split\train\Pepper\5324.jpg
train,Pepper,450.jpg,C:\Users\Kushal A\OneDrive\Desktop\MAINPROJECT\PhytoVisionAI_Research\dataset\final_split\train\Pepper\450.jpg
train,Pepper,5267.jpg,C:\Users\Kushal A\OneDrive\Desktop\MAINPROJECT\PhytoVisionAI_Research\dataset\final_split\train\Pepper\5267.jpg
train,Pepper,5300.jpg,C:\Users\Kushal A\OneDrive\Desktop\MAINPROJECT\PhytoVisionAI_Research\dataset\final_split\train\Pepper\5300.jpg
train,Pepper,5273.jpg,C:\Users\Kushal A\OneDrive\Desktop\MAINPROJECT\PhytoVisionAI_Research\dataset\final_split\train\Pepper\5273.jpg
train,Pepper,5280.jpg,C:\Users\Kushal A\OneDrive\Desktop\MAINPROJECT\PhytoVisionAI_Research\dataset\final_split\train\Pepper\5280.jpg
train,Pepper,5226.jpg,C:\Users\Kushal A\OneDrive\Desktop\MAINPROJECT\PhytoVisionAI_Research\dataset\final_split\train\Pepper\5226.jpg
train,Pepper,5325.jpg,C:\Users\Kushal A\OneDrive\Desktop\MAINPROJECT\PhytoVisionAI_Research\dataset\final_split\train\Pepper\5325.jpg
train,Pepper,5270.jpg,C:\Users\Kushal A\OneDrive\Desktop\MAINPROJECT\PhytoVisionAI_Research\dataset\final_split\train\Pepper\5270.jpg
train,Pepper,5342.jpg,C:\Users\Kushal A\OneDrive\Desktop\MAINPROJECT\PhytoVisionAI_Research\dataset\final_split\train\Pepper\5342.jpg
train,Pepper,452.jpg,C:\Users\Kushal A\OneDrive\Desktop\MAINPROJECT\PhytoVisionAI_Research\dataset\final_split\train\Pepper\452.jpg
train,Pepper,5340.jpg,C:\Users\Kushal A\OneDrive\Desktop\MAINPROJECT\PhytoVisionAI_Research\dataset\final_split\train\Pepper\5340.jpg
train,Pepper,968.jpg,C:\Users\Kushal A\OneDrive\Desktop\MAINPROJECT\PhytoVisionAI_Research\dataset\final_split\train\Pepper\968.jpg
train,Pepper,5254.jpg,C:\Users\Kushal A\OneDrive\Desktop\MAINPROJECT\PhytoVisionAI_Research\dataset\final_split\train\Pepper\5254.jpg
train,Pepper,5334.jpg,C:\Users\Kushal A\OneDrive\Desktop\MAINPROJECT\PhytoVisionAI_Research\dataset\final_split\train\Pepper\5334.jpg
train,Pepper,5276.jpg,C:\Users\Kushal A\OneDrive\Desktop\MAINPROJECT\PhytoVisionAI_Research\dataset\final_split\train\Pepper\5276.jpg
train,Pepper,5277.jpg,C:\Users\Kushal A\OneDrive\Desktop\MAINPROJECT\PhytoVisionAI_Research\dataset\final_split\train\Pepper\5277.jpg
train,Pepper,5229.jpg,C:\Users\Kushal A\OneDrive\Desktop\MAINPROJECT\PhytoVisionAI_Research\dataset\final_split\train\Pepper\5229.jpg
train,Pepper,963.jpg,C:\Users\Kushal A\OneDrive\Desktop\MAINPROJECT\PhytoVisionAI_Research\dataset\final_split\train\Pepper\963.jpg
train,Pepper,975.jpg,C:\Users\Kushal A\OneDrive\Desktop\MAINPROJECT\PhytoVisionAI_Research\dataset\final_split\train\Pepper\975.jpg
train,Pepper,5309.jpg,C:\Users\Kushal A\OneDrive\Desktop\MAINPROJECT\PhytoVisionAI_Research\dataset\final_split\train\Pepper\5309.jpg
train,Pepper,5335.jpg,C:\Users\Kushal A\OneDrive\Desktop\MAINPROJECT\PhytoVisionAI_Research\dataset\final_split\train\Pepper\5335.jpg
train,Pepper,5234.jpg,C:\Users\Kushal A\OneDrive\Desktop\MAINPROJECT\PhytoVisionAI_Research\dataset\final_split\train\Pepper\5234.jpg
train,Pepper,5345.jpg,C:\Users\Kushal A\OneDrive\Desktop\MAINPROJECT\PhytoVisionAI_Research\dataset\final_split\train\Pepper\5345.jpg
train,Pepper,5238.jpg,C:\Users\Kushal A\OneDrive\Desktop\MAINPROJECT\PhytoVisionAI_Research\dataset\final_split\train\Pepper\5238.jpg
train,Pepper,5307.jpg,C:\Users\Kushal A\OneDrive\Desktop\MAINPROJECT\PhytoVisionAI_Research\dataset\final_split\train\Pepper\5307.jpg
train,Pepper,448.jpg,C:\Users\Kushal A\OneDrive\Desktop\MAINPROJECT\PhytoVisionAI_Research\dataset\final_split\train\Pepper\448.jpg
train,Pepper,5311.jpg,C:\Users\Kushal A\OneDrive\Desktop\MAINPROJECT\PhytoVisionAI_Research\dataset\final_split\train\Pepper\5311.jpg
train,Pepper,5303.jpg,C:\Users\Kushal A\OneDrive\Desktop\MAINPROJECT\PhytoVisionAI_Research\dataset\final_split\train\Pepper\5303.jpg
train,Pepper,5305.jpg,C:\Users\Kushal A\OneDrive\Desktop\MAINPROJECT\PhytoVisionAI_Research\dataset\final_split\train\Pepper\5305.jpg
train,Pepper,5236.jpg,C:\Users\Kushal A\OneDrive\Desktop\MAINPROJECT\PhytoVisionAI_Research\dataset\final_split\train\Pepper\5236.jpg
train,Pepper,5332.jpg,C:\Users\Kushal A\OneDrive\Desktop\MAINPROJECT\PhytoVisionAI_Research\dataset\final_split\train\Pepper\5332.jpg
train,Pepper,5281.jpg,C:\Users\Kushal A\OneDrive\Desktop\MAINPROJECT\PhytoVisionAI_Research\dataset\final_split\train\Pepper\5281.jpg
train,Pepper,5312.jpg,C:\Users\Kushal A\OneDrive\Desktop\MAINPROJECT\PhytoVisionAI_Research\dataset\final_split\train\Pepper\5312.jpg
train,Pepper,5227.jpg,C:\Users\Kushal A\OneDrive\Desktop\MAINPROJECT\PhytoVisionAI_Research\dataset\final_split\train\Pepper\5227.jpg
train,Pepper,5272.jpg,C:\Users\Kushal A\OneDrive\Desktop\MAINPROJECT\PhytoVisionAI_Research\dataset\final_split\train\Pepper\5272.jpg
train,Pepper,5313.jpg,C:\Users\Kushal A\OneDrive\Desktop\MAINPROJECT\PhytoVisionAI_Research\dataset\final_split\train\Pepper\5313.jpg
train,Pepper,5339.jpg,C:\Users\Kushal A\OneDrive\Desktop\MAINPROJECT\PhytoVisionAI_Research\dataset\final_split\train\Pepper\5339.jpg
train,Pepper,445.jpg,C:\Users\Kushal A\OneDrive\Desktop\MAINPROJECT\PhytoVisionAI_Research\dataset\final_split\train\Pepper\445.jpg
train,Pepper,5278.jpg,C:\Users\Kushal A\OneDrive\Desktop\MAINPROJECT\PhytoVisionAI_Research\dataset\final_split\train\Pepper\5278.jpg
train,Pepper,5289.jpg,C:\Users\Kushal A\OneDrive\Desktop\MAINPROJECT\PhytoVisionAI_Research\dataset\final_split\train\Pepper\5289.jpg
train,Pepper,5296.jpg,C:\Users\Kushal A\OneDrive\Desktop\MAINPROJECT\PhytoVisionAI_Research\dataset\final_split\train\Pepper\5296.jpg
train,Pepper,5255.jpg,C:\Users\Kushal A\OneDrive\Desktop\MAINPROJECT\PhytoVisionAI_Research\dataset\final_split\train\Pepper\5255.jpg
train,Pepper,5328.jpg,C:\Users\Kushal A\OneDrive\Desktop\MAINPROJECT\PhytoVisionAI_Research\dataset\final_split\train\Pepper\5328.jpg
train,Pepper,5291.jpg,C:\Users\Kushal A\OneDrive\Desktop\MAINPROJECT\PhytoVisionAI_Research\dataset\final_split\train\Pepper\5291.jpg
train,Pepper,5283.jpg,C:\Users\Kushal A\OneDrive\Desktop\MAINPROJECT\PhytoVisionAI_Research\dataset\final_split\train\Pepper\5283.jpg
train,Pepper,5244.jpg,C:\Users\Kushal A\OneDrive\Desktop\MAINPROJECT\PhytoVisionAI_Research\dataset\final_split\train\Pepper\5244.jpg
train,Pepper,5253.jpg,C:\Users\Kushal A\OneDrive\Desktop\MAINPROJECT\PhytoVisionAI_Research\dataset\final_split\train\Pepper\5253.jpg
train,Pepper,5333.jpg,C:\Users\Kushal A\OneDrive\Desktop\MAINPROJECT\PhytoVisionAI_Research\dataset\final_split\train\Pepper\5333.jpg
train,Pepper,5336.jpg,C:\Users\Kushal A\OneDrive\Desktop\MAINPROJECT\PhytoVisionAI_Research\dataset\final_split\train\Pepper\5336.jpg
train,Pepper,5299.jpg,C:\Users\Kushal A\OneDrive\Desktop\MAINPROJECT\PhytoVisionAI_Research\dataset\final_split\train\Pepper\5299.jpg
train,Pepper,446.jpg,C:\Users\Kushal A\OneDrive\Desktop\MAINPROJECT\PhytoVisionAI_Research\dataset\final_split\train\Pepper\446.jpg
train,Pepper,5251.jpg,C:\Users\Kushal A\OneDrive\Desktop\MAINPROJECT\PhytoVisionAI_Research\dataset\final_split\train\Pepper\5251.jpg
train,Pepper,5321.jpg,C:\Users\Kushal A\OneDrive\Desktop\MAINPROJECT\PhytoVisionAI_Research\dataset\final_split\train\Pepper\5321.jpg
train,Pepper,5258.jpg,C:\Users\Kushal A\OneDrive\Desktop\MAINPROJECT\PhytoVisionAI_Research\dataset\final_split\train\Pepper\5258.jpg
train,Pepper,5249.jpg,C:\Users\Kushal A\OneDrive\Desktop\MAINPROJECT\PhytoVisionAI_Research\dataset\final_split\train\Pepper\5249.jpg
train,Pepper,5344.jpg,C:\Users\Kushal A\OneDrive\Desktop\MAINPROJECT\PhytoVisionAI_Research\dataset\final_split\train\Pepper\5344.jpg
train,Pepper,5295.jpg,C:\Users\Kushal A\OneDrive\Desktop\MAINPROJECT\PhytoVisionAI_Research\dataset\final_split\train\Pepper\5295.jpg
train,Pepper,447.jpg,C:\Users\Kushal A\OneDrive\Desktop\MAINPROJECT\PhytoVisionAI_Research\dataset\final_split\train\Pepper\447.jpg
train,Pepper,453.jpg,C:\Users\Kushal A\OneDrive\Desktop\MAINPROJECT\PhytoVisionAI_Research\dataset\final_split\train\Pepper\453.jpg
train,Pepper,5317.jpg,C:\Users\Kushal A\OneDrive\Desktop\MAINPROJECT\PhytoVisionAI_Research\dataset\final_split\train\Pepper\5317.jpg
train,Pepper,5241.jpg,C:\Users\Kushal A\OneDrive\Desktop\MAINPROJECT\PhytoVisionAI_Research\dataset\final_split\train\Pepper\5241.jpg
train,Pepper,5337.jpg,C:\Users\Kushal A\OneDrive\Desktop\MAINPROJECT\PhytoVisionAI_Research\dataset\final_split\train\Pepper\5337.jpg
train,Pepper,451.jpg,C:\Users\Kushal A\OneDrive\Desktop\MAINPROJECT\PhytoVisionAI_Research\dataset\final_split\train\Pepper\451.jpg
train,Pepper,5290.jpg,C:\Users\Kushal A\OneDrive\Desktop\MAINPROJECT\PhytoVisionAI_Research\dataset\final_split\train\Pepper\5290.jpg
train,Pepper,5269.jpg,C:\Users\Kushal A\OneDrive\Desktop\MAINPROJECT\PhytoVisionAI_Research\dataset\final_split\train\Pepper\5269.jpg
train,Pepper,5274.jpg,C:\Users\Kushal A\OneDrive\Desktop\MAINPROJECT\PhytoVisionAI_Research\dataset\final_split\train\Pepper\5274.jpg
train,Pepper,5231.jpg,C:\Users\Kushal A\OneDrive\Desktop\MAINPROJECT\PhytoVisionAI_Research\dataset\final_split\train\Pepper\5231.jpg
train,Pepper,454.jpg,C:\Users\Kushal A\OneDrive\Desktop\MAINPROJECT\PhytoVisionAI_Research\dataset\final_split\train\Pepper\454.jpg
train,Pepper,443.jpg,C:\Users\Kushal A\OneDrive\Desktop\MAINPROJECT\PhytoVisionAI_Research\dataset\final_split\train\Pepper\443.jpg
train,Pepper,5262.jpg,C:\Users\Kushal A\OneDrive\Desktop\MAINPROJECT\PhytoVisionAI_Research\dataset\final_split\train\Pepper\5262.jpg
train,Pepper,5302.jpg,C:\Users\Kushal A\OneDrive\Desktop\MAINPROJECT\PhytoVisionAI_Research\dataset\final_split\train\Pepper\5302.jpg
train,Pepper,449.jpg,C:\Users\Kushal A\OneDrive\Desktop\MAINPROJECT\PhytoVisionAI_Research\dataset\final_split\train\Pepper\449.jpg
train,Pepper,5331.jpg,C:\Users\Kushal A\OneDrive\Desktop\MAINPROJECT\PhytoVisionAI_Research\dataset\final_split\train\Pepper\5331.jpg
train,Pepper,5322.jpg,C:\Users\Kushal A\OneDrive\Desktop\MAINPROJECT\PhytoVisionAI_Research\dataset\final_split\train\Pepper\5322.jpg
train,Pepper,5256.jpg,C:\Users\Kushal A\OneDrive\Desktop\MAINPROJECT\PhytoVisionAI_Research\dataset\final_split\train\Pepper\5256.jpg
train,Pepper,5264.jpg,C:\Users\Kushal A\OneDrive\Desktop\MAINPROJECT\PhytoVisionAI_Research\dataset\final_split\train\Pepper\5264.jpg
train,Pepper,973.jpg,C:\Users\Kushal A\OneDrive\Desktop\MAINPROJECT\PhytoVisionAI_Research\dataset\final_split\train\Pepper\973.jpg
train,Pepper,5343.jpg,C:\Users\Kushal A\OneDrive\Desktop\MAINPROJECT\PhytoVisionAI_Research\dataset\final_split\train\Pepper\5343.jpg
train,Pepper,455.jpg,C:\Users\Kushal A\OneDrive\Desktop\MAINPROJECT\PhytoVisionAI_Research\dataset\final_split\train\Pepper\455.jpg
train,Pepper,5233.jpg,C:\Users\Kushal A\OneDrive\Desktop\MAINPROJECT\PhytoVisionAI_Research\dataset\final_split\train\Pepper\5233.jpg
train,Pepper,5271.jpg,C:\Users\Kushal A\OneDrive\Desktop\MAINPROJECT\PhytoVisionAI_Research\dataset\final_split\train\Pepper\5271.jpg
train,Pepper,5242.jpg,C:\Users\Kushal A\OneDrive\Desktop\MAINPROJECT\PhytoVisionAI_Research\dataset\final_split\train\Pepper\5242.jpg
train,Pepper,5228.jpg,C:\Users\Kushal A\OneDrive\Desktop\MAINPROJECT\PhytoVisionAI_Research\dataset\final_split\train\Pepper\5228.jpg
train,Pepper,5298.jpg,C:\Users\Kushal A\OneDrive\Desktop\MAINPROJECT\PhytoVisionAI_Research\dataset\final_split\train\Pepper\5298.jpg
train,Pepper,5230.jpg,C:\Users\Kushal A\OneDrive\Desktop\MAINPROJECT\PhytoVisionAI_Research\dataset\final_split\train\Pepper\5230.jpg
train,Pepper,5326.jpg,C:\Users\Kushal A\OneDrive\Desktop\MAINPROJECT\PhytoVisionAI_Research\dataset\final_split\train\Pepper\5326.jpg
train,Pepper,5304.jpg,C:\Users\Kushal A\OneDrive\Desktop\MAINPROJECT\PhytoVisionAI_Research\dataset\final_split\train\Pepper\5304.jpg
train,Pepper,5257.jpg,C:\Users\Kushal A\OneDrive\Desktop\MAINPROJECT\PhytoVisionAI_Research\dataset\final_split\train\Pepper\5257.jpg
train,Pepper,5287.jpg,C:\Users\Kushal A\OneDrive\Desktop\MAINPROJECT\PhytoVisionAI_Research\dataset\final_split\train\Pepper\5287.jpg
train,Pepper,5252.jpg,C:\Users\Kushal A\OneDrive\Desktop\MAINPROJECT\PhytoVisionAI_Research\dataset\final_split\train\Pepper\5252.jpg
train,Pepper,5338.jpg,C:\Users\Kushal A\OneDrive\Desktop\MAINPROJECT\PhytoVisionAI_Research\dataset\final_split\train\Pepper\5338.jpg
train,Pomegranate,3107.jpg,C:\Users\Kushal A\OneDrive\Desktop\MAINPROJECT\PhytoVisionAI_Research\dataset\final_split\train\Pomegranate\3107.jpg
train,Pomegranate,3052.jpg,C:\Users\Kushal A\OneDrive\Desktop\MAINPROJECT\PhytoVisionAI_Research\dataset\final_split\train\Pomegranate\3052.jpg
train,Pomegranate,736.jpg,C:\Users\Kushal A\OneDrive\Desktop\MAINPROJECT\PhytoVisionAI_Research\dataset\final_split\train\Pomegranate\736.jpg
train,Pomegranate,3074.jpg,C:\Users\Kushal A\OneDrive\Desktop\MAINPROJECT\PhytoVisionAI_Research\dataset\final_split\train\Pomegranate\3074.jpg
train,Pomegranate,3094.jpg,C:\Users\Kushal A\OneDrive\Desktop\MAINPROJECT\PhytoVisionAI_Research\dataset\final_split\train\Pomegranate\3094.jpg
train,Pomegranate,3073.jpg,C:\Users\Kushal A\OneDrive\Desktop\MAINPROJECT\PhytoVisionAI_Research\dataset\final_split\train\Pomegranate\3073.jpg
train,Pomegranate,3105.jpg,C:\Users\Kushal A\OneDrive\Desktop\MAINPROJECT\PhytoVisionAI_Research\dataset\final_split\train\Pomegranate\3105.jpg
train,Pomegranate,3108.jpg,C:\Users\Kushal A\OneDrive\Desktop\MAINPROJECT\PhytoVisionAI_Research\dataset\final_split\train\Pomegranate\3108.jpg
train,Pomegranate,213.jpg,C:\Users\Kushal A\OneDrive\Desktop\MAINPROJECT\PhytoVisionAI_Research\dataset\final_split\train\Pomegranate\213.jpg
train,Pomegranate,3011.jpg,C:\Users\Kushal A\OneDrive\Desktop\MAINPROJECT\PhytoVisionAI_Research\dataset\final_split\train\Pomegranate\3011.jpg
train,Pomegranate,221.jpg,C:\Users\Kushal A\OneDrive\Desktop\MAINPROJECT\PhytoVisionAI_Research\dataset\final_split\train\Pomegranate\221.jpg
train,Pomegranate,3039.jpg,C:\Users\Kushal A\OneDrive\Desktop\MAINPROJECT\PhytoVisionAI_Research\dataset\final_split\train\Pomegranate\3039.jpg
train,Pomegranate,3013.jpg,C:\Users\Kushal A\OneDrive\Desktop\MAINPROJECT\PhytoVisionAI_Research\dataset\final_split\train\Pomegranate\3013.jpg
train,Pomegranate,3041.jpg,C:\Users\Kushal A\OneDrive\Desktop\MAINPROJECT\PhytoVisionAI_Research\dataset\final_split\train\Pomegranate\3041.jpg
train,Pomegranate,3048.jpg,C:\Users\Kushal A\OneDrive\Desktop\MAINPROJECT\PhytoVisionAI_Research\dataset\final_split\train\Pomegranate\3048.jpg
train,Pomegranate,3051.jpg,C:\Users\Kushal A\OneDrive\Desktop\MAINPROJECT\PhytoVisionAI_Research\dataset\final_split\train\Pomegranate\3051.jpg
train,Pomegranate,3016.jpg,C:\Users\Kushal A\OneDrive\Desktop\MAINPROJECT\PhytoVisionAI_Research\dataset\final_split\train\Pomegranate\3016.jpg
train,Pomegranate,3077.jpg,C:\Users\Kushal A\OneDrive\Desktop\MAINPROJECT\PhytoVisionAI_Research\dataset\final_split\train\Pomegranate\3077.jpg
train,Pomegranate,3044.jpg,C:\Users\Kushal A\OneDrive\Desktop\MAINPROJECT\PhytoVisionAI_Research\dataset\final_split\train\Pomegranate\3044.jpg
train,Pomegranate,3069.jpg,C:\Users\Kushal A\OneDrive\Desktop\MAINPROJECT\PhytoVisionAI_Research\dataset\final_split\train\Pomegranate\3069.jpg
train,Pomegranate,3033.jpg,C:\Users\Kushal A\OneDrive\Desktop\MAINPROJECT\PhytoVisionAI_Research\dataset\final_split\train\Pomegranate\3033.jpg
train,Pomegranate,740.jpg,C:\Users\Kushal A\OneDrive\Desktop\MAINPROJECT\PhytoVisionAI_Research\dataset\final_split\train\Pomegranate\740.jpg
train,Pomegranate,3034.jpg,C:\Users\Kushal A\OneDrive\Desktop\MAINPROJECT\PhytoVisionAI_Research\dataset\final_split\train\Pomegranate\3034.jpg
train,Pomegranate,3062.jpg,C:\Users\Kushal A\OneDrive\Desktop\MAINPROJECT\PhytoVisionAI_Research\dataset\final_split\train\Pomegranate\3062.jpg
train,Pomegranate,3117.jpg,C:\Users\Kushal A\OneDrive\Desktop\MAINPROJECT\PhytoVisionAI_Research\dataset\final_split\train\Pomegranate\3117.jpg
train,Pomegranate,3054.jpg,C:\Users\Kushal A\OneDrive\Desktop\MAINPROJECT\PhytoVisionAI_Research\dataset\final_split\train\Pomegranate\3054.jpg
train,Pomegranate,3093.jpg,C:\Users\Kushal A\OneDrive\Desktop\MAINPROJECT\PhytoVisionAI_Research\dataset\final_split\train\Pomegranate\3093.jpg
train,Pomegranate,3049.jpg,C:\Users\Kushal A\OneDrive\Desktop\MAINPROJECT\PhytoVisionAI_Research\dataset\final_split\train\Pomegranate\3049.jpg
train,Pomegranate,3045.jpg,C:\Users\Kushal A\OneDrive\Desktop\MAINPROJECT\PhytoVisionAI_Research\dataset\final_split\train\Pomegranate\3045.jpg
train,Pomegranate,3072.jpg,C:\Users\Kushal A\OneDrive\Desktop\MAINPROJECT\PhytoVisionAI_Research\dataset\final_split\train\Pomegranate\3072.jpg
train,Pomegranate,3037.jpg,C:\Users\Kushal A\OneDrive\Desktop\MAINPROJECT\PhytoVisionAI_Research\dataset\final_split\train\Pomegranate\3037.jpg
train,Pomegranate,3032.jpg,C:\Users\Kushal A\OneDrive\Desktop\MAINPROJECT\PhytoVisionAI_Research\dataset\final_split\train\Pomegranate\3032.jpg
train,Pomegranate,215.jpg,C:\Users\Kushal A\OneDrive\Desktop\MAINPROJECT\PhytoVisionAI_Research\dataset\final_split\train\Pomegranate\215.jpg
train,Pomegranate,3083.jpg,C:\Users\Kushal A\OneDrive\Desktop\MAINPROJECT\PhytoVisionAI_Research\dataset\final_split\train\Pomegranate\3083.jpg
train,Pomegranate,3071.jpg,C:\Users\Kushal A\OneDrive\Desktop\MAINPROJECT\PhytoVisionAI_Research\dataset\final_split\train\Pomegranate\3071.jpg
train,Pomegranate,3050.jpg,C:\Users\Kushal A\OneDrive\Desktop\MAINPROJECT\PhytoVisionAI_Research\dataset\final_split\train\Pomegranate\3050.jpg
train,Pomegranate,3067.jpg,C:\Users\Kushal A\OneDrive\Desktop\MAINPROJECT\PhytoVisionAI_Research\dataset\final_split\train\Pomegranate\3067.jpg
train,Pomegranate,3015.jpg,C:\Users\Kushal A\OneDrive\Desktop\MAINPROJECT\PhytoVisionAI_Research\dataset\final_split\train\Pomegranate\3015.jpg
train,Pomegranate,3036.jpg,C:\Users\Kushal A\OneDrive\Desktop\MAINPROJECT\PhytoVisionAI_Research\dataset\final_split\train\Pomegranate\3036.jpg
train,Pomegranate,3110.jpg,C:\Users\Kushal A\OneDrive\Desktop\MAINPROJECT\PhytoVisionAI_Research\dataset\final_split\train\Pomegranate\3110.jpg
train,Pomegranate,741.jpg,C:\Users\Kushal A\OneDrive\Desktop\MAINPROJECT\PhytoVisionAI_Research\dataset\final_split\train\Pomegranate\741.jpg
train,Pomegranate,3119.jpg,C:\Users\Kushal A\OneDrive\Desktop\MAINPROJECT\PhytoVisionAI_Research\dataset\final_split\train\Pomegranate\3119.jpg
train,Pomegranate,3099.jpg,C:\Users\Kushal A\OneDrive\Desktop\MAINPROJECT\PhytoVisionAI_Research\dataset\final_split\train\Pomegranate\3099.jpg
train,Pomegranate,3118.jpg,C:\Users\Kushal A\OneDrive\Desktop\MAINPROJECT\PhytoVisionAI_Research\dataset\final_split\train\Pomegranate\3118.jpg
train,Pomegranate,3066.jpg,C:\Users\Kushal A\OneDrive\Desktop\MAINPROJECT\PhytoVisionAI_Research\dataset\final_split\train\Pomegranate\3066.jpg
train,Pomegranate,3092.jpg,C:\Users\Kushal A\OneDrive\Desktop\MAINPROJECT\PhytoVisionAI_Research\dataset\final_split\train\Pomegranate\3092.jpg
train,Pomegranate,733.jpg,C:\Users\Kushal A\OneDrive\Desktop\MAINPROJECT\PhytoVisionAI_Research\dataset\final_split\train\Pomegranate\733.jpg
train,Pomegranate,211.jpg,C:\Users\Kushal A\OneDrive\Desktop\MAINPROJECT\PhytoVisionAI_Research\dataset\final_split\train\Pomegranate\211.jpg
train,Pomegranate,3086.jpg,C:\Users\Kushal A\OneDrive\Desktop\MAINPROJECT\PhytoVisionAI_Research\dataset\final_split\train\Pomegranate\3086.jpg
train,Pomegranate,3079.jpg,C:\Users\Kushal A\OneDrive\Desktop\MAINPROJECT\PhytoVisionAI_Research\dataset\final_split\train\Pomegranate\3079.jpg
train,Pomegranate,3088.jpg,C:\Users\Kushal A\OneDrive\Desktop\MAINPROJECT\PhytoVisionAI_Research\dataset\final_split\train\Pomegranate\3088.jpg
train,Pomegranate,3098.jpg,C:\Users\Kushal A\OneDrive\Desktop\MAINPROJECT\PhytoVisionAI_Research\dataset\final_split\train\Pomegranate\3098.jpg
train,Pomegranate,3078.jpg,C:\Users\Kushal A\OneDrive\Desktop\MAINPROJECT\PhytoVisionAI_Research\dataset\final_split\train\Pomegranate\3078.jpg
train,Pomegranate,212.jpg,C:\Users\Kushal A\OneDrive\Desktop\MAINPROJECT\PhytoVisionAI_Research\dataset\final_split\train\Pomegranate\212.jpg
train,Pomegranate,3121.jpg,C:\Users\Kushal A\OneDrive\Desktop\MAINPROJECT\PhytoVisionAI_Research\dataset\final_split\train\Pomegranate\3121.jpg
train,Pomegranate,3100.jpg,C:\Users\Kushal A\OneDrive\Desktop\MAINPROJECT\PhytoVisionAI_Research\dataset\final_split\train\Pomegranate\3100.jpg
train,Pomegranate,735.jpg,C:\Users\Kushal A\OneDrive\Desktop\MAINPROJECT\PhytoVisionAI_Research\dataset\final_split\train\Pomegranate\735.jpg
train,Pomegranate,3124.jpg,C:\Users\Kushal A\OneDrive\Desktop\MAINPROJECT\PhytoVisionAI_Research\dataset\final_split\train\Pomegranate\3124.jpg
train,Pomegranate,3075.jpg,C:\Users\Kushal A\OneDrive\Desktop\MAINPROJECT\PhytoVisionAI_Research\dataset\final_split\train\Pomegranate\3075.jpg
train,Pomegranate,3012.jpg,C:\Users\Kushal A\OneDrive\Desktop\MAINPROJECT\PhytoVisionAI_Research\dataset\final_split\train\Pomegranate\3012.jpg
train,Pomegranate,3027.jpg,C:\Users\Kushal A\OneDrive\Desktop\MAINPROJECT\PhytoVisionAI_Research\dataset\final_split\train\Pomegranate\3027.jpg
train,Pomegranate,3053.jpg,C:\Users\Kushal A\OneDrive\Desktop\MAINPROJECT\PhytoVisionAI_Research\dataset\final_split\train\Pomegranate\3053.jpg
train,Pomegranate,3125.jpg,C:\Users\Kushal A\OneDrive\Desktop\MAINPROJECT\PhytoVisionAI_Research\dataset\final_split\train\Pomegranate\3125.jpg
train,Pomegranate,3085.jpg,C:\Users\Kushal A\OneDrive\Desktop\MAINPROJECT\PhytoVisionAI_Research\dataset\final_split\train\Pomegranate\3085.jpg
train,Pomegranate,731.jpg,C:\Users\Kushal A\OneDrive\Desktop\MAINPROJECT\PhytoVisionAI_Research\dataset\final_split\train\Pomegranate\731.jpg
train,Pomegranate,3030.jpg,C:\Users\Kushal A\OneDrive\Desktop\MAINPROJECT\PhytoVisionAI_Research\dataset\final_split\train\Pomegranate\3030.jpg
train,Pomegranate,3087.jpg,C:\Users\Kushal A\OneDrive\Desktop\MAINPROJECT\PhytoVisionAI_Research\dataset\final_split\train\Pomegranate\3087.jpg
train,Pomegranate,3096.jpg,C:\Users\Kushal A\OneDrive\Desktop\MAINPROJECT\PhytoVisionAI_Research\dataset\final_split\train\Pomegranate\3096.jpg
train,Pomegranate,3042.jpg,C:\Users\Kushal A\OneDrive\Desktop\MAINPROJECT\PhytoVisionAI_Research\dataset\final_split\train\Pomegranate\3042.jpg
train,Pomegranate,3056.jpg,C:\Users\Kushal A\OneDrive\Desktop\MAINPROJECT\PhytoVisionAI_Research\dataset\final_split\train\Pomegranate\3056.jpg
train,Pomegranate,214.jpg,C:\Users\Kushal A\OneDrive\Desktop\MAINPROJECT\PhytoVisionAI_Research\dataset\final_split\train\Pomegranate\214.jpg
train,Pomegranate,3064.jpg,C:\Users\Kushal A\OneDrive\Desktop\MAINPROJECT\PhytoVisionAI_Research\dataset\final_split\train\Pomegranate\3064.jpg
train,Pomegranate,209.jpg,C:\Users\Kushal A\OneDrive\Desktop\MAINPROJECT\PhytoVisionAI_Research\dataset\final_split\train\Pomegranate\209.jpg
train,Pomegranate,3104.jpg,C:\Users\Kushal A\OneDrive\Desktop\MAINPROJECT\PhytoVisionAI_Research\dataset\final_split\train\Pomegranate\3104.jpg
train,Pomegranate,219.jpg,C:\Users\Kushal A\OneDrive\Desktop\MAINPROJECT\PhytoVisionAI_Research\dataset\final_split\train\Pomegranate\219.jpg
train,Pomegranate,3010.jpg,C:\Users\Kushal A\OneDrive\Desktop\MAINPROJECT\PhytoVisionAI_Research\dataset\final_split\train\Pomegranate\3010.jpg
train,Pomegranate,3008.jpg,C:\Users\Kushal A\OneDrive\Desktop\MAINPROJECT\PhytoVisionAI_Research\dataset\final_split\train\Pomegranate\3008.jpg
train,Pomegranate,3014.jpg,C:\Users\Kushal A\OneDrive\Desktop\MAINPROJECT\PhytoVisionAI_Research\dataset\final_split\train\Pomegranate\3014.jpg
train,Pomegranate,3089.jpg,C:\Users\Kushal A\OneDrive\Desktop\MAINPROJECT\PhytoVisionAI_Research\dataset\final_split\train\Pomegranate\3089.jpg
train,Pomegranate,3103.jpg,C:\Users\Kushal A\OneDrive\Desktop\MAINPROJECT\PhytoVisionAI_Research\dataset\final_split\train\Pomegranate\3103.jpg
train,Pomegranate,3112.jpg,C:\Users\Kushal A\OneDrive\Desktop\MAINPROJECT\PhytoVisionAI_Research\dataset\final_split\train\Pomegranate\3112.jpg
train,Pomegranate,3127.jpg,C:\Users\Kushal A\OneDrive\Desktop\MAINPROJECT\PhytoVisionAI_Research\dataset\final_split\train\Pomegranate\3127.jpg
train,Pomegranate,3021.jpg,C:\Users\Kushal A\OneDrive\Desktop\MAINPROJECT\PhytoVisionAI_Research\dataset\final_split\train\Pomegranate\3021.jpg
train,Pomegranate,3102.jpg,C:\Users\Kushal A\OneDrive\Desktop\MAINPROJECT\PhytoVisionAI_Research\dataset\final_split\train\Pomegranate\3102.jpg
train,Pomegranate,3080.jpg,C:\Users\Kushal A\OneDrive\Desktop\MAINPROJECT\PhytoVisionAI_Research\dataset\final_split\train\Pomegranate\3080.jpg
train,Pomegranate,3025.jpg,C:\Users\Kushal A\OneDrive\Desktop\MAINPROJECT\PhytoVisionAI_Research\dataset\final_split\train\Pomegranate\3025.jpg
train,Pomegranate,3020.jpg,C:\Users\Kushal A\OneDrive\Desktop\MAINPROJECT\PhytoVisionAI_Research\dataset\final_split\train\Pomegranate\3020.jpg
train,Pomegranate,3058.jpg,C:\Users\Kushal A\OneDrive\Desktop\MAINPROJECT\PhytoVisionAI_Research\dataset\final_split\train\Pomegranate\3058.jpg
train,Pomegranate,3019.jpg,C:\Users\Kushal A\OneDrive\Desktop\MAINPROJECT\PhytoVisionAI_Research\dataset\final_split\train\Pomegranate\3019.jpg
train,Pomegranate,739.jpg,C:\Users\Kushal A\OneDrive\Desktop\MAINPROJECT\PhytoVisionAI_Research\dataset\final_split\train\Pomegranate\739.jpg
train,Pomegranate,3018.jpg,C:\Users\Kushal A\OneDrive\Desktop\MAINPROJECT\PhytoVisionAI_Research\dataset\final_split\train\Pomegranate\3018.jpg
train,Pomegranate,3029.jpg,C:\Users\Kushal A\OneDrive\Desktop\MAINPROJECT\PhytoVisionAI_Research\dataset\final_split\train\Pomegranate\3029.jpg
train,Pomegranate,3068.jpg,C:\Users\Kushal A\OneDrive\Desktop\MAINPROJECT\PhytoVisionAI_Research\dataset\final_split\train\Pomegranate\3068.jpg
train,Pomegranate,3022.jpg,C:\Users\Kushal A\OneDrive\Desktop\MAINPROJECT\PhytoVisionAI_Research\dataset\final_split\train\Pomegranate\3022.jpg
train,Pomegranate,734.jpg,C:\Users\Kushal A\OneDrive\Desktop\MAINPROJECT\PhytoVisionAI_Research\dataset\final_split\train\Pomegranate\734.jpg
train,Pomegranate,3111.jpg,C:\Users\Kushal A\OneDrive\Desktop\MAINPROJECT\PhytoVisionAI_Research\dataset\final_split\train\Pomegranate\3111.jpg
train,Pomegranate,3055.jpg,C:\Users\Kushal A\OneDrive\Desktop\MAINPROJECT\PhytoVisionAI_Research\dataset\final_split\train\Pomegranate\3055.jpg
train,Pomegranate,3017.jpg,C:\Users\Kushal A\OneDrive\Desktop\MAINPROJECT\PhytoVisionAI_Research\dataset\final_split\train\Pomegranate\3017.jpg
train,Pomegranate,3065.jpg,C:\Users\Kushal A\OneDrive\Desktop\MAINPROJECT\PhytoVisionAI_Research\dataset\final_split\train\Pomegranate\3065.jpg
train,Pomegranate,218.jpg,C:\Users\Kushal A\OneDrive\Desktop\MAINPROJECT\PhytoVisionAI_Research\dataset\final_split\train\Pomegranate\218.jpg
train,Raktachandini,5889.jpg,C:\Users\Kushal A\OneDrive\Desktop\MAINPROJECT\PhytoVisionAI_Research\dataset\final_split\train\Raktachandini\5889.jpg
train,Raktachandini,519.jpg,C:\Users\Kushal A\OneDrive\Desktop\MAINPROJECT\PhytoVisionAI_Research\dataset\final_split\train\Raktachandini\519.jpg
train,Raktachandini,5902.jpg,C:\Users\Kushal A\OneDrive\Desktop\MAINPROJECT\PhytoVisionAI_Research\dataset\final_split\train\Raktachandini\5902.jpg
train,Raktachandini,5939.jpg,C:\Users\Kushal A\OneDrive\Desktop\MAINPROJECT\PhytoVisionAI_Research\dataset\final_split\train\Raktachandini\5939.jpg
train,Raktachandini,5854.jpg,C:\Users\Kushal A\OneDrive\Desktop\MAINPROJECT\PhytoVisionAI_Research\dataset\final_split\train\Raktachandini\5854.jpg
train,Raktachandini,5916.jpg,C:\Users\Kushal A\OneDrive\Desktop\MAINPROJECT\PhytoVisionAI_Research\dataset\final_split\train\Raktachandini\5916.jpg
train,Raktachandini,5892.jpg,C:\Users\Kushal A\OneDrive\Desktop\MAINPROJECT\PhytoVisionAI_Research\dataset\final_split\train\Raktachandini\5892.jpg
train,Raktachandini,5885.jpg,C:\Users\Kushal A\OneDrive\Desktop\MAINPROJECT\PhytoVisionAI_Research\dataset\final_split\train\Raktachandini\5885.jpg
train,Raktachandini,5905.jpg,C:\Users\Kushal A\OneDrive\Desktop\MAINPROJECT\PhytoVisionAI_Research\dataset\final_split\train\Raktachandini\5905.jpg
train,Raktachandini,5898.jpg,C:\Users\Kushal A\OneDrive\Desktop\MAINPROJECT\PhytoVisionAI_Research\dataset\final_split\train\Raktachandini\5898.jpg
train,Raktachandini,5863.jpg,C:\Users\Kushal A\OneDrive\Desktop\MAINPROJECT\PhytoVisionAI_Research\dataset\final_split\train\Raktachandini\5863.jpg
train,Raktachandini,5861.jpg,C:\Users\Kushal A\OneDrive\Desktop\MAINPROJECT\PhytoVisionAI_Research\dataset\final_split\train\Raktachandini\5861.jpg
train,Raktachandini,5930.jpg,C:\Users\Kushal A\OneDrive\Desktop\MAINPROJECT\PhytoVisionAI_Research\dataset\final_split\train\Raktachandini\5930.jpg
train,Raktachandini,5875.jpg,C:\Users\Kushal A\OneDrive\Desktop\MAINPROJECT\PhytoVisionAI_Research\dataset\final_split\train\Raktachandini\5875.jpg
train,Raktachandini,1028.jpg,C:\Users\Kushal A\OneDrive\Desktop\MAINPROJECT\PhytoVisionAI_Research\dataset\final_split\train\Raktachandini\1028.jpg
train,Raktachandini,5831.jpg,C:\Users\Kushal A\OneDrive\Desktop\MAINPROJECT\PhytoVisionAI_Research\dataset\final_split\train\Raktachandini\5831.jpg
train,Raktachandini,5900.jpg,C:\Users\Kushal A\OneDrive\Desktop\MAINPROJECT\PhytoVisionAI_Research\dataset\final_split\train\Raktachandini\5900.jpg
train,Raktachandini,5881.jpg,C:\Users\Kushal A\OneDrive\Desktop\MAINPROJECT\PhytoVisionAI_Research\dataset\final_split\train\Raktachandini\5881.jpg
train,Raktachandini,5938.jpg,C:\Users\Kushal A\OneDrive\Desktop\MAINPROJECT\PhytoVisionAI_Research\dataset\final_split\train\Raktachandini\5938.jpg
train,Raktachandini,509.jpg,C:\Users\Kushal A\OneDrive\Desktop\MAINPROJECT\PhytoVisionAI_Research\dataset\final_split\train\Raktachandini\509.jpg
train,Raktachandini,5884.jpg,C:\Users\Kushal A\OneDrive\Desktop\MAINPROJECT\PhytoVisionAI_Research\dataset\final_split\train\Raktachandini\5884.jpg
train,Raktachandini,5891.jpg,C:\Users\Kushal A\OneDrive\Desktop\MAINPROJECT\PhytoVisionAI_Research\dataset\final_split\train\Raktachandini\5891.jpg
train,Raktachandini,5922.jpg,C:\Users\Kushal A\OneDrive\Desktop\MAINPROJECT\PhytoVisionAI_Research\dataset\final_split\train\Raktachandini\5922.jpg
train,Raktachandini,5872.jpg,C:\Users\Kushal A\OneDrive\Desktop\MAINPROJECT\PhytoVisionAI_Research\dataset\final_split\train\Raktachandini\5872.jpg
train,Raktachandini,5915.jpg,C:\Users\Kushal A\OneDrive\Desktop\MAINPROJECT\PhytoVisionAI_Research\dataset\final_split\train\Raktachandini\5915.jpg
train,Raktachandini,5870.jpg,C:\Users\Kushal A\OneDrive\Desktop\MAINPROJECT\PhytoVisionAI_Research\dataset\final_split\train\Raktachandini\5870.jpg
train,Raktachandini,5906.jpg,C:\Users\Kushal A\OneDrive\Desktop\MAINPROJECT\PhytoVisionAI_Research\dataset\final_split\train\Raktachandini\5906.jpg
train,Raktachandini,5858.jpg,C:\Users\Kushal A\OneDrive\Desktop\MAINPROJECT\PhytoVisionAI_Research\dataset\final_split\train\Raktachandini\5858.jpg
train,Raktachandini,514.jpg,C:\Users\Kushal A\OneDrive\Desktop\MAINPROJECT\PhytoVisionAI_Research\dataset\final_split\train\Raktachandini\514.jpg
train,Raktachandini,5882.jpg,C:\Users\Kushal A\OneDrive\Desktop\MAINPROJECT\PhytoVisionAI_Research\dataset\final_split\train\Raktachandini\5882.jpg
train,Raktachandini,5928.jpg,C:\Users\Kushal A\OneDrive\Desktop\MAINPROJECT\PhytoVisionAI_Research\dataset\final_split\train\Raktachandini\5928.jpg
train,Raktachandini,5869.jpg,C:\Users\Kushal A\OneDrive\Desktop\MAINPROJECT\PhytoVisionAI_Research\dataset\final_split\train\Raktachandini\5869.jpg
train,Raktachandini,5866.jpg,C:\Users\Kushal A\OneDrive\Desktop\MAINPROJECT\PhytoVisionAI_Research\dataset\final_split\train\Raktachandini\5866.jpg
train,Raktachandini,5879.jpg,C:\Users\Kushal A\OneDrive\Desktop\MAINPROJECT\PhytoVisionAI_Research\dataset\final_split\train\Raktachandini\5879.jpg
train,Raktachandini,1031.jpg,C:\Users\Kushal A\OneDrive\Desktop\MAINPROJECT\PhytoVisionAI_Research\dataset\final_split\train\Raktachandini\1031.jpg
train,Raktachandini,5835.jpg,C:\Users\Kushal A\OneDrive\Desktop\MAINPROJECT\PhytoVisionAI_Research\dataset\final_split\train\Raktachandini\5835.jpg
train,Raktachandini,5830.jpg,C:\Users\Kushal A\OneDrive\Desktop\MAINPROJECT\PhytoVisionAI_Research\dataset\final_split\train\Raktachandini\5830.jpg
train,Raktachandini,1032.jpg,C:\Users\Kushal A\OneDrive\Desktop\MAINPROJECT\PhytoVisionAI_Research\dataset\final_split\train\Raktachandini\1032.jpg
train,Raktachandini,5839.jpg,C:\Users\Kushal A\OneDrive\Desktop\MAINPROJECT\PhytoVisionAI_Research\dataset\final_split\train\Raktachandini\5839.jpg
train,Raktachandini,1034.jpg,C:\Users\Kushal A\OneDrive\Desktop\MAINPROJECT\PhytoVisionAI_Research\dataset\final_split\train\Raktachandini\1034.jpg
train,Raktachandini,5944.jpg,C:\Users\Kushal A\OneDrive\Desktop\MAINPROJECT\PhytoVisionAI_Research\dataset\final_split\train\Raktachandini\5944.jpg
train,Raktachandini,5874.jpg,C:\Users\Kushal A\OneDrive\Desktop\MAINPROJECT\PhytoVisionAI_Research\dataset\final_split\train\Raktachandini\5874.jpg
train,Raktachandini,508.jpg,C:\Users\Kushal A\OneDrive\Desktop\MAINPROJECT\PhytoVisionAI_Research\dataset\final_split\train\Raktachandini\508.jpg
train,Raktachandini,1033.jpg,C:\Users\Kushal A\OneDrive\Desktop\MAINPROJECT\PhytoVisionAI_Research\dataset\final_split\train\Raktachandini\1033.jpg
train,Raktachandini,511.jpg,C:\Users\Kushal A\OneDrive\Desktop\MAINPROJECT\PhytoVisionAI_Research\dataset\final_split\train\Raktachandini\511.jpg
train,Raktachandini,5912.jpg,C:\Users\Kushal A\OneDrive\Desktop\MAINPROJECT\PhytoVisionAI_Research\dataset\final_split\train\Raktachandini\5912.jpg
train,Raktachandini,5901.jpg,C:\Users\Kushal A\OneDrive\Desktop\MAINPROJECT\PhytoVisionAI_Research\dataset\final_split\train\Raktachandini\5901.jpg
train,Raktachandini,5909.jpg,C:\Users\Kushal A\OneDrive\Desktop\MAINPROJECT\PhytoVisionAI_Research\dataset\final_split\train\Raktachandini\5909.jpg
train,Raktachandini,1036.jpg,C:\Users\Kushal A\OneDrive\Desktop\MAINPROJECT\PhytoVisionAI_Research\dataset\final_split\train\Raktachandini\1036.jpg
train,Raktachandini,1029.jpg,C:\Users\Kushal A\OneDrive\Desktop\MAINPROJECT\PhytoVisionAI_Research\dataset\final_split\train\Raktachandini\1029.jpg
train,Raktachandini,1039.jpg,C:\Users\Kushal A\OneDrive\Desktop\MAINPROJECT\PhytoVisionAI_Research\dataset\final_split\train\Raktachandini\1039.jpg
train,Raktachandini,5917.jpg,C:\Users\Kushal A\OneDrive\Desktop\MAINPROJECT\PhytoVisionAI_Research\dataset\final_split\train\Raktachandini\5917.jpg
train,Raktachandini,5826.jpg,C:\Users\Kushal A\OneDrive\Desktop\MAINPROJECT\PhytoVisionAI_Research\dataset\final_split\train\Raktachandini\5826.jpg
train,Raktachandini,5918.jpg,C:\Users\Kushal A\OneDrive\Desktop\MAINPROJECT\PhytoVisionAI_Research\dataset\final_split\train\Raktachandini\5918.jpg
train,Raktachandini,5911.jpg,C:\Users\Kushal A\OneDrive\Desktop\MAINPROJECT\PhytoVisionAI_Research\dataset\final_split\train\Raktachandini\5911.jpg
train,Raktachandini,5887.jpg,C:\Users\Kushal A\OneDrive\Desktop\MAINPROJECT\PhytoVisionAI_Research\dataset\final_split\train\Raktachandini\5887.jpg
train,Raktachandini,5847.jpg,C:\Users\Kushal A\OneDrive\Desktop\MAINPROJECT\PhytoVisionAI_Research\dataset\final_split\train\Raktachandini\5847.jpg
train,Raktachandini,518.jpg,C:\Users\Kushal A\OneDrive\Desktop\MAINPROJECT\PhytoVisionAI_Research\dataset\final_split\train\Raktachandini\518.jpg
train,Raktachandini,5855.jpg,C:\Users\Kushal A\OneDrive\Desktop\MAINPROJECT\PhytoVisionAI_Research\dataset\final_split\train\Raktachandini\5855.jpg
train,Raktachandini,5849.jpg,C:\Users\Kushal A\OneDrive\Desktop\MAINPROJECT\PhytoVisionAI_Research\dataset\final_split\train\Raktachandini\5849.jpg
train,Raktachandini,5828.jpg,C:\Users\Kushal A\OneDrive\Desktop\MAINPROJECT\PhytoVisionAI_Research\dataset\final_split\train\Raktachandini\5828.jpg
train,Raktachandini,5856.jpg,C:\Users\Kushal A\OneDrive\Desktop\MAINPROJECT\PhytoVisionAI_Research\dataset\final_split\train\Raktachandini\5856.jpg
train,Raktachandini,512.jpg,C:\Users\Kushal A\OneDrive\Desktop\MAINPROJECT\PhytoVisionAI_Research\dataset\final_split\train\Raktachandini\512.jpg
train,Raktachandini,5926.jpg,C:\Users\Kushal A\OneDrive\Desktop\MAINPROJECT\PhytoVisionAI_Research\dataset\final_split\train\Raktachandini\5926.jpg
train,Raktachandini,5933.jpg,C:\Users\Kushal A\OneDrive\Desktop\MAINPROJECT\PhytoVisionAI_Research\dataset\final_split\train\Raktachandini\5933.jpg
train,Raktachandini,5940.jpg,C:\Users\Kushal A\OneDrive\Desktop\MAINPROJECT\PhytoVisionAI_Research\dataset\final_split\train\Raktachandini\5940.jpg
train,Raktachandini,5867.jpg,C:\Users\Kushal A\OneDrive\Desktop\MAINPROJECT\PhytoVisionAI_Research\dataset\final_split\train\Raktachandini\5867.jpg
train,Raktachandini,5840.jpg,C:\Users\Kushal A\OneDrive\Desktop\MAINPROJECT\PhytoVisionAI_Research\dataset\final_split\train\Raktachandini\5840.jpg
train,Raktachandini,5829.jpg,C:\Users\Kushal A\OneDrive\Desktop\MAINPROJECT\PhytoVisionAI_Research\dataset\final_split\train\Raktachandini\5829.jpg
train,Raktachandini,5929.jpg,C:\Users\Kushal A\OneDrive\Desktop\MAINPROJECT\PhytoVisionAI_Research\dataset\final_split\train\Raktachandini\5929.jpg
train,Raktachandini,5923.jpg,C:\Users\Kushal A\OneDrive\Desktop\MAINPROJECT\PhytoVisionAI_Research\dataset\final_split\train\Raktachandini\5923.jpg
train,Raktachandini,5893.jpg,C:\Users\Kushal A\OneDrive\Desktop\MAINPROJECT\PhytoVisionAI_Research\dataset\final_split\train\Raktachandini\5893.jpg
train,Raktachandini,1037.jpg,C:\Users\Kushal A\OneDrive\Desktop\MAINPROJECT\PhytoVisionAI_Research\dataset\final_split\train\Raktachandini\1037.jpg
train,Raktachandini,5851.jpg,C:\Users\Kushal A\OneDrive\Desktop\MAINPROJECT\PhytoVisionAI_Research\dataset\final_split\train\Raktachandini\5851.jpg
train,Raktachandini,5913.jpg,C:\Users\Kushal A\OneDrive\Desktop\MAINPROJECT\PhytoVisionAI_Research\dataset\final_split\train\Raktachandini\5913.jpg
train,Raktachandini,5853.jpg,C:\Users\Kushal A\OneDrive\Desktop\MAINPROJECT\PhytoVisionAI_Research\dataset\final_split\train\Raktachandini\5853.jpg
train,Raktachandini,5843.jpg,C:\Users\Kushal A\OneDrive\Desktop\MAINPROJECT\PhytoVisionAI_Research\dataset\final_split\train\Raktachandini\5843.jpg
train,Raktachandini,516.jpg,C:\Users\Kushal A\OneDrive\Desktop\MAINPROJECT\PhytoVisionAI_Research\dataset\final_split\train\Raktachandini\516.jpg
train,Raktachandini,513.jpg,C:\Users\Kushal A\OneDrive\Desktop\MAINPROJECT\PhytoVisionAI_Research\dataset\final_split\train\Raktachandini\513.jpg
train,Raktachandini,5859.jpg,C:\Users\Kushal A\OneDrive\Desktop\MAINPROJECT\PhytoVisionAI_Research\dataset\final_split\train\Raktachandini\5859.jpg
train,Raktachandini,5890.jpg,C:\Users\Kushal A\OneDrive\Desktop\MAINPROJECT\PhytoVisionAI_Research\dataset\final_split\train\Raktachandini\5890.jpg
train,Raktachandini,5878.jpg,C:\Users\Kushal A\OneDrive\Desktop\MAINPROJECT\PhytoVisionAI_Research\dataset\final_split\train\Raktachandini\5878.jpg
train,Raktachandini,5848.jpg,C:\Users\Kushal A\OneDrive\Desktop\MAINPROJECT\PhytoVisionAI_Research\dataset\final_split\train\Raktachandini\5848.jpg
train,Raktachandini,1038.jpg,C:\Users\Kushal A\OneDrive\Desktop\MAINPROJECT\PhytoVisionAI_Research\dataset\final_split\train\Raktachandini\1038.jpg
train,Raktachandini,5914.jpg,C:\Users\Kushal A\OneDrive\Desktop\MAINPROJECT\PhytoVisionAI_Research\dataset\final_split\train\Raktachandini\5914.jpg
train,Raktachandini,5862.jpg,C:\Users\Kushal A\OneDrive\Desktop\MAINPROJECT\PhytoVisionAI_Research\dataset\final_split\train\Raktachandini\5862.jpg
train,Raktachandini,5865.jpg,C:\Users\Kushal A\OneDrive\Desktop\MAINPROJECT\PhytoVisionAI_Research\dataset\final_split\train\Raktachandini\5865.jpg
train,Raktachandini,5899.jpg,C:\Users\Kushal A\OneDrive\Desktop\MAINPROJECT\PhytoVisionAI_Research\dataset\final_split\train\Raktachandini\5899.jpg
train,Raktachandini,5841.jpg,C:\Users\Kushal A\OneDrive\Desktop\MAINPROJECT\PhytoVisionAI_Research\dataset\final_split\train\Raktachandini\5841.jpg
train,Raktachandini,5936.jpg,C:\Users\Kushal A\OneDrive\Desktop\MAINPROJECT\PhytoVisionAI_Research\dataset\final_split\train\Raktachandini\5936.jpg
train,Raktachandini,5836.jpg,C:\Users\Kushal A\OneDrive\Desktop\MAINPROJECT\PhytoVisionAI_Research\dataset\final_split\train\Raktachandini\5836.jpg
train,Raktachandini,517.jpg,C:\Users\Kushal A\OneDrive\Desktop\MAINPROJECT\PhytoVisionAI_Research\dataset\final_split\train\Raktachandini\517.jpg
train,Raktachandini,5868.jpg,C:\Users\Kushal A\OneDrive\Desktop\MAINPROJECT\PhytoVisionAI_Research\dataset\final_split\train\Raktachandini\5868.jpg
train,Raktachandini,5894.jpg,C:\Users\Kushal A\OneDrive\Desktop\MAINPROJECT\PhytoVisionAI_Research\dataset\final_split\train\Raktachandini\5894.jpg
train,Raktachandini,5883.jpg,C:\Users\Kushal A\OneDrive\Desktop\MAINPROJECT\PhytoVisionAI_Research\dataset\final_split\train\Raktachandini\5883.jpg
train,Raktachandini,5896.jpg,C:\Users\Kushal A\OneDrive\Desktop\MAINPROJECT\PhytoVisionAI_Research\dataset\final_split\train\Raktachandini\5896.jpg
train,Raktachandini,5873.jpg,C:\Users\Kushal A\OneDrive\Desktop\MAINPROJECT\PhytoVisionAI_Research\dataset\final_split\train\Raktachandini\5873.jpg
train,Raktachandini,520.jpg,C:\Users\Kushal A\OneDrive\Desktop\MAINPROJECT\PhytoVisionAI_Research\dataset\final_split\train\Raktachandini\520.jpg
train,Raktachandini,5877.jpg,C:\Users\Kushal A\OneDrive\Desktop\MAINPROJECT\PhytoVisionAI_Research\dataset\final_split\train\Raktachandini\5877.jpg
train,Raktachandini,5886.jpg,C:\Users\Kushal A\OneDrive\Desktop\MAINPROJECT\PhytoVisionAI_Research\dataset\final_split\train\Raktachandini\5886.jpg
train,Raktachandini,5920.jpg,C:\Users\Kushal A\OneDrive\Desktop\MAINPROJECT\PhytoVisionAI_Research\dataset\final_split\train\Raktachandini\5920.jpg
train,Raktachandini,510.jpg,C:\Users\Kushal A\OneDrive\Desktop\MAINPROJECT\PhytoVisionAI_Research\dataset\final_split\train\Raktachandini\510.jpg
train,Rose,614.jpg,C:\Users\Kushal A\OneDrive\Desktop\MAINPROJECT\PhytoVisionAI_Research\dataset\final_split\train\Rose\614.jpg
train,Rose,1913.jpg,C:\Users\Kushal A\OneDrive\Desktop\MAINPROJECT\PhytoVisionAI_Research\dataset\final_split\train\Rose\1913.jpg
train,Rose,2032.jpg,C:\Users\Kushal A\OneDrive\Desktop\MAINPROJECT\PhytoVisionAI_Research\dataset\final_split\train\Rose\2032.jpg
train,Rose,618.jpg,C:\Users\Kushal A\OneDrive\Desktop\MAINPROJECT\PhytoVisionAI_Research\dataset\final_split\train\Rose\618.jpg
train,Rose,1941.jpg,C:\Users\Kushal A\OneDrive\Desktop\MAINPROJECT\PhytoVisionAI_Research\dataset\final_split\train\Rose\1941.jpg
train,Rose,1962.jpg,C:\Users\Kushal A\OneDrive\Desktop\MAINPROJECT\PhytoVisionAI_Research\dataset\final_split\train\Rose\1962.jpg
train,Rose,1984.jpg,C:\Users\Kushal A\OneDrive\Desktop\MAINPROJECT\PhytoVisionAI_Research\dataset\final_split\train\Rose\1984.jpg
train,Rose,624.jpg,C:\Users\Kushal A\OneDrive\Desktop\MAINPROJECT\PhytoVisionAI_Research\dataset\final_split\train\Rose\624.jpg
train,Rose,1994.jpg,C:\Users\Kushal A\OneDrive\Desktop\MAINPROJECT\PhytoVisionAI_Research\dataset\final_split\train\Rose\1994.jpg
train,Rose,1921.jpg,C:\Users\Kushal A\OneDrive\Desktop\MAINPROJECT\PhytoVisionAI_Research\dataset\final_split\train\Rose\1921.jpg
train,Rose,1935.jpg,C:\Users\Kushal A\OneDrive\Desktop\MAINPROJECT\PhytoVisionAI_Research\dataset\final_split\train\Rose\1935.jpg
train,Rose,621.jpg,C:\Users\Kushal A\OneDrive\Desktop\MAINPROJECT\PhytoVisionAI_Research\dataset\final_split\train\Rose\621.jpg
train,Rose,1964.jpg,C:\Users\Kushal A\OneDrive\Desktop\MAINPROJECT\PhytoVisionAI_Research\dataset\final_split\train\Rose\1964.jpg
train,Rose,1942.jpg,C:\Users\Kushal A\OneDrive\Desktop\MAINPROJECT\PhytoVisionAI_Research\dataset\final_split\train\Rose\1942.jpg
train,Rose,2041.jpg,C:\Users\Kushal A\OneDrive\Desktop\MAINPROJECT\PhytoVisionAI_Research\dataset\final_split\train\Rose\2041.jpg
train,Rose,2007.jpg,C:\Users\Kushal A\OneDrive\Desktop\MAINPROJECT\PhytoVisionAI_Research\dataset\final_split\train\Rose\2007.jpg
train,Rose,2023.jpg,C:\Users\Kushal A\OneDrive\Desktop\MAINPROJECT\PhytoVisionAI_Research\dataset\final_split\train\Rose\2023.jpg
train,Rose,2038.jpg,C:\Users\Kushal A\OneDrive\Desktop\MAINPROJECT\PhytoVisionAI_Research\dataset\final_split\train\Rose\2038.jpg
train,Rose,1940.jpg,C:\Users\Kushal A\OneDrive\Desktop\MAINPROJECT\PhytoVisionAI_Research\dataset\final_split\train\Rose\1940.jpg
train,Rose,2016.jpg,C:\Users\Kushal A\OneDrive\Desktop\MAINPROJECT\PhytoVisionAI_Research\dataset\final_split\train\Rose\2016.jpg
train,Rose,2009.jpg,C:\Users\Kushal A\OneDrive\Desktop\MAINPROJECT\PhytoVisionAI_Research\dataset\final_split\train\Rose\2009.jpg
train,Rose,2034.jpg,C:\Users\Kushal A\OneDrive\Desktop\MAINPROJECT\PhytoVisionAI_Research\dataset\final_split\train\Rose\2034.jpg
train,Rose,1959.jpg,C:\Users\Kushal A\OneDrive\Desktop\MAINPROJECT\PhytoVisionAI_Research\dataset\final_split\train\Rose\1959.jpg
train,Rose,2011.jpg,C:\Users\Kushal A\OneDrive\Desktop\MAINPROJECT\PhytoVisionAI_Research\dataset\final_split\train\Rose\2011.jpg
train,Rose,1956.jpg,C:\Users\Kushal A\OneDrive\Desktop\MAINPROJECT\PhytoVisionAI_Research\dataset\final_split\train\Rose\1956.jpg
train,Rose,1927.jpg,C:\Users\Kushal A\OneDrive\Desktop\MAINPROJECT\PhytoVisionAI_Research\dataset\final_split\train\Rose\1927.jpg
train,Rose,2012.jpg,C:\Users\Kushal A\OneDrive\Desktop\MAINPROJECT\PhytoVisionAI_Research\dataset\final_split\train\Rose\2012.jpg
train,Rose,1930.jpg,C:\Users\Kushal A\OneDrive\Desktop\MAINPROJECT\PhytoVisionAI_Research\dataset\final_split\train\Rose\1930.jpg
train,Rose,1955.jpg,C:\Users\Kushal A\OneDrive\Desktop\MAINPROJECT\PhytoVisionAI_Research\dataset\final_split\train\Rose\1955.jpg
train,Rose,2010.jpg,C:\Users\Kushal A\OneDrive\Desktop\MAINPROJECT\PhytoVisionAI_Research\dataset\final_split\train\Rose\2010.jpg
train,Rose,1937.jpg,C:\Users\Kushal A\OneDrive\Desktop\MAINPROJECT\PhytoVisionAI_Research\dataset\final_split\train\Rose\1937.jpg
train,Rose,1987.jpg,C:\Users\Kushal A\OneDrive\Desktop\MAINPROJECT\PhytoVisionAI_Research\dataset\final_split\train\Rose\1987.jpg
train,Rose,2019.jpg,C:\Users\Kushal A\OneDrive\Desktop\MAINPROJECT\PhytoVisionAI_Research\dataset\final_split\train\Rose\2019.jpg
train,Rose,1960.jpg,C:\Users\Kushal A\OneDrive\Desktop\MAINPROJECT\PhytoVisionAI_Research\dataset\final_split\train\Rose\1960.jpg
train,Rose,1950.jpg,C:\Users\Kushal A\OneDrive\Desktop\MAINPROJECT\PhytoVisionAI_Research\dataset\final_split\train\Rose\1950.jpg
train,Rose,1933.jpg,C:\Users\Kushal A\OneDrive\Desktop\MAINPROJECT\PhytoVisionAI_Research\dataset\final_split\train\Rose\1933.jpg
train,Rose,2013.jpg,C:\Users\Kushal A\OneDrive\Desktop\MAINPROJECT\PhytoVisionAI_Research\dataset\final_split\train\Rose\2013.jpg
train,Rose,1979.jpg,C:\Users\Kushal A\OneDrive\Desktop\MAINPROJECT\PhytoVisionAI_Research\dataset\final_split\train\Rose\1979.jpg
train,Rose,1910.jpg,C:\Users\Kushal A\OneDrive\Desktop\MAINPROJECT\PhytoVisionAI_Research\dataset\final_split\train\Rose\1910.jpg
train,Rose,1902.jpg,C:\Users\Kushal A\OneDrive\Desktop\MAINPROJECT\PhytoVisionAI_Research\dataset\final_split\train\Rose\1902.jpg
train,Rose,612.jpg,C:\Users\Kushal A\OneDrive\Desktop\MAINPROJECT\PhytoVisionAI_Research\dataset\final_split\train\Rose\612.jpg
train,Rose,1980.jpg,C:\Users\Kushal A\OneDrive\Desktop\MAINPROJECT\PhytoVisionAI_Research\dataset\final_split\train\Rose\1980.jpg
train,Rose,95.jpg,C:\Users\Kushal A\OneDrive\Desktop\MAINPROJECT\PhytoVisionAI_Research\dataset\final_split\train\Rose\95.jpg
train,Rose,1907.jpg,C:\Users\Kushal A\OneDrive\Desktop\MAINPROJECT\PhytoVisionAI_Research\dataset\final_split\train\Rose\1907.jpg
train,Rose,1965.jpg,C:\Users\Kushal A\OneDrive\Desktop\MAINPROJECT\PhytoVisionAI_Research\dataset\final_split\train\Rose\1965.jpg
train,Rose,620.jpg,C:\Users\Kushal A\OneDrive\Desktop\MAINPROJECT\PhytoVisionAI_Research\dataset\final_split\train\Rose\620.jpg
train,Rose,1970.jpg,C:\Users\Kushal A\OneDrive\Desktop\MAINPROJECT\PhytoVisionAI_Research\dataset\final_split\train\Rose\1970.jpg
train,Rose,104.jpg,C:\Users\Kushal A\OneDrive\Desktop\MAINPROJECT\PhytoVisionAI_Research\dataset\final_split\train\Rose\104.jpg
train,Rose,1920.jpg,C:\Users\Kushal A\OneDrive\Desktop\MAINPROJECT\PhytoVisionAI_Research\dataset\final_split\train\Rose\1920.jpg
train,Rose,2030.jpg,C:\Users\Kushal A\OneDrive\Desktop\MAINPROJECT\PhytoVisionAI_Research\dataset\final_split\train\Rose\2030.jpg
train,Rose,103.jpg,C:\Users\Kushal A\OneDrive\Desktop\MAINPROJECT\PhytoVisionAI_Research\dataset\final_split\train\Rose\103.jpg
train,Rose,1904.jpg,C:\Users\Kushal A\OneDrive\Desktop\MAINPROJECT\PhytoVisionAI_Research\dataset\final_split\train\Rose\1904.jpg
train,Rose,2014.jpg,C:\Users\Kushal A\OneDrive\Desktop\MAINPROJECT\PhytoVisionAI_Research\dataset\final_split\train\Rose\2014.jpg
train,Rose,1900.jpg,C:\Users\Kushal A\OneDrive\Desktop\MAINPROJECT\PhytoVisionAI_Research\dataset\final_split\train\Rose\1900.jpg
train,Rose,1916.jpg,C:\Users\Kushal A\OneDrive\Desktop\MAINPROJECT\PhytoVisionAI_Research\dataset\final_split\train\Rose\1916.jpg
train,Rose,2037.jpg,C:\Users\Kushal A\OneDrive\Desktop\MAINPROJECT\PhytoVisionAI_Research\dataset\final_split\train\Rose\2037.jpg
train,Rose,1981.jpg,C:\Users\Kushal A\OneDrive\Desktop\MAINPROJECT\PhytoVisionAI_Research\dataset\final_split\train\Rose\1981.jpg
train,Rose,1939.jpg,C:\Users\Kushal A\OneDrive\Desktop\MAINPROJECT\PhytoVisionAI_Research\dataset\final_split\train\Rose\1939.jpg
train,Rose,1966.jpg,C:\Users\Kushal A\OneDrive\Desktop\MAINPROJECT\PhytoVisionAI_Research\dataset\final_split\train\Rose\1966.jpg
train,Rose,2004.jpg,C:\Users\Kushal A\OneDrive\Desktop\MAINPROJECT\PhytoVisionAI_Research\dataset\final_split\train\Rose\2004.jpg
train,Rose,2021.jpg,C:\Users\Kushal A\OneDrive\Desktop\MAINPROJECT\PhytoVisionAI_Research\dataset\final_split\train\Rose\2021.jpg
train,Rose,1946.jpg,C:\Users\Kushal A\OneDrive\Desktop\MAINPROJECT\PhytoVisionAI_Research\dataset\final_split\train\Rose\1946.jpg
train,Rose,1945.jpg,C:\Users\Kushal A\OneDrive\Desktop\MAINPROJECT\PhytoVisionAI_Research\dataset\final_split\train\Rose\1945.jpg
train,Rose,615.jpg,C:\Users\Kushal A\OneDrive\Desktop\MAINPROJECT\PhytoVisionAI_Research\dataset\final_split\train\Rose\615.jpg
train,Rose,1948.jpg,C:\Users\Kushal A\OneDrive\Desktop\MAINPROJECT\PhytoVisionAI_Research\dataset\final_split\train\Rose\1948.jpg
train,Rose,1938.jpg,C:\Users\Kushal A\OneDrive\Desktop\MAINPROJECT\PhytoVisionAI_Research\dataset\final_split\train\Rose\1938.jpg
train,Rose,1922.jpg,C:\Users\Kushal A\OneDrive\Desktop\MAINPROJECT\PhytoVisionAI_Research\dataset\final_split\train\Rose\1922.jpg
train,Rose,1958.jpg,C:\Users\Kushal A\OneDrive\Desktop\MAINPROJECT\PhytoVisionAI_Research\dataset\final_split\train\Rose\1958.jpg
train,Rose,1967.jpg,C:\Users\Kushal A\OneDrive\Desktop\MAINPROJECT\PhytoVisionAI_Research\dataset\final_split\train\Rose\1967.jpg
train,Rose,623.jpg,C:\Users\Kushal A\OneDrive\Desktop\MAINPROJECT\PhytoVisionAI_Research\dataset\final_split\train\Rose\623.jpg
train,Rose,1906.jpg,C:\Users\Kushal A\OneDrive\Desktop\MAINPROJECT\PhytoVisionAI_Research\dataset\final_split\train\Rose\1906.jpg
train,Rose,1924.jpg,C:\Users\Kushal A\OneDrive\Desktop\MAINPROJECT\PhytoVisionAI_Research\dataset\final_split\train\Rose\1924.jpg
train,Rose,2027.jpg,C:\Users\Kushal A\OneDrive\Desktop\MAINPROJECT\PhytoVisionAI_Research\dataset\final_split\train\Rose\2027.jpg
train,Rose,1951.jpg,C:\Users\Kushal A\OneDrive\Desktop\MAINPROJECT\PhytoVisionAI_Research\dataset\final_split\train\Rose\1951.jpg
train,Rose,1911.jpg,C:\Users\Kushal A\OneDrive\Desktop\MAINPROJECT\PhytoVisionAI_Research\dataset\final_split\train\Rose\1911.jpg
train,Rose,2002.jpg,C:\Users\Kushal A\OneDrive\Desktop\MAINPROJECT\PhytoVisionAI_Research\dataset\final_split\train\Rose\2002.jpg
train,Rose,1999.jpg,C:\Users\Kushal A\OneDrive\Desktop\MAINPROJECT\PhytoVisionAI_Research\dataset\final_split\train\Rose\1999.jpg
train,Rose,1908.jpg,C:\Users\Kushal A\OneDrive\Desktop\MAINPROJECT\PhytoVisionAI_Research\dataset\final_split\train\Rose\1908.jpg
train,Rose,1991.jpg,C:\Users\Kushal A\OneDrive\Desktop\MAINPROJECT\PhytoVisionAI_Research\dataset\final_split\train\Rose\1991.jpg
train,Rose,2003.jpg,C:\Users\Kushal A\OneDrive\Desktop\MAINPROJECT\PhytoVisionAI_Research\dataset\final_split\train\Rose\2003.jpg
train,Rose,2022.jpg,C:\Users\Kushal A\OneDrive\Desktop\MAINPROJECT\PhytoVisionAI_Research\dataset\final_split\train\Rose\2022.jpg
train,Rose,1901.jpg,C:\Users\Kushal A\OneDrive\Desktop\MAINPROJECT\PhytoVisionAI_Research\dataset\final_split\train\Rose\1901.jpg
train,Rose,1914.jpg,C:\Users\Kushal A\OneDrive\Desktop\MAINPROJECT\PhytoVisionAI_Research\dataset\final_split\train\Rose\1914.jpg
train,Rose,2036.jpg,C:\Users\Kushal A\OneDrive\Desktop\MAINPROJECT\PhytoVisionAI_Research\dataset\final_split\train\Rose\2036.jpg
train,Rose,1936.jpg,C:\Users\Kushal A\OneDrive\Desktop\MAINPROJECT\PhytoVisionAI_Research\dataset\final_split\train\Rose\1936.jpg
train,Rose,1993.jpg,C:\Users\Kushal A\OneDrive\Desktop\MAINPROJECT\PhytoVisionAI_Research\dataset\final_split\train\Rose\1993.jpg
train,Rose,1957.jpg,C:\Users\Kushal A\OneDrive\Desktop\MAINPROJECT\PhytoVisionAI_Research\dataset\final_split\train\Rose\1957.jpg
train,Rose,1985.jpg,C:\Users\Kushal A\OneDrive\Desktop\MAINPROJECT\PhytoVisionAI_Research\dataset\final_split\train\Rose\1985.jpg
train,Rose,1995.jpg,C:\Users\Kushal A\OneDrive\Desktop\MAINPROJECT\PhytoVisionAI_Research\dataset\final_split\train\Rose\1995.jpg
train,Rose,1952.jpg,C:\Users\Kushal A\OneDrive\Desktop\MAINPROJECT\PhytoVisionAI_Research\dataset\final_split\train\Rose\1952.jpg
train,Rose,99.jpg,C:\Users\Kushal A\OneDrive\Desktop\MAINPROJECT\PhytoVisionAI_Research\dataset\final_split\train\Rose\99.jpg
train,Rose,622.jpg,C:\Users\Kushal A\OneDrive\Desktop\MAINPROJECT\PhytoVisionAI_Research\dataset\final_split\train\Rose\622.jpg
train,Rose,1976.jpg,C:\Users\Kushal A\OneDrive\Desktop\MAINPROJECT\PhytoVisionAI_Research\dataset\final_split\train\Rose\1976.jpg
train,Rose,1909.jpg,C:\Users\Kushal A\OneDrive\Desktop\MAINPROJECT\PhytoVisionAI_Research\dataset\final_split\train\Rose\1909.jpg
train,Rose,1932.jpg,C:\Users\Kushal A\OneDrive\Desktop\MAINPROJECT\PhytoVisionAI_Research\dataset\final_split\train\Rose\1932.jpg
train,Rose,1912.jpg,C:\Users\Kushal A\OneDrive\Desktop\MAINPROJECT\PhytoVisionAI_Research\dataset\final_split\train\Rose\1912.jpg
train,Rose,1918.jpg,C:\Users\Kushal A\OneDrive\Desktop\MAINPROJECT\PhytoVisionAI_Research\dataset\final_split\train\Rose\1918.jpg
train,Rose,1903.jpg,C:\Users\Kushal A\OneDrive\Desktop\MAINPROJECT\PhytoVisionAI_Research\dataset\final_split\train\Rose\1903.jpg
train,Rose,1919.jpg,C:\Users\Kushal A\OneDrive\Desktop\MAINPROJECT\PhytoVisionAI_Research\dataset\final_split\train\Rose\1919.jpg
train,Rose,1947.jpg,C:\Users\Kushal A\OneDrive\Desktop\MAINPROJECT\PhytoVisionAI_Research\dataset\final_split\train\Rose\1947.jpg
train,Rose,2024.jpg,C:\Users\Kushal A\OneDrive\Desktop\MAINPROJECT\PhytoVisionAI_Research\dataset\final_split\train\Rose\2024.jpg
train,Rose,1963.jpg,C:\Users\Kushal A\OneDrive\Desktop\MAINPROJECT\PhytoVisionAI_Research\dataset\final_split\train\Rose\1963.jpg
train,Rose,2026.jpg,C:\Users\Kushal A\OneDrive\Desktop\MAINPROJECT\PhytoVisionAI_Research\dataset\final_split\train\Rose\2026.jpg
train,Rose,1978.jpg,C:\Users\Kushal A\OneDrive\Desktop\MAINPROJECT\PhytoVisionAI_Research\dataset\final_split\train\Rose\1978.jpg
train,Rose,1931.jpg,C:\Users\Kushal A\OneDrive\Desktop\MAINPROJECT\PhytoVisionAI_Research\dataset\final_split\train\Rose\1931.jpg
train,Rose,2040.jpg,C:\Users\Kushal A\OneDrive\Desktop\MAINPROJECT\PhytoVisionAI_Research\dataset\final_split\train\Rose\2040.jpg
train,Rose,1982.jpg,C:\Users\Kushal A\OneDrive\Desktop\MAINPROJECT\PhytoVisionAI_Research\dataset\final_split\train\Rose\1982.jpg
train,Rose,97.jpg,C:\Users\Kushal A\OneDrive\Desktop\MAINPROJECT\PhytoVisionAI_Research\dataset\final_split\train\Rose\97.jpg
train,Rose,1998.jpg,C:\Users\Kushal A\OneDrive\Desktop\MAINPROJECT\PhytoVisionAI_Research\dataset\final_split\train\Rose\1998.jpg
train,Rose,619.jpg,C:\Users\Kushal A\OneDrive\Desktop\MAINPROJECT\PhytoVisionAI_Research\dataset\final_split\train\Rose\619.jpg
train,Rose,1997.jpg,C:\Users\Kushal A\OneDrive\Desktop\MAINPROJECT\PhytoVisionAI_Research\dataset\final_split\train\Rose\1997.jpg
train,Rose,1992.jpg,C:\Users\Kushal A\OneDrive\Desktop\MAINPROJECT\PhytoVisionAI_Research\dataset\final_split\train\Rose\1992.jpg
train,Rose,616.jpg,C:\Users\Kushal A\OneDrive\Desktop\MAINPROJECT\PhytoVisionAI_Research\dataset\final_split\train\Rose\616.jpg
train,Rose,1925.jpg,C:\Users\Kushal A\OneDrive\Desktop\MAINPROJECT\PhytoVisionAI_Research\dataset\final_split\train\Rose\1925.jpg
train,Rose,1975.jpg,C:\Users\Kushal A\OneDrive\Desktop\MAINPROJECT\PhytoVisionAI_Research\dataset\final_split\train\Rose\1975.jpg
train,Rose,1949.jpg,C:\Users\Kushal A\OneDrive\Desktop\MAINPROJECT\PhytoVisionAI_Research\dataset\final_split\train\Rose\1949.jpg
train,Rose,1905.jpg,C:\Users\Kushal A\OneDrive\Desktop\MAINPROJECT\PhytoVisionAI_Research\dataset\final_split\train\Rose\1905.jpg
train,Sapota,1582.jpg,C:\Users\Kushal A\OneDrive\Desktop\MAINPROJECT\PhytoVisionAI_Research\dataset\final_split\train\Sapota\1582.jpg
train,Sapota,58.jpg,C:\Users\Kushal A\OneDrive\Desktop\MAINPROJECT\PhytoVisionAI_Research\dataset\final_split\train\Sapota\58.jpg
train,Sapota,1590.jpg,C:\Users\Kushal A\OneDrive\Desktop\MAINPROJECT\PhytoVisionAI_Research\dataset\final_split\train\Sapota\1590.jpg
train,Sapota,1554.jpg,C:\Users\Kushal A\OneDrive\Desktop\MAINPROJECT\PhytoVisionAI_Research\dataset\final_split\train\Sapota\1554.jpg
train,Sapota,mmpd_9 (9)_flip_vertical.jpg,C:\Users\Kushal A\OneDrive\Desktop\MAINPROJECT\PhytoVisionAI_Research\dataset\final_split\train\Sapota\mmpd_9 (9)_flip_vertical.jpg
train,Sapota,1616.jpg,C:\Users\Kushal A\OneDrive\Desktop\MAINPROJECT\PhytoVisionAI_Research\dataset\final_split\train\Sapota\1616.jpg
train,Sapota,1620.jpg,C:\Users\Kushal A\OneDrive\Desktop\MAINPROJECT\PhytoVisionAI_Research\dataset\final_split\train\Sapota\1620.jpg
train,Sapota,mmpd_9 (9)_rotate_neg45_512x512.jpg,C:\Users\Kushal A\OneDrive\Desktop\MAINPROJECT\PhytoVisionAI_Research\dataset\final_split\train\Sapota\mmpd_9 (9)_rotate_neg45_512x512.jpg
train,Sapota,1627.jpg,C:\Users\Kushal A\OneDrive\Desktop\MAINPROJECT\PhytoVisionAI_Research\dataset\final_split\train\Sapota\1627.jpg
train,Sapota,55.jpg,C:\Users\Kushal A\OneDrive\Desktop\MAINPROJECT\PhytoVisionAI_Research\dataset\final_split\train\Sapota\55.jpg
train,Sapota,mmpd_9 (2)_rotate_45_512x512.jpg,C:\Users\Kushal A\OneDrive\Desktop\MAINPROJECT\PhytoVisionAI_Research\dataset\final_split\train\Sapota\mmpd_9 (2)_rotate_45_512x512.jpg
train,Sapota,mmpd_9 (14)_rotate_45_512x512.jpg,C:\Users\Kushal A\OneDrive\Desktop\MAINPROJECT\PhytoVisionAI_Research\dataset\final_split\train\Sapota\mmpd_9 (14)_rotate_45_512x512.jpg
train,Sapota,1643.jpg,C:\Users\Kushal A\OneDrive\Desktop\MAINPROJECT\PhytoVisionAI_Research\dataset\final_split\train\Sapota\1643.jpg
train,Sapota,mmpd_9 (14)_flip_horizontal.jpg,C:\Users\Kushal A\OneDrive\Desktop\MAINPROJECT\PhytoVisionAI_Research\dataset\final_split\train\Sapota\mmpd_9 (14)_flip_horizontal.jpg
train,Sapota,1625.jpg,C:\Users\Kushal A\OneDrive\Desktop\MAINPROJECT\PhytoVisionAI_Research\dataset\final_split\train\Sapota\1625.jpg
train,Sapota,1543.jpg,C:\Users\Kushal A\OneDrive\Desktop\MAINPROJECT\PhytoVisionAI_Research\dataset\final_split\train\Sapota\1543.jpg
train,Sapota,mmpd_9 (5)_flip_horizontal.jpg,C:\Users\Kushal A\OneDrive\Desktop\MAINPROJECT\PhytoVisionAI_Research\dataset\final_split\train\Sapota\mmpd_9 (5)_flip_horizontal.jpg
train,Sapota,1559.jpg,C:\Users\Kushal A\OneDrive\Desktop\MAINPROJECT\PhytoVisionAI_Research\dataset\final_split\train\Sapota\1559.jpg
train,Sapota,mmpd_9 (9)_rotate_45_512x512.jpg,C:\Users\Kushal A\OneDrive\Desktop\MAINPROJECT\PhytoVisionAI_Research\dataset\final_split\train\Sapota\mmpd_9 (9)_rotate_45_512x512.jpg
train,Sapota,mmpd_9 (3)_rotate_45_512x512.jpg,C:\Users\Kushal A\OneDrive\Desktop\MAINPROJECT\PhytoVisionAI_Research\dataset\final_split\train\Sapota\mmpd_9 (3)_rotate_45_512x512.jpg
train,Sapota,mmpd_9 (12).jpg,C:\Users\Kushal A\OneDrive\Desktop\MAINPROJECT\PhytoVisionAI_Research\dataset\final_split\train\Sapota\mmpd_9 (12).jpg
train,Sapota,1592.jpg,C:\Users\Kushal A\OneDrive\Desktop\MAINPROJECT\PhytoVisionAI_Research\dataset\final_split\train\Sapota\1592.jpg
train,Sapota,1650.jpg,C:\Users\Kushal A\OneDrive\Desktop\MAINPROJECT\PhytoVisionAI_Research\dataset\final_split\train\Sapota\1650.jpg
train,Sapota,mmpd_9 (7)_rotate_neg45_512x512.jpg,C:\Users\Kushal A\OneDrive\Desktop\MAINPROJECT\PhytoVisionAI_Research\dataset\final_split\train\Sapota\mmpd_9 (7)_rotate_neg45_512x512.jpg
train,Sapota,576.jpg,C:\Users\Kushal A\OneDrive\Desktop\MAINPROJECT\PhytoVisionAI_Research\dataset\final_split\train\Sapota\576.jpg
train,Sapota,1624.jpg,C:\Users\Kushal A\OneDrive\Desktop\MAINPROJECT\PhytoVisionAI_Research\dataset\final_split\train\Sapota\1624.jpg
train,Sapota,1605.jpg,C:\Users\Kushal A\OneDrive\Desktop\MAINPROJECT\PhytoVisionAI_Research\dataset\final_split\train\Sapota\1605.jpg
train,Sapota,1657.jpg,C:\Users\Kushal A\OneDrive\Desktop\MAINPROJECT\PhytoVisionAI_Research\dataset\final_split\train\Sapota\1657.jpg
train,Sapota,1584.jpg,C:\Users\Kushal A\OneDrive\Desktop\MAINPROJECT\PhytoVisionAI_Research\dataset\final_split\train\Sapota\1584.jpg
train,Sapota,mmpd_9 (5)_flip_vertical.jpg,C:\Users\Kushal A\OneDrive\Desktop\MAINPROJECT\PhytoVisionAI_Research\dataset\final_split\train\Sapota\mmpd_9 (5)_flip_vertical.jpg
train,Sapota,mmpd_9 (1)_flip_horizontal.jpg,C:\Users\Kushal A\OneDrive\Desktop\MAINPROJECT\PhytoVisionAI_Research\dataset\final_split\train\Sapota\mmpd_9 (1)_flip_horizontal.jpg
train,Sapota,mmpd_9 (13)_flip_vertical.jpg,C:\Users\Kushal A\OneDrive\Desktop\MAINPROJECT\PhytoVisionAI_Research\dataset\final_split\train\Sapota\mmpd_9 (13)_flip_vertical.jpg
train,Sapota,1558.jpg,C:\Users\Kushal A\OneDrive\Desktop\MAINPROJECT\PhytoVisionAI_Research\dataset\final_split\train\Sapota\1558.jpg
train,Sapota,mmpd_9 (8)_rotate_neg45_512x512.jpg,C:\Users\Kushal A\OneDrive\Desktop\MAINPROJECT\PhytoVisionAI_Research\dataset\final_split\train\Sapota\mmpd_9 (8)_rotate_neg45_512x512.jpg
train,Sapota,mmpd_9 (12)_flip_horizontal.jpg,C:\Users\Kushal A\OneDrive\Desktop\MAINPROJECT\PhytoVisionAI_Research\dataset\final_split\train\Sapota\mmpd_9 (12)_flip_horizontal.jpg
train,Sapota,578.jpg,C:\Users\Kushal A\OneDrive\Desktop\MAINPROJECT\PhytoVisionAI_Research\dataset\final_split\train\Sapota\578.jpg
train,Sapota,1577.jpg,C:\Users\Kushal A\OneDrive\Desktop\MAINPROJECT\PhytoVisionAI_Research\dataset\final_split\train\Sapota\1577.jpg
train,Sapota,1600.jpg,C:\Users\Kushal A\OneDrive\Desktop\MAINPROJECT\PhytoVisionAI_Research\dataset\final_split\train\Sapota\1600.jpg
train,Sapota,56.jpg,C:\Users\Kushal A\OneDrive\Desktop\MAINPROJECT\PhytoVisionAI_Research\dataset\final_split\train\Sapota\56.jpg
train,Sapota,mmpd_9 (10)_rotate_45_512x512.jpg,C:\Users\Kushal A\OneDrive\Desktop\MAINPROJECT\PhytoVisionAI_Research\dataset\final_split\train\Sapota\mmpd_9 (10)_rotate_45_512x512.jpg
train,Sapota,1595.jpg,C:\Users\Kushal A\OneDrive\Desktop\MAINPROJECT\PhytoVisionAI_Research\dataset\final_split\train\Sapota\1595.jpg
train,Sapota,mmpd_9 (8)_flip_horizontal.jpg,C:\Users\Kushal A\OneDrive\Desktop\MAINPROJECT\PhytoVisionAI_Research\dataset\final_split\train\Sapota\mmpd_9 (8)_flip_horizontal.jpg
train,Sapota,1609.jpg,C:\Users\Kushal A\OneDrive\Desktop\MAINPROJECT\PhytoVisionAI_Research\dataset\final_split\train\Sapota\1609.jpg
train,Sapota,mmpd_9 (17)_flip_vertical.jpg,C:\Users\Kushal A\OneDrive\Desktop\MAINPROJECT\PhytoVisionAI_Research\dataset\final_split\train\Sapota\mmpd_9 (17)_flip_vertical.jpg
train,Sapota,1576.jpg,C:\Users\Kushal A\OneDrive\Desktop\MAINPROJECT\PhytoVisionAI_Research\dataset\final_split\train\Sapota\1576.jpg
train,Sapota,mmpd_9 (4)_flip_vertical.jpg,C:\Users\Kushal A\OneDrive\Desktop\MAINPROJECT\PhytoVisionAI_Research\dataset\final_split\train\Sapota\mmpd_9 (4)_flip_vertical.jpg
train,Sapota,mmpd_9 (11).jpg,C:\Users\Kushal A\OneDrive\Desktop\MAINPROJECT\PhytoVisionAI_Research\dataset\final_split\train\Sapota\mmpd_9 (11).jpg
train,Sapota,mmpd_9 (5)_rotate_45_512x512.jpg,C:\Users\Kushal A\OneDrive\Desktop\MAINPROJECT\PhytoVisionAI_Research\dataset\final_split\train\Sapota\mmpd_9 (5)_rotate_45_512x512.jpg
train,Sapota,1645.jpg,C:\Users\Kushal A\OneDrive\Desktop\MAINPROJECT\PhytoVisionAI_Research\dataset\final_split\train\Sapota\1645.jpg
train,Sapota,1640.jpg,C:\Users\Kushal A\OneDrive\Desktop\MAINPROJECT\PhytoVisionAI_Research\dataset\final_split\train\Sapota\1640.jpg
train,Sapota,mmpd_9 (6)_flip_horizontal.jpg,C:\Users\Kushal A\OneDrive\Desktop\MAINPROJECT\PhytoVisionAI_Research\dataset\final_split\train\Sapota\mmpd_9 (6)_flip_horizontal.jpg
train,Sapota,mmpd_9 (10).jpg,C:\Users\Kushal A\OneDrive\Desktop\MAINPROJECT\PhytoVisionAI_Research\dataset\final_split\train\Sapota\mmpd_9 (10).jpg
train,Sapota,1654.jpg,C:\Users\Kushal A\OneDrive\Desktop\MAINPROJECT\PhytoVisionAI_Research\dataset\final_split\train\Sapota\1654.jpg
train,Sapota,1647.jpg,C:\Users\Kushal A\OneDrive\Desktop\MAINPROJECT\PhytoVisionAI_Research\dataset\final_split\train\Sapota\1647.jpg
train,Sapota,1596.jpg,C:\Users\Kushal A\OneDrive\Desktop\MAINPROJECT\PhytoVisionAI_Research\dataset\final_split\train\Sapota\1596.jpg
train,Sapota,1575.jpg,C:\Users\Kushal A\OneDrive\Desktop\MAINPROJECT\PhytoVisionAI_Research\dataset\final_split\train\Sapota\1575.jpg
train,Sapota,mmpd_9 (6)_flip_vertical.jpg,C:\Users\Kushal A\OneDrive\Desktop\MAINPROJECT\PhytoVisionAI_Research\dataset\final_split\train\Sapota\mmpd_9 (6)_flip_vertical.jpg
train,Sapota,1597.jpg,C:\Users\Kushal A\OneDrive\Desktop\MAINPROJECT\PhytoVisionAI_Research\dataset\final_split\train\Sapota\1597.jpg
train,Sapota,1638.jpg,C:\Users\Kushal A\OneDrive\Desktop\MAINPROJECT\PhytoVisionAI_Research\dataset\final_split\train\Sapota\1638.jpg
train,Sapota,1649.jpg,C:\Users\Kushal A\OneDrive\Desktop\MAINPROJECT\PhytoVisionAI_Research\dataset\final_split\train\Sapota\1649.jpg
train,Sapota,mmpd_9 (6)_rotate_neg45_512x512.jpg,C:\Users\Kushal A\OneDrive\Desktop\MAINPROJECT\PhytoVisionAI_Research\dataset\final_split\train\Sapota\mmpd_9 (6)_rotate_neg45_512x512.jpg
train,Sapota,1632.jpg,C:\Users\Kushal A\OneDrive\Desktop\MAINPROJECT\PhytoVisionAI_Research\dataset\final_split\train\Sapota\1632.jpg
train,Sapota,mmpd_9 (4)_rotate_neg45_512x512.jpg,C:\Users\Kushal A\OneDrive\Desktop\MAINPROJECT\PhytoVisionAI_Research\dataset\final_split\train\Sapota\mmpd_9 (4)_rotate_neg45_512x512.jpg
train,Sapota,1560.jpg,C:\Users\Kushal A\OneDrive\Desktop\MAINPROJECT\PhytoVisionAI_Research\dataset\final_split\train\Sapota\1560.jpg
train,Sapota,1583.jpg,C:\Users\Kushal A\OneDrive\Desktop\MAINPROJECT\PhytoVisionAI_Research\dataset\final_split\train\Sapota\1583.jpg
train,Sapota,mmpd_9 (18)_flip_horizontal.jpg,C:\Users\Kushal A\OneDrive\Desktop\MAINPROJECT\PhytoVisionAI_Research\dataset\final_split\train\Sapota\mmpd_9 (18)_flip_horizontal.jpg
train,Sapota,mmpd_9 (1)_rotate_neg45_512x512.jpg,C:\Users\Kushal A\OneDrive\Desktop\MAINPROJECT\PhytoVisionAI_Research\dataset\final_split\train\Sapota\mmpd_9 (1)_rotate_neg45_512x512.jpg
train,Sapota,mmpd_9 (5)_rotate_neg45_512x512.jpg,C:\Users\Kushal A\OneDrive\Desktop\MAINPROJECT\PhytoVisionAI_Research\dataset\final_split\train\Sapota\mmpd_9 (5)_rotate_neg45_512x512.jpg
train,Sapota,1561.jpg,C:\Users\Kushal A\OneDrive\Desktop\MAINPROJECT\PhytoVisionAI_Research\dataset\final_split\train\Sapota\1561.jpg
train,Sapota,1614.jpg,C:\Users\Kushal A\OneDrive\Desktop\MAINPROJECT\PhytoVisionAI_Research\dataset\final_split\train\Sapota\1614.jpg
train,Sapota,1594.jpg,C:\Users\Kushal A\OneDrive\Desktop\MAINPROJECT\PhytoVisionAI_Research\dataset\final_split\train\Sapota\1594.jpg
train,Sapota,1598.jpg,C:\Users\Kushal A\OneDrive\Desktop\MAINPROJECT\PhytoVisionAI_Research\dataset\final_split\train\Sapota\1598.jpg
train,Sapota,583.jpg,C:\Users\Kushal A\OneDrive\Desktop\MAINPROJECT\PhytoVisionAI_Research\dataset\final_split\train\Sapota\583.jpg
train,Sapota,1613.jpg,C:\Users\Kushal A\OneDrive\Desktop\MAINPROJECT\PhytoVisionAI_Research\dataset\final_split\train\Sapota\1613.jpg
train,Sapota,1553.jpg,C:\Users\Kushal A\OneDrive\Desktop\MAINPROJECT\PhytoVisionAI_Research\dataset\final_split\train\Sapota\1553.jpg
train,Sapota,1648.jpg,C:\Users\Kushal A\OneDrive\Desktop\MAINPROJECT\PhytoVisionAI_Research\dataset\final_split\train\Sapota\1648.jpg
train,Sapota,1658.jpg,C:\Users\Kushal A\OneDrive\Desktop\MAINPROJECT\PhytoVisionAI_Research\dataset\final_split\train\Sapota\1658.jpg
train,Sapota,64.jpg,C:\Users\Kushal A\OneDrive\Desktop\MAINPROJECT\PhytoVisionAI_Research\dataset\final_split\train\Sapota\64.jpg
train,Sapota,mmpd_9 (6)_rotate_45_512x512.jpg,C:\Users\Kushal A\OneDrive\Desktop\MAINPROJECT\PhytoVisionAI_Research\dataset\final_split\train\Sapota\mmpd_9 (6)_rotate_45_512x512.jpg
train,Sapota,mmpd_9 (1).jpg,C:\Users\Kushal A\OneDrive\Desktop\MAINPROJECT\PhytoVisionAI_Research\dataset\final_split\train\Sapota\mmpd_9 (1).jpg
train,Sapota,1571.jpg,C:\Users\Kushal A\OneDrive\Desktop\MAINPROJECT\PhytoVisionAI_Research\dataset\final_split\train\Sapota\1571.jpg
train,Sapota,mmpd_9 (19).jpg,C:\Users\Kushal A\OneDrive\Desktop\MAINPROJECT\PhytoVisionAI_Research\dataset\final_split\train\Sapota\mmpd_9 (19).jpg
train,Sapota,1653.jpg,C:\Users\Kushal A\OneDrive\Desktop\MAINPROJECT\PhytoVisionAI_Research\dataset\final_split\train\Sapota\1653.jpg
train,Sapota,mmpd_9 (8)_flip_vertical.jpg,C:\Users\Kushal A\OneDrive\Desktop\MAINPROJECT\PhytoVisionAI_Research\dataset\final_split\train\Sapota\mmpd_9 (8)_flip_vertical.jpg
train,Sapota,579.jpg,C:\Users\Kushal A\OneDrive\Desktop\MAINPROJECT\PhytoVisionAI_Research\dataset\final_split\train\Sapota\579.jpg
train,Sapota,1608.jpg,C:\Users\Kushal A\OneDrive\Desktop\MAINPROJECT\PhytoVisionAI_Research\dataset\final_split\train\Sapota\1608.jpg
train,Sapota,1569.jpg,C:\Users\Kushal A\OneDrive\Desktop\MAINPROJECT\PhytoVisionAI_Research\dataset\final_split\train\Sapota\1569.jpg
train,Sapota,mmpd_9 (3)_flip_horizontal.jpg,C:\Users\Kushal A\OneDrive\Desktop\MAINPROJECT\PhytoVisionAI_Research\dataset\final_split\train\Sapota\mmpd_9 (3)_flip_horizontal.jpg
train,Sapota,1552.jpg,C:\Users\Kushal A\OneDrive\Desktop\MAINPROJECT\PhytoVisionAI_Research\dataset\final_split\train\Sapota\1552.jpg
train,Sapota,1606.jpg,C:\Users\Kushal A\OneDrive\Desktop\MAINPROJECT\PhytoVisionAI_Research\dataset\final_split\train\Sapota\1606.jpg
train,Sapota,60.jpg,C:\Users\Kushal A\OneDrive\Desktop\MAINPROJECT\PhytoVisionAI_Research\dataset\final_split\train\Sapota\60.jpg
train,Sapota,1634.jpg,C:\Users\Kushal A\OneDrive\Desktop\MAINPROJECT\PhytoVisionAI_Research\dataset\final_split\train\Sapota\1634.jpg
train,Sapota,1578.jpg,C:\Users\Kushal A\OneDrive\Desktop\MAINPROJECT\PhytoVisionAI_Research\dataset\final_split\train\Sapota\1578.jpg
train,Sapota,mmpd_9 (12)_flip_vertical.jpg,C:\Users\Kushal A\OneDrive\Desktop\MAINPROJECT\PhytoVisionAI_Research\dataset\final_split\train\Sapota\mmpd_9 (12)_flip_vertical.jpg
train,Sapota,mmpd_9 (11)_flip_horizontal.jpg,C:\Users\Kushal A\OneDrive\Desktop\MAINPROJECT\PhytoVisionAI_Research\dataset\final_split\train\Sapota\mmpd_9 (11)_flip_horizontal.jpg
train,Sapota,mmpd_9 (19)_flip_vertical.jpg,C:\Users\Kushal A\OneDrive\Desktop\MAINPROJECT\PhytoVisionAI_Research\dataset\final_split\train\Sapota\mmpd_9 (19)_flip_vertical.jpg
train,Sapota,574.jpg,C:\Users\Kushal A\OneDrive\Desktop\MAINPROJECT\PhytoVisionAI_Research\dataset\final_split\train\Sapota\574.jpg
train,Sapota,mmpd_9 (2)_flip_vertical.jpg,C:\Users\Kushal A\OneDrive\Desktop\MAINPROJECT\PhytoVisionAI_Research\dataset\final_split\train\Sapota\mmpd_9 (2)_flip_vertical.jpg
train,Sapota,1618.jpg,C:\Users\Kushal A\OneDrive\Desktop\MAINPROJECT\PhytoVisionAI_Research\dataset\final_split\train\Sapota\1618.jpg
train,Sapota,1651.jpg,C:\Users\Kushal A\OneDrive\Desktop\MAINPROJECT\PhytoVisionAI_Research\dataset\final_split\train\Sapota\1651.jpg
train,Sapota,1630.jpg,C:\Users\Kushal A\OneDrive\Desktop\MAINPROJECT\PhytoVisionAI_Research\dataset\final_split\train\Sapota\1630.jpg
train,Sapota,mmpd_9 (11)_rotate_45_512x512.jpg,C:\Users\Kushal A\OneDrive\Desktop\MAINPROJECT\PhytoVisionAI_Research\dataset\final_split\train\Sapota\mmpd_9 (11)_rotate_45_512x512.jpg
train,Sapota,1593.jpg,C:\Users\Kushal A\OneDrive\Desktop\MAINPROJECT\PhytoVisionAI_Research\dataset\final_split\train\Sapota\1593.jpg
train,Sapota,mmpd_9 (7).jpg,C:\Users\Kushal A\OneDrive\Desktop\MAINPROJECT\PhytoVisionAI_Research\dataset\final_split\train\Sapota\mmpd_9 (7).jpg
train,Sapota,1611.jpg,C:\Users\Kushal A\OneDrive\Desktop\MAINPROJECT\PhytoVisionAI_Research\dataset\final_split\train\Sapota\1611.jpg
train,Sapota,53.jpg,C:\Users\Kushal A\OneDrive\Desktop\MAINPROJECT\PhytoVisionAI_Research\dataset\final_split\train\Sapota\53.jpg
train,Sapota,1547.jpg,C:\Users\Kushal A\OneDrive\Desktop\MAINPROJECT\PhytoVisionAI_Research\dataset\final_split\train\Sapota\1547.jpg
train,Sapota,mmpd_9 (20)_flip_horizontal.jpg,C:\Users\Kushal A\OneDrive\Desktop\MAINPROJECT\PhytoVisionAI_Research\dataset\final_split\train\Sapota\mmpd_9 (20)_flip_horizontal.jpg
train,Sapota,1642.jpg,C:\Users\Kushal A\OneDrive\Desktop\MAINPROJECT\PhytoVisionAI_Research\dataset\final_split\train\Sapota\1642.jpg
train,Sapota,mmpd_9 (20)_flip_vertical.jpg,C:\Users\Kushal A\OneDrive\Desktop\MAINPROJECT\PhytoVisionAI_Research\dataset\final_split\train\Sapota\mmpd_9 (20)_flip_vertical.jpg
train,Sapota,mmpd_9 (18).jpg,C:\Users\Kushal A\OneDrive\Desktop\MAINPROJECT\PhytoVisionAI_Research\dataset\final_split\train\Sapota\mmpd_9 (18).jpg
train,Sapota,1646.jpg,C:\Users\Kushal A\OneDrive\Desktop\MAINPROJECT\PhytoVisionAI_Research\dataset\final_split\train\Sapota\1646.jpg
train,Sapota,mmpd_9 (9).jpg,C:\Users\Kushal A\OneDrive\Desktop\MAINPROJECT\PhytoVisionAI_Research\dataset\final_split\train\Sapota\mmpd_9 (9).jpg
train,Sapota,1623.jpg,C:\Users\Kushal A\OneDrive\Desktop\MAINPROJECT\PhytoVisionAI_Research\dataset\final_split\train\Sapota\1623.jpg
train,Sapota,1566.jpg,C:\Users\Kushal A\OneDrive\Desktop\MAINPROJECT\PhytoVisionAI_Research\dataset\final_split\train\Sapota\1566.jpg
train,Sapota,1541.jpg,C:\Users\Kushal A\OneDrive\Desktop\MAINPROJECT\PhytoVisionAI_Research\dataset\final_split\train\Sapota\1541.jpg
train,Sapota,1549.jpg,C:\Users\Kushal A\OneDrive\Desktop\MAINPROJECT\PhytoVisionAI_Research\dataset\final_split\train\Sapota\1549.jpg
train,Sapota,mmpd_9 (18)_rotate_neg45_512x512.jpg,C:\Users\Kushal A\OneDrive\Desktop\MAINPROJECT\PhytoVisionAI_Research\dataset\final_split\train\Sapota\mmpd_9 (18)_rotate_neg45_512x512.jpg
train,Sapota,1617.jpg,C:\Users\Kushal A\OneDrive\Desktop\MAINPROJECT\PhytoVisionAI_Research\dataset\final_split\train\Sapota\1617.jpg
train,Sapota,mmpd_9 (20).jpg,C:\Users\Kushal A\OneDrive\Desktop\MAINPROJECT\PhytoVisionAI_Research\dataset\final_split\train\Sapota\mmpd_9 (20).jpg
train,Sapota,1586.jpg,C:\Users\Kushal A\OneDrive\Desktop\MAINPROJECT\PhytoVisionAI_Research\dataset\final_split\train\Sapota\1586.jpg
train,Sapota,1546.jpg,C:\Users\Kushal A\OneDrive\Desktop\MAINPROJECT\PhytoVisionAI_Research\dataset\final_split\train\Sapota\1546.jpg
train,Sapota,mmpd_9 (20)_rotate_neg45_512x512.jpg,C:\Users\Kushal A\OneDrive\Desktop\MAINPROJECT\PhytoVisionAI_Research\dataset\final_split\train\Sapota\mmpd_9 (20)_rotate_neg45_512x512.jpg
train,Sapota,mmpd_9 (13)_flip_horizontal.jpg,C:\Users\Kushal A\OneDrive\Desktop\MAINPROJECT\PhytoVisionAI_Research\dataset\final_split\train\Sapota\mmpd_9 (13)_flip_horizontal.jpg
train,Sapota,mmpd_9 (16)_rotate_45_512x512.jpg,C:\Users\Kushal A\OneDrive\Desktop\MAINPROJECT\PhytoVisionAI_Research\dataset\final_split\train\Sapota\mmpd_9 (16)_rotate_45_512x512.jpg
train,Sapota,1619.jpg,C:\Users\Kushal A\OneDrive\Desktop\MAINPROJECT\PhytoVisionAI_Research\dataset\final_split\train\Sapota\1619.jpg
train,Sapota,mmpd_9 (13).jpg,C:\Users\Kushal A\OneDrive\Desktop\MAINPROJECT\PhytoVisionAI_Research\dataset\final_split\train\Sapota\mmpd_9 (13).jpg
train,Sapota,mmpd_9 (16)_flip_vertical.jpg,C:\Users\Kushal A\OneDrive\Desktop\MAINPROJECT\PhytoVisionAI_Research\dataset\final_split\train\Sapota\mmpd_9 (16)_flip_vertical.jpg
train,Sapota,mmpd_9 (7)_flip_vertical.jpg,C:\Users\Kushal A\OneDrive\Desktop\MAINPROJECT\PhytoVisionAI_Research\dataset\final_split\train\Sapota\mmpd_9 (7)_flip_vertical.jpg
train,Sapota,mmpd_9 (13)_rotate_neg45_512x512.jpg,C:\Users\Kushal A\OneDrive\Desktop\MAINPROJECT\PhytoVisionAI_Research\dataset\final_split\train\Sapota\mmpd_9 (13)_rotate_neg45_512x512.jpg
train,Sapota,1565.jpg,C:\Users\Kushal A\OneDrive\Desktop\MAINPROJECT\PhytoVisionAI_Research\dataset\final_split\train\Sapota\1565.jpg
train,Sapota,mmpd_9 (19)_rotate_45_512x512.jpg,C:\Users\Kushal A\OneDrive\Desktop\MAINPROJECT\PhytoVisionAI_Research\dataset\final_split\train\Sapota\mmpd_9 (19)_rotate_45_512x512.jpg
train,Sapota,mmpd_9 (17)_rotate_neg45_512x512.jpg,C:\Users\Kushal A\OneDrive\Desktop\MAINPROJECT\PhytoVisionAI_Research\dataset\final_split\train\Sapota\mmpd_9 (17)_rotate_neg45_512x512.jpg
train,Sapota,mmpd_9 (3).jpg,C:\Users\Kushal A\OneDrive\Desktop\MAINPROJECT\PhytoVisionAI_Research\dataset\final_split\train\Sapota\mmpd_9 (3).jpg
train,Sapota,1591.jpg,C:\Users\Kushal A\OneDrive\Desktop\MAINPROJECT\PhytoVisionAI_Research\dataset\final_split\train\Sapota\1591.jpg
train,Sapota,1548.jpg,C:\Users\Kushal A\OneDrive\Desktop\MAINPROJECT\PhytoVisionAI_Research\dataset\final_split\train\Sapota\1548.jpg
train,Sapota,1585.jpg,C:\Users\Kushal A\OneDrive\Desktop\MAINPROJECT\PhytoVisionAI_Research\dataset\final_split\train\Sapota\1585.jpg
train,Sapota,1573.jpg,C:\Users\Kushal A\OneDrive\Desktop\MAINPROJECT\PhytoVisionAI_Research\dataset\final_split\train\Sapota\1573.jpg
train,Sapota,1551.jpg,C:\Users\Kushal A\OneDrive\Desktop\MAINPROJECT\PhytoVisionAI_Research\dataset\final_split\train\Sapota\1551.jpg
train,Sapota,mmpd_9 (14).jpg,C:\Users\Kushal A\OneDrive\Desktop\MAINPROJECT\PhytoVisionAI_Research\dataset\final_split\train\Sapota\mmpd_9 (14).jpg
train,Sapota,580.jpg,C:\Users\Kushal A\OneDrive\Desktop\MAINPROJECT\PhytoVisionAI_Research\dataset\final_split\train\Sapota\580.jpg
train,Sapota,1564.jpg,C:\Users\Kushal A\OneDrive\Desktop\MAINPROJECT\PhytoVisionAI_Research\dataset\final_split\train\Sapota\1564.jpg
train,Sapota,1568.jpg,C:\Users\Kushal A\OneDrive\Desktop\MAINPROJECT\PhytoVisionAI_Research\dataset\final_split\train\Sapota\1568.jpg
train,Sapota,mmpd_9 (16).jpg,C:\Users\Kushal A\OneDrive\Desktop\MAINPROJECT\PhytoVisionAI_Research\dataset\final_split\train\Sapota\mmpd_9 (16).jpg
train,Sapota,1644.jpg,C:\Users\Kushal A\OneDrive\Desktop\MAINPROJECT\PhytoVisionAI_Research\dataset\final_split\train\Sapota\1644.jpg
train,Sapota,mmpd_9 (10)_rotate_neg45_512x512.jpg,C:\Users\Kushal A\OneDrive\Desktop\MAINPROJECT\PhytoVisionAI_Research\dataset\final_split\train\Sapota\mmpd_9 (10)_rotate_neg45_512x512.jpg
train,Sapota,1612.jpg,C:\Users\Kushal A\OneDrive\Desktop\MAINPROJECT\PhytoVisionAI_Research\dataset\final_split\train\Sapota\1612.jpg
train,Sapota,mmpd_9 (13)_rotate_45_512x512.jpg,C:\Users\Kushal A\OneDrive\Desktop\MAINPROJECT\PhytoVisionAI_Research\dataset\final_split\train\Sapota\mmpd_9 (13)_rotate_45_512x512.jpg
train,Sapota,mmpd_9 (14)_flip_vertical.jpg,C:\Users\Kushal A\OneDrive\Desktop\MAINPROJECT\PhytoVisionAI_Research\dataset\final_split\train\Sapota\mmpd_9 (14)_flip_vertical.jpg
train,Sapota,mmpd_9 (6).jpg,C:\Users\Kushal A\OneDrive\Desktop\MAINPROJECT\PhytoVisionAI_Research\dataset\final_split\train\Sapota\mmpd_9 (6).jpg
train,Sapota,581.jpg,C:\Users\Kushal A\OneDrive\Desktop\MAINPROJECT\PhytoVisionAI_Research\dataset\final_split\train\Sapota\581.jpg
train,Sapota,mmpd_9 (16)_flip_horizontal.jpg,C:\Users\Kushal A\OneDrive\Desktop\MAINPROJECT\PhytoVisionAI_Research\dataset\final_split\train\Sapota\mmpd_9 (16)_flip_horizontal.jpg
train,Sapota,1639.jpg,C:\Users\Kushal A\OneDrive\Desktop\MAINPROJECT\PhytoVisionAI_Research\dataset\final_split\train\Sapota\1639.jpg
train,Sapota,mmpd_9 (3)_flip_vertical.jpg,C:\Users\Kushal A\OneDrive\Desktop\MAINPROJECT\PhytoVisionAI_Research\dataset\final_split\train\Sapota\mmpd_9 (3)_flip_vertical.jpg
train,Sapota,1556.jpg,C:\Users\Kushal A\OneDrive\Desktop\MAINPROJECT\PhytoVisionAI_Research\dataset\final_split\train\Sapota\1556.jpg
train,Sapota,mmpd_9 (15)_flip_horizontal.jpg,C:\Users\Kushal A\OneDrive\Desktop\MAINPROJECT\PhytoVisionAI_Research\dataset\final_split\train\Sapota\mmpd_9 (15)_flip_horizontal.jpg
train,Sapota,1601.jpg,C:\Users\Kushal A\OneDrive\Desktop\MAINPROJECT\PhytoVisionAI_Research\dataset\final_split\train\Sapota\1601.jpg
train,Sapota,mmpd_9 (12)_rotate_45_512x512.jpg,C:\Users\Kushal A\OneDrive\Desktop\MAINPROJECT\PhytoVisionAI_Research\dataset\final_split\train\Sapota\mmpd_9 (12)_rotate_45_512x512.jpg
train,Sapota,1544.jpg,C:\Users\Kushal A\OneDrive\Desktop\MAINPROJECT\PhytoVisionAI_Research\dataset\final_split\train\Sapota\1544.jpg
train,Sapota,mmpd_9 (17)_rotate_45_512x512.jpg,C:\Users\Kushal A\OneDrive\Desktop\MAINPROJECT\PhytoVisionAI_Research\dataset\final_split\train\Sapota\mmpd_9 (17)_rotate_45_512x512.jpg
train,Sapota,1637.jpg,C:\Users\Kushal A\OneDrive\Desktop\MAINPROJECT\PhytoVisionAI_Research\dataset\final_split\train\Sapota\1637.jpg
train,Sapota,577.jpg,C:\Users\Kushal A\OneDrive\Desktop\MAINPROJECT\PhytoVisionAI_Research\dataset\final_split\train\Sapota\577.jpg
train,Sapota,1540.jpg,C:\Users\Kushal A\OneDrive\Desktop\MAINPROJECT\PhytoVisionAI_Research\dataset\final_split\train\Sapota\1540.jpg
train,Sapota,1656.jpg,C:\Users\Kushal A\OneDrive\Desktop\MAINPROJECT\PhytoVisionAI_Research\dataset\final_split\train\Sapota\1656.jpg
train,Sapota,1633.jpg,C:\Users\Kushal A\OneDrive\Desktop\MAINPROJECT\PhytoVisionAI_Research\dataset\final_split\train\Sapota\1633.jpg
train,Sapota,mmpd_9 (5).jpg,C:\Users\Kushal A\OneDrive\Desktop\MAINPROJECT\PhytoVisionAI_Research\dataset\final_split\train\Sapota\mmpd_9 (5).jpg
train,Sapota,1607.jpg,C:\Users\Kushal A\OneDrive\Desktop\MAINPROJECT\PhytoVisionAI_Research\dataset\final_split\train\Sapota\1607.jpg
train,Sapota,mmpd_9 (17).jpg,C:\Users\Kushal A\OneDrive\Desktop\MAINPROJECT\PhytoVisionAI_Research\dataset\final_split\train\Sapota\mmpd_9 (17).jpg
train,Sapota,1655.jpg,C:\Users\Kushal A\OneDrive\Desktop\MAINPROJECT\PhytoVisionAI_Research\dataset\final_split\train\Sapota\1655.jpg
train,Sapota,mmpd_9 (3)_rotate_neg45_512x512.jpg,C:\Users\Kushal A\OneDrive\Desktop\MAINPROJECT\PhytoVisionAI_Research\dataset\final_split\train\Sapota\mmpd_9 (3)_rotate_neg45_512x512.jpg
train,Sapota,582.jpg,C:\Users\Kushal A\OneDrive\Desktop\MAINPROJECT\PhytoVisionAI_Research\dataset\final_split\train\Sapota\582.jpg
train,Sapota,1557.jpg,C:\Users\Kushal A\OneDrive\Desktop\MAINPROJECT\PhytoVisionAI_Research\dataset\final_split\train\Sapota\1557.jpg
train,Tulasi,mmpd_1 (86).jpg,C:\Users\Kushal A\OneDrive\Desktop\MAINPROJECT\PhytoVisionAI_Research\dataset\final_split\train\Tulasi\mmpd_1 (86).jpg
train,Tulasi,3568.jpg,C:\Users\Kushal A\OneDrive\Desktop\MAINPROJECT\PhytoVisionAI_Research\dataset\final_split\train\Tulasi\3568.jpg
train,Tulasi,mmpd_1 (58).jpg,C:\Users\Kushal A\OneDrive\Desktop\MAINPROJECT\PhytoVisionAI_Research\dataset\final_split\train\Tulasi\mmpd_1 (58).jpg
train,Tulasi,mmpd_1 (62).jpg,C:\Users\Kushal A\OneDrive\Desktop\MAINPROJECT\PhytoVisionAI_Research\dataset\final_split\train\Tulasi\mmpd_1 (62).jpg
train,Tulasi,3608.jpg,C:\Users\Kushal A\OneDrive\Desktop\MAINPROJECT\PhytoVisionAI_Research\dataset\final_split\train\Tulasi\3608.jpg
train,Tulasi,3642.jpg,C:\Users\Kushal A\OneDrive\Desktop\MAINPROJECT\PhytoVisionAI_Research\dataset\final_split\train\Tulasi\3642.jpg
train,Tulasi,mmpd_1 (67).jpg,C:\Users\Kushal A\OneDrive\Desktop\MAINPROJECT\PhytoVisionAI_Research\dataset\final_split\train\Tulasi\mmpd_1 (67).jpg
train,Tulasi,mmpd_1 (100).jpg,C:\Users\Kushal A\OneDrive\Desktop\MAINPROJECT\PhytoVisionAI_Research\dataset\final_split\train\Tulasi\mmpd_1 (100).jpg
train,Tulasi,3606.jpg,C:\Users\Kushal A\OneDrive\Desktop\MAINPROJECT\PhytoVisionAI_Research\dataset\final_split\train\Tulasi\3606.jpg
train,Tulasi,264.jpg,C:\Users\Kushal A\OneDrive\Desktop\MAINPROJECT\PhytoVisionAI_Research\dataset\final_split\train\Tulasi\264.jpg
train,Tulasi,mmpd_1 (8).jpg,C:\Users\Kushal A\OneDrive\Desktop\MAINPROJECT\PhytoVisionAI_Research\dataset\final_split\train\Tulasi\mmpd_1 (8).jpg
train,Tulasi,mmpd_1 (71).jpg,C:\Users\Kushal A\OneDrive\Desktop\MAINPROJECT\PhytoVisionAI_Research\dataset\final_split\train\Tulasi\mmpd_1 (71).jpg
train,Tulasi,3556.jpg,C:\Users\Kushal A\OneDrive\Desktop\MAINPROJECT\PhytoVisionAI_Research\dataset\final_split\train\Tulasi\3556.jpg
train,Tulasi,mmpd_1 (65).jpg,C:\Users\Kushal A\OneDrive\Desktop\MAINPROJECT\PhytoVisionAI_Research\dataset\final_split\train\Tulasi\mmpd_1 (65).jpg
train,Tulasi,3567.jpg,C:\Users\Kushal A\OneDrive\Desktop\MAINPROJECT\PhytoVisionAI_Research\dataset\final_split\train\Tulasi\3567.jpg
train,Tulasi,mmpd_1 (90).jpg,C:\Users\Kushal A\OneDrive\Desktop\MAINPROJECT\PhytoVisionAI_Research\dataset\final_split\train\Tulasi\mmpd_1 (90).jpg
train,Tulasi,mmpd_1 (11).jpg,C:\Users\Kushal A\OneDrive\Desktop\MAINPROJECT\PhytoVisionAI_Research\dataset\final_split\train\Tulasi\mmpd_1 (11).jpg
train,Tulasi,3638.jpg,C:\Users\Kushal A\OneDrive\Desktop\MAINPROJECT\PhytoVisionAI_Research\dataset\final_split\train\Tulasi\3638.jpg
train,Tulasi,3580.jpg,C:\Users\Kushal A\OneDrive\Desktop\MAINPROJECT\PhytoVisionAI_Research\dataset\final_split\train\Tulasi\3580.jpg
train,Tulasi,265.jpg,C:\Users\Kushal A\OneDrive\Desktop\MAINPROJECT\PhytoVisionAI_Research\dataset\final_split\train\Tulasi\265.jpg
train,Tulasi,3593.jpg,C:\Users\Kushal A\OneDrive\Desktop\MAINPROJECT\PhytoVisionAI_Research\dataset\final_split\train\Tulasi\3593.jpg
train,Tulasi,790.jpg,C:\Users\Kushal A\OneDrive\Desktop\MAINPROJECT\PhytoVisionAI_Research\dataset\final_split\train\Tulasi\790.jpg
train,Tulasi,3533.jpg,C:\Users\Kushal A\OneDrive\Desktop\MAINPROJECT\PhytoVisionAI_Research\dataset\final_split\train\Tulasi\3533.jpg
train,Tulasi,261.jpg,C:\Users\Kushal A\OneDrive\Desktop\MAINPROJECT\PhytoVisionAI_Research\dataset\final_split\train\Tulasi\261.jpg
train,Tulasi,mmpd_1 (41).jpg,C:\Users\Kushal A\OneDrive\Desktop\MAINPROJECT\PhytoVisionAI_Research\dataset\final_split\train\Tulasi\mmpd_1 (41).jpg
train,Tulasi,mmpd_1 (64).jpg,C:\Users\Kushal A\OneDrive\Desktop\MAINPROJECT\PhytoVisionAI_Research\dataset\final_split\train\Tulasi\mmpd_1 (64).jpg
train,Tulasi,mmpd_1 (48).jpg,C:\Users\Kushal A\OneDrive\Desktop\MAINPROJECT\PhytoVisionAI_Research\dataset\final_split\train\Tulasi\mmpd_1 (48).jpg
train,Tulasi,mmpd_1 (80).jpg,C:\Users\Kushal A\OneDrive\Desktop\MAINPROJECT\PhytoVisionAI_Research\dataset\final_split\train\Tulasi\mmpd_1 (80).jpg
train,Tulasi,3570.jpg,C:\Users\Kushal A\OneDrive\Desktop\MAINPROJECT\PhytoVisionAI_Research\dataset\final_split\train\Tulasi\3570.jpg
train,Tulasi,mmpd_1 (78).jpg,C:\Users\Kushal A\OneDrive\Desktop\MAINPROJECT\PhytoVisionAI_Research\dataset\final_split\train\Tulasi\mmpd_1 (78).jpg
train,Tulasi,3532.jpg,C:\Users\Kushal A\OneDrive\Desktop\MAINPROJECT\PhytoVisionAI_Research\dataset\final_split\train\Tulasi\3532.jpg
train,Tulasi,789.jpg,C:\Users\Kushal A\OneDrive\Desktop\MAINPROJECT\PhytoVisionAI_Research\dataset\final_split\train\Tulasi\789.jpg
train,Tulasi,3557.jpg,C:\Users\Kushal A\OneDrive\Desktop\MAINPROJECT\PhytoVisionAI_Research\dataset\final_split\train\Tulasi\3557.jpg
train,Tulasi,3569.jpg,C:\Users\Kushal A\OneDrive\Desktop\MAINPROJECT\PhytoVisionAI_Research\dataset\final_split\train\Tulasi\3569.jpg
train,Tulasi,mmpd_1 (30).jpg,C:\Users\Kushal A\OneDrive\Desktop\MAINPROJECT\PhytoVisionAI_Research\dataset\final_split\train\Tulasi\mmpd_1 (30).jpg
train,Tulasi,mmpd_1 (13).jpg,C:\Users\Kushal A\OneDrive\Desktop\MAINPROJECT\PhytoVisionAI_Research\dataset\final_split\train\Tulasi\mmpd_1 (13).jpg
train,Tulasi,mmpd_1 (53).jpg,C:\Users\Kushal A\OneDrive\Desktop\MAINPROJECT\PhytoVisionAI_Research\dataset\final_split\train\Tulasi\mmpd_1 (53).jpg
train,Tulasi,3632.jpg,C:\Users\Kushal A\OneDrive\Desktop\MAINPROJECT\PhytoVisionAI_Research\dataset\final_split\train\Tulasi\3632.jpg
train,Tulasi,3591.jpg,C:\Users\Kushal A\OneDrive\Desktop\MAINPROJECT\PhytoVisionAI_Research\dataset\final_split\train\Tulasi\3591.jpg
train,Tulasi,mmpd_1 (97).jpg,C:\Users\Kushal A\OneDrive\Desktop\MAINPROJECT\PhytoVisionAI_Research\dataset\final_split\train\Tulasi\mmpd_1 (97).jpg
train,Tulasi,781.jpg,C:\Users\Kushal A\OneDrive\Desktop\MAINPROJECT\PhytoVisionAI_Research\dataset\final_split\train\Tulasi\781.jpg
train,Tulasi,3636.jpg,C:\Users\Kushal A\OneDrive\Desktop\MAINPROJECT\PhytoVisionAI_Research\dataset\final_split\train\Tulasi\3636.jpg
train,Tulasi,3647.jpg,C:\Users\Kushal A\OneDrive\Desktop\MAINPROJECT\PhytoVisionAI_Research\dataset\final_split\train\Tulasi\3647.jpg
train,Tulasi,3531.jpg,C:\Users\Kushal A\OneDrive\Desktop\MAINPROJECT\PhytoVisionAI_Research\dataset\final_split\train\Tulasi\3531.jpg
train,Tulasi,3581.jpg,C:\Users\Kushal A\OneDrive\Desktop\MAINPROJECT\PhytoVisionAI_Research\dataset\final_split\train\Tulasi\3581.jpg
train,Tulasi,3587.jpg,C:\Users\Kushal A\OneDrive\Desktop\MAINPROJECT\PhytoVisionAI_Research\dataset\final_split\train\Tulasi\3587.jpg
train,Tulasi,3588.jpg,C:\Users\Kushal A\OneDrive\Desktop\MAINPROJECT\PhytoVisionAI_Research\dataset\final_split\train\Tulasi\3588.jpg
train,Tulasi,3551.jpg,C:\Users\Kushal A\OneDrive\Desktop\MAINPROJECT\PhytoVisionAI_Research\dataset\final_split\train\Tulasi\3551.jpg
train,Tulasi,mmpd_1 (17).jpg,C:\Users\Kushal A\OneDrive\Desktop\MAINPROJECT\PhytoVisionAI_Research\dataset\final_split\train\Tulasi\mmpd_1 (17).jpg
train,Tulasi,3615.jpg,C:\Users\Kushal A\OneDrive\Desktop\MAINPROJECT\PhytoVisionAI_Research\dataset\final_split\train\Tulasi\3615.jpg
train,Tulasi,mmpd_1 (29).jpg,C:\Users\Kushal A\OneDrive\Desktop\MAINPROJECT\PhytoVisionAI_Research\dataset\final_split\train\Tulasi\mmpd_1 (29).jpg
train,Tulasi,3643.jpg,C:\Users\Kushal A\OneDrive\Desktop\MAINPROJECT\PhytoVisionAI_Research\dataset\final_split\train\Tulasi\3643.jpg
train,Tulasi,3596.jpg,C:\Users\Kushal A\OneDrive\Desktop\MAINPROJECT\PhytoVisionAI_Research\dataset\final_split\train\Tulasi\3596.jpg
train,Tulasi,3611.jpg,C:\Users\Kushal A\OneDrive\Desktop\MAINPROJECT\PhytoVisionAI_Research\dataset\final_split\train\Tulasi\3611.jpg
train,Tulasi,mmpd_1 (50).jpg,C:\Users\Kushal A\OneDrive\Desktop\MAINPROJECT\PhytoVisionAI_Research\dataset\final_split\train\Tulasi\mmpd_1 (50).jpg
train,Tulasi,mmpd_1 (60).jpg,C:\Users\Kushal A\OneDrive\Desktop\MAINPROJECT\PhytoVisionAI_Research\dataset\final_split\train\Tulasi\mmpd_1 (60).jpg
train,Tulasi,mmpd_1 (75).jpg,C:\Users\Kushal A\OneDrive\Desktop\MAINPROJECT\PhytoVisionAI_Research\dataset\final_split\train\Tulasi\mmpd_1 (75).jpg
train,Tulasi,mmpd_1 (35).jpg,C:\Users\Kushal A\OneDrive\Desktop\MAINPROJECT\PhytoVisionAI_Research\dataset\final_split\train\Tulasi\mmpd_1 (35).jpg
train,Tulasi,3589.jpg,C:\Users\Kushal A\OneDrive\Desktop\MAINPROJECT\PhytoVisionAI_Research\dataset\final_split\train\Tulasi\3589.jpg
train,Tulasi,3561.jpg,C:\Users\Kushal A\OneDrive\Desktop\MAINPROJECT\PhytoVisionAI_Research\dataset\final_split\train\Tulasi\3561.jpg
train,Tulasi,mmpd_1 (94).jpg,C:\Users\Kushal A\OneDrive\Desktop\MAINPROJECT\PhytoVisionAI_Research\dataset\final_split\train\Tulasi\mmpd_1 (94).jpg
train,Tulasi,mmpd_1 (83).jpg,C:\Users\Kushal A\OneDrive\Desktop\MAINPROJECT\PhytoVisionAI_Research\dataset\final_split\train\Tulasi\mmpd_1 (83).jpg
train,Tulasi,3619.jpg,C:\Users\Kushal A\OneDrive\Desktop\MAINPROJECT\PhytoVisionAI_Research\dataset\final_split\train\Tulasi\3619.jpg
train,Tulasi,3607.jpg,C:\Users\Kushal A\OneDrive\Desktop\MAINPROJECT\PhytoVisionAI_Research\dataset\final_split\train\Tulasi\3607.jpg
train,Tulasi,mmpd_1 (4).jpg,C:\Users\Kushal A\OneDrive\Desktop\MAINPROJECT\PhytoVisionAI_Research\dataset\final_split\train\Tulasi\mmpd_1 (4).jpg
train,Tulasi,3600.jpg,C:\Users\Kushal A\OneDrive\Desktop\MAINPROJECT\PhytoVisionAI_Research\dataset\final_split\train\Tulasi\3600.jpg
train,Tulasi,mmpd_1 (92).jpg,C:\Users\Kushal A\OneDrive\Desktop\MAINPROJECT\PhytoVisionAI_Research\dataset\final_split\train\Tulasi\mmpd_1 (92).jpg
train,Tulasi,3562.jpg,C:\Users\Kushal A\OneDrive\Desktop\MAINPROJECT\PhytoVisionAI_Research\dataset\final_split\train\Tulasi\3562.jpg
train,Tulasi,784.jpg,C:\Users\Kushal A\OneDrive\Desktop\MAINPROJECT\PhytoVisionAI_Research\dataset\final_split\train\Tulasi\784.jpg
train,Tulasi,3565.jpg,C:\Users\Kushal A\OneDrive\Desktop\MAINPROJECT\PhytoVisionAI_Research\dataset\final_split\train\Tulasi\3565.jpg
train,Tulasi,269.jpg,C:\Users\Kushal A\OneDrive\Desktop\MAINPROJECT\PhytoVisionAI_Research\dataset\final_split\train\Tulasi\269.jpg
train,Tulasi,3633.jpg,C:\Users\Kushal A\OneDrive\Desktop\MAINPROJECT\PhytoVisionAI_Research\dataset\final_split\train\Tulasi\3633.jpg
train,Tulasi,3575.jpg,C:\Users\Kushal A\OneDrive\Desktop\MAINPROJECT\PhytoVisionAI_Research\dataset\final_split\train\Tulasi\3575.jpg
train,Tulasi,3646.jpg,C:\Users\Kushal A\OneDrive\Desktop\MAINPROJECT\PhytoVisionAI_Research\dataset\final_split\train\Tulasi\3646.jpg
train,Tulasi,mmpd_1 (20).jpg,C:\Users\Kushal A\OneDrive\Desktop\MAINPROJECT\PhytoVisionAI_Research\dataset\final_split\train\Tulasi\mmpd_1 (20).jpg
train,Tulasi,mmpd_1 (2).jpg,C:\Users\Kushal A\OneDrive\Desktop\MAINPROJECT\PhytoVisionAI_Research\dataset\final_split\train\Tulasi\mmpd_1 (2).jpg
train,Tulasi,3623.jpg,C:\Users\Kushal A\OneDrive\Desktop\MAINPROJECT\PhytoVisionAI_Research\dataset\final_split\train\Tulasi\3623.jpg
train,Tulasi,268.jpg,C:\Users\Kushal A\OneDrive\Desktop\MAINPROJECT\PhytoVisionAI_Research\dataset\final_split\train\Tulasi\268.jpg
train,Tulasi,mmpd_1 (81).jpg,C:\Users\Kushal A\OneDrive\Desktop\MAINPROJECT\PhytoVisionAI_Research\dataset\final_split\train\Tulasi\mmpd_1 (81).jpg
train,Tulasi,3548.jpg,C:\Users\Kushal A\OneDrive\Desktop\MAINPROJECT\PhytoVisionAI_Research\dataset\final_split\train\Tulasi\3548.jpg
train,Tulasi,266.jpg,C:\Users\Kushal A\OneDrive\Desktop\MAINPROJECT\PhytoVisionAI_Research\dataset\final_split\train\Tulasi\266.jpg
train,Tulasi,mmpd_1 (26).jpg,C:\Users\Kushal A\OneDrive\Desktop\MAINPROJECT\PhytoVisionAI_Research\dataset\final_split\train\Tulasi\mmpd_1 (26).jpg
train,Tulasi,mmpd_1 (87).jpg,C:\Users\Kushal A\OneDrive\Desktop\MAINPROJECT\PhytoVisionAI_Research\dataset\final_split\train\Tulasi\mmpd_1 (87).jpg
train,Tulasi,785.jpg,C:\Users\Kushal A\OneDrive\Desktop\MAINPROJECT\PhytoVisionAI_Research\dataset\final_split\train\Tulasi\785.jpg
train,Tulasi,3614.jpg,C:\Users\Kushal A\OneDrive\Desktop\MAINPROJECT\PhytoVisionAI_Research\dataset\final_split\train\Tulasi\3614.jpg
train,Tulasi,mmpd_1 (99).jpg,C:\Users\Kushal A\OneDrive\Desktop\MAINPROJECT\PhytoVisionAI_Research\dataset\final_split\train\Tulasi\mmpd_1 (99).jpg
train,Tulasi,mmpd_1 (59).jpg,C:\Users\Kushal A\OneDrive\Desktop\MAINPROJECT\PhytoVisionAI_Research\dataset\final_split\train\Tulasi\mmpd_1 (59).jpg
train,Tulasi,3577.jpg,C:\Users\Kushal A\OneDrive\Desktop\MAINPROJECT\PhytoVisionAI_Research\dataset\final_split\train\Tulasi\3577.jpg
train,Tulasi,3586.jpg,C:\Users\Kushal A\OneDrive\Desktop\MAINPROJECT\PhytoVisionAI_Research\dataset\final_split\train\Tulasi\3586.jpg
train,Tulasi,mmpd_1 (21).jpg,C:\Users\Kushal A\OneDrive\Desktop\MAINPROJECT\PhytoVisionAI_Research\dataset\final_split\train\Tulasi\mmpd_1 (21).jpg
train,Tulasi,3582.jpg,C:\Users\Kushal A\OneDrive\Desktop\MAINPROJECT\PhytoVisionAI_Research\dataset\final_split\train\Tulasi\3582.jpg
train,Tulasi,3585.jpg,C:\Users\Kushal A\OneDrive\Desktop\MAINPROJECT\PhytoVisionAI_Research\dataset\final_split\train\Tulasi\3585.jpg
train,Tulasi,3635.jpg,C:\Users\Kushal A\OneDrive\Desktop\MAINPROJECT\PhytoVisionAI_Research\dataset\final_split\train\Tulasi\3635.jpg
train,Tulasi,3543.jpg,C:\Users\Kushal A\OneDrive\Desktop\MAINPROJECT\PhytoVisionAI_Research\dataset\final_split\train\Tulasi\3543.jpg
train,Tulasi,mmpd_1 (15).jpg,C:\Users\Kushal A\OneDrive\Desktop\MAINPROJECT\PhytoVisionAI_Research\dataset\final_split\train\Tulasi\mmpd_1 (15).jpg
train,Tulasi,mmpd_1 (42).jpg,C:\Users\Kushal A\OneDrive\Desktop\MAINPROJECT\PhytoVisionAI_Research\dataset\final_split\train\Tulasi\mmpd_1 (42).jpg
train,Tulasi,3542.jpg,C:\Users\Kushal A\OneDrive\Desktop\MAINPROJECT\PhytoVisionAI_Research\dataset\final_split\train\Tulasi\3542.jpg
train,Tulasi,3558.jpg,C:\Users\Kushal A\OneDrive\Desktop\MAINPROJECT\PhytoVisionAI_Research\dataset\final_split\train\Tulasi\3558.jpg
train,Tulasi,mmpd_1 (61).jpg,C:\Users\Kushal A\OneDrive\Desktop\MAINPROJECT\PhytoVisionAI_Research\dataset\final_split\train\Tulasi\mmpd_1 (61).jpg
train,Tulasi,3576.jpg,C:\Users\Kushal A\OneDrive\Desktop\MAINPROJECT\PhytoVisionAI_Research\dataset\final_split\train\Tulasi\3576.jpg
train,Tulasi,3573.jpg,C:\Users\Kushal A\OneDrive\Desktop\MAINPROJECT\PhytoVisionAI_Research\dataset\final_split\train\Tulasi\3573.jpg
train,Tulasi,mmpd_1 (79).jpg,C:\Users\Kushal A\OneDrive\Desktop\MAINPROJECT\PhytoVisionAI_Research\dataset\final_split\train\Tulasi\mmpd_1 (79).jpg
train,Tulasi,3631.jpg,C:\Users\Kushal A\OneDrive\Desktop\MAINPROJECT\PhytoVisionAI_Research\dataset\final_split\train\Tulasi\3631.jpg
train,Tulasi,mmpd_1 (24).jpg,C:\Users\Kushal A\OneDrive\Desktop\MAINPROJECT\PhytoVisionAI_Research\dataset\final_split\train\Tulasi\mmpd_1 (24).jpg
train,Tulasi,783.jpg,C:\Users\Kushal A\OneDrive\Desktop\MAINPROJECT\PhytoVisionAI_Research\dataset\final_split\train\Tulasi\783.jpg
train,Tulasi,3648.jpg,C:\Users\Kushal A\OneDrive\Desktop\MAINPROJECT\PhytoVisionAI_Research\dataset\final_split\train\Tulasi\3648.jpg
train,Tulasi,262.jpg,C:\Users\Kushal A\OneDrive\Desktop\MAINPROJECT\PhytoVisionAI_Research\dataset\final_split\train\Tulasi\262.jpg
train,Tulasi,3552.jpg,C:\Users\Kushal A\OneDrive\Desktop\MAINPROJECT\PhytoVisionAI_Research\dataset\final_split\train\Tulasi\3552.jpg
train,Tulasi,3641.jpg,C:\Users\Kushal A\OneDrive\Desktop\MAINPROJECT\PhytoVisionAI_Research\dataset\final_split\train\Tulasi\3641.jpg
train,Tulasi,mmpd_1 (98).jpg,C:\Users\Kushal A\OneDrive\Desktop\MAINPROJECT\PhytoVisionAI_Research\dataset\final_split\train\Tulasi\mmpd_1 (98).jpg
train,Tulasi,mmpd_1 (40).jpg,C:\Users\Kushal A\OneDrive\Desktop\MAINPROJECT\PhytoVisionAI_Research\dataset\final_split\train\Tulasi\mmpd_1 (40).jpg
train,Tulasi,3595.jpg,C:\Users\Kushal A\OneDrive\Desktop\MAINPROJECT\PhytoVisionAI_Research\dataset\final_split\train\Tulasi\3595.jpg
train,Tulasi,3547.jpg,C:\Users\Kushal A\OneDrive\Desktop\MAINPROJECT\PhytoVisionAI_Research\dataset\final_split\train\Tulasi\3547.jpg
train,Tulasi,mmpd_1 (12).jpg,C:\Users\Kushal A\OneDrive\Desktop\MAINPROJECT\PhytoVisionAI_Research\dataset\final_split\train\Tulasi\mmpd_1 (12).jpg
train,Tulasi,3610.jpg,C:\Users\Kushal A\OneDrive\Desktop\MAINPROJECT\PhytoVisionAI_Research\dataset\final_split\train\Tulasi\3610.jpg
train,Tulasi,mmpd_1 (73).jpg,C:\Users\Kushal A\OneDrive\Desktop\MAINPROJECT\PhytoVisionAI_Research\dataset\final_split\train\Tulasi\mmpd_1 (73).jpg
train,Tulasi,mmpd_1 (54).jpg,C:\Users\Kushal A\OneDrive\Desktop\MAINPROJECT\PhytoVisionAI_Research\dataset\final_split\train\Tulasi\mmpd_1 (54).jpg
train,Tulasi,3625.jpg,C:\Users\Kushal A\OneDrive\Desktop\MAINPROJECT\PhytoVisionAI_Research\dataset\final_split\train\Tulasi\3625.jpg
train,Tulasi,787.jpg,C:\Users\Kushal A\OneDrive\Desktop\MAINPROJECT\PhytoVisionAI_Research\dataset\final_split\train\Tulasi\787.jpg
train,Tulasi,3612.jpg,C:\Users\Kushal A\OneDrive\Desktop\MAINPROJECT\PhytoVisionAI_Research\dataset\final_split\train\Tulasi\3612.jpg
train,Tulasi,mmpd_1 (95).jpg,C:\Users\Kushal A\OneDrive\Desktop\MAINPROJECT\PhytoVisionAI_Research\dataset\final_split\train\Tulasi\mmpd_1 (95).jpg
train,Tulasi,3563.jpg,C:\Users\Kushal A\OneDrive\Desktop\MAINPROJECT\PhytoVisionAI_Research\dataset\final_split\train\Tulasi\3563.jpg
train,Tulasi,3603.jpg,C:\Users\Kushal A\OneDrive\Desktop\MAINPROJECT\PhytoVisionAI_Research\dataset\final_split\train\Tulasi\3603.jpg
train,Tulasi,3541.jpg,C:\Users\Kushal A\OneDrive\Desktop\MAINPROJECT\PhytoVisionAI_Research\dataset\final_split\train\Tulasi\3541.jpg
train,Tulasi,3545.jpg,C:\Users\Kushal A\OneDrive\Desktop\MAINPROJECT\PhytoVisionAI_Research\dataset\final_split\train\Tulasi\3545.jpg
train,Tulasi,3620.jpg,C:\Users\Kushal A\OneDrive\Desktop\MAINPROJECT\PhytoVisionAI_Research\dataset\final_split\train\Tulasi\3620.jpg
train,Tulasi,3634.jpg,C:\Users\Kushal A\OneDrive\Desktop\MAINPROJECT\PhytoVisionAI_Research\dataset\final_split\train\Tulasi\3634.jpg
train,Tulasi,272.jpg,C:\Users\Kushal A\OneDrive\Desktop\MAINPROJECT\PhytoVisionAI_Research\dataset\final_split\train\Tulasi\272.jpg
train,Tulasi,3628.jpg,C:\Users\Kushal A\OneDrive\Desktop\MAINPROJECT\PhytoVisionAI_Research\dataset\final_split\train\Tulasi\3628.jpg
train,Tulasi,mmpd_1 (34).jpg,C:\Users\Kushal A\OneDrive\Desktop\MAINPROJECT\PhytoVisionAI_Research\dataset\final_split\train\Tulasi\mmpd_1 (34).jpg
train,Tulasi,3629.jpg,C:\Users\Kushal A\OneDrive\Desktop\MAINPROJECT\PhytoVisionAI_Research\dataset\final_split\train\Tulasi\3629.jpg
train,Tulasi,mmpd_1 (52).jpg,C:\Users\Kushal A\OneDrive\Desktop\MAINPROJECT\PhytoVisionAI_Research\dataset\final_split\train\Tulasi\mmpd_1 (52).jpg
train,Tulasi,3559.jpg,C:\Users\Kushal A\OneDrive\Desktop\MAINPROJECT\PhytoVisionAI_Research\dataset\final_split\train\Tulasi\3559.jpg
train,Tulasi,mmpd_1 (56).jpg,C:\Users\Kushal A\OneDrive\Desktop\MAINPROJECT\PhytoVisionAI_Research\dataset\final_split\train\Tulasi\mmpd_1 (56).jpg
train,Tulasi,267.jpg,C:\Users\Kushal A\OneDrive\Desktop\MAINPROJECT\PhytoVisionAI_Research\dataset\final_split\train\Tulasi\267.jpg
train,Tulasi,3604.jpg,C:\Users\Kushal A\OneDrive\Desktop\MAINPROJECT\PhytoVisionAI_Research\dataset\final_split\train\Tulasi\3604.jpg
train,Tulasi,mmpd_1 (51).jpg,C:\Users\Kushal A\OneDrive\Desktop\MAINPROJECT\PhytoVisionAI_Research\dataset\final_split\train\Tulasi\mmpd_1 (51).jpg
train,Tulasi,3564.jpg,C:\Users\Kushal A\OneDrive\Desktop\MAINPROJECT\PhytoVisionAI_Research\dataset\final_split\train\Tulasi\3564.jpg
train,Tulasi,mmpd_1 (70).jpg,C:\Users\Kushal A\OneDrive\Desktop\MAINPROJECT\PhytoVisionAI_Research\dataset\final_split\train\Tulasi\mmpd_1 (70).jpg
train,Tulasi,3609.jpg,C:\Users\Kushal A\OneDrive\Desktop\MAINPROJECT\PhytoVisionAI_Research\dataset\final_split\train\Tulasi\3609.jpg
train,Tulasi,3624.jpg,C:\Users\Kushal A\OneDrive\Desktop\MAINPROJECT\PhytoVisionAI_Research\dataset\final_split\train\Tulasi\3624.jpg
train,Tulasi,3621.jpg,C:\Users\Kushal A\OneDrive\Desktop\MAINPROJECT\PhytoVisionAI_Research\dataset\final_split\train\Tulasi\3621.jpg
train,Tulasi,3544.jpg,C:\Users\Kushal A\OneDrive\Desktop\MAINPROJECT\PhytoVisionAI_Research\dataset\final_split\train\Tulasi\3544.jpg
train,Tulasi,3538.jpg,C:\Users\Kushal A\OneDrive\Desktop\MAINPROJECT\PhytoVisionAI_Research\dataset\final_split\train\Tulasi\3538.jpg
train,Tulasi,3598.jpg,C:\Users\Kushal A\OneDrive\Desktop\MAINPROJECT\PhytoVisionAI_Research\dataset\final_split\train\Tulasi\3598.jpg
train,Tulasi,mmpd_1 (37).jpg,C:\Users\Kushal A\OneDrive\Desktop\MAINPROJECT\PhytoVisionAI_Research\dataset\final_split\train\Tulasi\mmpd_1 (37).jpg
train,Tulasi,3584.jpg,C:\Users\Kushal A\OneDrive\Desktop\MAINPROJECT\PhytoVisionAI_Research\dataset\final_split\train\Tulasi\3584.jpg
train,Tulasi,3534.jpg,C:\Users\Kushal A\OneDrive\Desktop\MAINPROJECT\PhytoVisionAI_Research\dataset\final_split\train\Tulasi\3534.jpg
train,Tulasi,3578.jpg,C:\Users\Kushal A\OneDrive\Desktop\MAINPROJECT\PhytoVisionAI_Research\dataset\final_split\train\Tulasi\3578.jpg
train,Tulasi,3579.jpg,C:\Users\Kushal A\OneDrive\Desktop\MAINPROJECT\PhytoVisionAI_Research\dataset\final_split\train\Tulasi\3579.jpg
train,Tulasi,mmpd_1 (7).jpg,C:\Users\Kushal A\OneDrive\Desktop\MAINPROJECT\PhytoVisionAI_Research\dataset\final_split\train\Tulasi\mmpd_1 (7).jpg
train,Tulasi,mmpd_1 (19).jpg,C:\Users\Kushal A\OneDrive\Desktop\MAINPROJECT\PhytoVisionAI_Research\dataset\final_split\train\Tulasi\mmpd_1 (19).jpg
train,Tulasi,mmpd_1 (18).jpg,C:\Users\Kushal A\OneDrive\Desktop\MAINPROJECT\PhytoVisionAI_Research\dataset\final_split\train\Tulasi\mmpd_1 (18).jpg
train,Tulasi,mmpd_1 (3).jpg,C:\Users\Kushal A\OneDrive\Desktop\MAINPROJECT\PhytoVisionAI_Research\dataset\final_split\train\Tulasi\mmpd_1 (3).jpg
train,Tulasi,3617.jpg,C:\Users\Kushal A\OneDrive\Desktop\MAINPROJECT\PhytoVisionAI_Research\dataset\final_split\train\Tulasi\3617.jpg
train,Tulasi,mmpd_1 (9).jpg,C:\Users\Kushal A\OneDrive\Desktop\MAINPROJECT\PhytoVisionAI_Research\dataset\final_split\train\Tulasi\mmpd_1 (9).jpg
train,Tulasi,3566.jpg,C:\Users\Kushal A\OneDrive\Desktop\MAINPROJECT\PhytoVisionAI_Research\dataset\final_split\train\Tulasi\3566.jpg
train,Tulasi,791.jpg,C:\Users\Kushal A\OneDrive\Desktop\MAINPROJECT\PhytoVisionAI_Research\dataset\final_split\train\Tulasi\791.jpg
train,Tulasi,mmpd_1 (91).jpg,C:\Users\Kushal A\OneDrive\Desktop\MAINPROJECT\PhytoVisionAI_Research\dataset\final_split\train\Tulasi\mmpd_1 (91).jpg
train,Tulasi,3550.jpg,C:\Users\Kushal A\OneDrive\Desktop\MAINPROJECT\PhytoVisionAI_Research\dataset\final_split\train\Tulasi\3550.jpg
train,Tulasi,mmpd_1 (33).jpg,C:\Users\Kushal A\OneDrive\Desktop\MAINPROJECT\PhytoVisionAI_Research\dataset\final_split\train\Tulasi\mmpd_1 (33).jpg
train,Tulasi,mmpd_1 (69).jpg,C:\Users\Kushal A\OneDrive\Desktop\MAINPROJECT\PhytoVisionAI_Research\dataset\final_split\train\Tulasi\mmpd_1 (69).jpg
train,Tulasi,mmpd_1 (49).jpg,C:\Users\Kushal A\OneDrive\Desktop\MAINPROJECT\PhytoVisionAI_Research\dataset\final_split\train\Tulasi\mmpd_1 (49).jpg
train,Tulasi,mmpd_1 (27).jpg,C:\Users\Kushal A\OneDrive\Desktop\MAINPROJECT\PhytoVisionAI_Research\dataset\final_split\train\Tulasi\mmpd_1 (27).jpg
train,Tulasi,mmpd_1 (31).jpg,C:\Users\Kushal A\OneDrive\Desktop\MAINPROJECT\PhytoVisionAI_Research\dataset\final_split\train\Tulasi\mmpd_1 (31).jpg
train,Tulasi,3583.jpg,C:\Users\Kushal A\OneDrive\Desktop\MAINPROJECT\PhytoVisionAI_Research\dataset\final_split\train\Tulasi\3583.jpg
train,Tulasi,3618.jpg,C:\Users\Kushal A\OneDrive\Desktop\MAINPROJECT\PhytoVisionAI_Research\dataset\final_split\train\Tulasi\3618.jpg
train,Tulasi,788.jpg,C:\Users\Kushal A\OneDrive\Desktop\MAINPROJECT\PhytoVisionAI_Research\dataset\final_split\train\Tulasi\788.jpg
train,Tulasi,mmpd_1 (45).jpg,C:\Users\Kushal A\OneDrive\Desktop\MAINPROJECT\PhytoVisionAI_Research\dataset\final_split\train\Tulasi\mmpd_1 (45).jpg
train,Tulasi,mmpd_1 (1).jpg,C:\Users\Kushal A\OneDrive\Desktop\MAINPROJECT\PhytoVisionAI_Research\dataset\final_split\train\Tulasi\mmpd_1 (1).jpg
train,Tulasi,3637.jpg,C:\Users\Kushal A\OneDrive\Desktop\MAINPROJECT\PhytoVisionAI_Research\dataset\final_split\train\Tulasi\3637.jpg
train,Tulasi,3537.jpg,C:\Users\Kushal A\OneDrive\Desktop\MAINPROJECT\PhytoVisionAI_Research\dataset\final_split\train\Tulasi\3537.jpg
train,Wood_sorel,4943.jpg,C:\Users\Kushal A\OneDrive\Desktop\MAINPROJECT\PhytoVisionAI_Research\dataset\final_split\train\Wood_sorel\4943.jpg
train,Wood_sorel,4907.jpg,C:\Users\Kushal A\OneDrive\Desktop\MAINPROJECT\PhytoVisionAI_Research\dataset\final_split\train\Wood_sorel\4907.jpg
train,Wood_sorel,4941.jpg,C:\Users\Kushal A\OneDrive\Desktop\MAINPROJECT\PhytoVisionAI_Research\dataset\final_split\train\Wood_sorel\4941.jpg
train,Wood_sorel,4874.jpg,C:\Users\Kushal A\OneDrive\Desktop\MAINPROJECT\PhytoVisionAI_Research\dataset\final_split\train\Wood_sorel\4874.jpg
train,Wood_sorel,4896.jpg,C:\Users\Kushal A\OneDrive\Desktop\MAINPROJECT\PhytoVisionAI_Research\dataset\final_split\train\Wood_sorel\4896.jpg
train,Wood_sorel,4926.jpg,C:\Users\Kushal A\OneDrive\Desktop\MAINPROJECT\PhytoVisionAI_Research\dataset\final_split\train\Wood_sorel\4926.jpg
train,Wood_sorel,4982.jpg,C:\Users\Kushal A\OneDrive\Desktop\MAINPROJECT\PhytoVisionAI_Research\dataset\final_split\train\Wood_sorel\4982.jpg
train,Wood_sorel,4885.jpg,C:\Users\Kushal A\OneDrive\Desktop\MAINPROJECT\PhytoVisionAI_Research\dataset\final_split\train\Wood_sorel\4885.jpg
train,Wood_sorel,4977.jpg,C:\Users\Kushal A\OneDrive\Desktop\MAINPROJECT\PhytoVisionAI_Research\dataset\final_split\train\Wood_sorel\4977.jpg
train,Wood_sorel,411.jpg,C:\Users\Kushal A\OneDrive\Desktop\MAINPROJECT\PhytoVisionAI_Research\dataset\final_split\train\Wood_sorel\411.jpg
train,Wood_sorel,4949.jpg,C:\Users\Kushal A\OneDrive\Desktop\MAINPROJECT\PhytoVisionAI_Research\dataset\final_split\train\Wood_sorel\4949.jpg
train,Wood_sorel,4918.jpg,C:\Users\Kushal A\OneDrive\Desktop\MAINPROJECT\PhytoVisionAI_Research\dataset\final_split\train\Wood_sorel\4918.jpg
train,Wood_sorel,415.jpg,C:\Users\Kushal A\OneDrive\Desktop\MAINPROJECT\PhytoVisionAI_Research\dataset\final_split\train\Wood_sorel\415.jpg
train,Wood_sorel,404.jpg,C:\Users\Kushal A\OneDrive\Desktop\MAINPROJECT\PhytoVisionAI_Research\dataset\final_split\train\Wood_sorel\404.jpg
train,Wood_sorel,4895.jpg,C:\Users\Kushal A\OneDrive\Desktop\MAINPROJECT\PhytoVisionAI_Research\dataset\final_split\train\Wood_sorel\4895.jpg
train,Wood_sorel,4962.jpg,C:\Users\Kushal A\OneDrive\Desktop\MAINPROJECT\PhytoVisionAI_Research\dataset\final_split\train\Wood_sorel\4962.jpg
train,Wood_sorel,4959.jpg,C:\Users\Kushal A\OneDrive\Desktop\MAINPROJECT\PhytoVisionAI_Research\dataset\final_split\train\Wood_sorel\4959.jpg
train,Wood_sorel,409.jpg,C:\Users\Kushal A\OneDrive\Desktop\MAINPROJECT\PhytoVisionAI_Research\dataset\final_split\train\Wood_sorel\409.jpg
train,Wood_sorel,4938.jpg,C:\Users\Kushal A\OneDrive\Desktop\MAINPROJECT\PhytoVisionAI_Research\dataset\final_split\train\Wood_sorel\4938.jpg
train,Wood_sorel,4919.jpg,C:\Users\Kushal A\OneDrive\Desktop\MAINPROJECT\PhytoVisionAI_Research\dataset\final_split\train\Wood_sorel\4919.jpg
train,Wood_sorel,4972.jpg,C:\Users\Kushal A\OneDrive\Desktop\MAINPROJECT\PhytoVisionAI_Research\dataset\final_split\train\Wood_sorel\4972.jpg
train,Wood_sorel,927.jpg,C:\Users\Kushal A\OneDrive\Desktop\MAINPROJECT\PhytoVisionAI_Research\dataset\final_split\train\Wood_sorel\927.jpg
train,Wood_sorel,4867.jpg,C:\Users\Kushal A\OneDrive\Desktop\MAINPROJECT\PhytoVisionAI_Research\dataset\final_split\train\Wood_sorel\4867.jpg
train,Wood_sorel,413.jpg,C:\Users\Kushal A\OneDrive\Desktop\MAINPROJECT\PhytoVisionAI_Research\dataset\final_split\train\Wood_sorel\413.jpg
train,Wood_sorel,924.jpg,C:\Users\Kushal A\OneDrive\Desktop\MAINPROJECT\PhytoVisionAI_Research\dataset\final_split\train\Wood_sorel\924.jpg
train,Wood_sorel,4924.jpg,C:\Users\Kushal A\OneDrive\Desktop\MAINPROJECT\PhytoVisionAI_Research\dataset\final_split\train\Wood_sorel\4924.jpg
train,Wood_sorel,4922.jpg,C:\Users\Kushal A\OneDrive\Desktop\MAINPROJECT\PhytoVisionAI_Research\dataset\final_split\train\Wood_sorel\4922.jpg
train,Wood_sorel,4901.jpg,C:\Users\Kushal A\OneDrive\Desktop\MAINPROJECT\PhytoVisionAI_Research\dataset\final_split\train\Wood_sorel\4901.jpg
train,Wood_sorel,4966.jpg,C:\Users\Kushal A\OneDrive\Desktop\MAINPROJECT\PhytoVisionAI_Research\dataset\final_split\train\Wood_sorel\4966.jpg
train,Wood_sorel,416.jpg,C:\Users\Kushal A\OneDrive\Desktop\MAINPROJECT\PhytoVisionAI_Research\dataset\final_split\train\Wood_sorel\416.jpg
train,Wood_sorel,4937.jpg,C:\Users\Kushal A\OneDrive\Desktop\MAINPROJECT\PhytoVisionAI_Research\dataset\final_split\train\Wood_sorel\4937.jpg
train,Wood_sorel,4894.jpg,C:\Users\Kushal A\OneDrive\Desktop\MAINPROJECT\PhytoVisionAI_Research\dataset\final_split\train\Wood_sorel\4894.jpg
train,Wood_sorel,4942.jpg,C:\Users\Kushal A\OneDrive\Desktop\MAINPROJECT\PhytoVisionAI_Research\dataset\final_split\train\Wood_sorel\4942.jpg
train,Wood_sorel,4910.jpg,C:\Users\Kushal A\OneDrive\Desktop\MAINPROJECT\PhytoVisionAI_Research\dataset\final_split\train\Wood_sorel\4910.jpg
train,Wood_sorel,4912.jpg,C:\Users\Kushal A\OneDrive\Desktop\MAINPROJECT\PhytoVisionAI_Research\dataset\final_split\train\Wood_sorel\4912.jpg
train,Wood_sorel,4916.jpg,C:\Users\Kushal A\OneDrive\Desktop\MAINPROJECT\PhytoVisionAI_Research\dataset\final_split\train\Wood_sorel\4916.jpg
train,Wood_sorel,4921.jpg,C:\Users\Kushal A\OneDrive\Desktop\MAINPROJECT\PhytoVisionAI_Research\dataset\final_split\train\Wood_sorel\4921.jpg
train,Wood_sorel,410.jpg,C:\Users\Kushal A\OneDrive\Desktop\MAINPROJECT\PhytoVisionAI_Research\dataset\final_split\train\Wood_sorel\410.jpg
train,Wood_sorel,4973.jpg,C:\Users\Kushal A\OneDrive\Desktop\MAINPROJECT\PhytoVisionAI_Research\dataset\final_split\train\Wood_sorel\4973.jpg
train,Wood_sorel,930.jpg,C:\Users\Kushal A\OneDrive\Desktop\MAINPROJECT\PhytoVisionAI_Research\dataset\final_split\train\Wood_sorel\930.jpg
train,Wood_sorel,934.jpg,C:\Users\Kushal A\OneDrive\Desktop\MAINPROJECT\PhytoVisionAI_Research\dataset\final_split\train\Wood_sorel\934.jpg
train,Wood_sorel,4923.jpg,C:\Users\Kushal A\OneDrive\Desktop\MAINPROJECT\PhytoVisionAI_Research\dataset\final_split\train\Wood_sorel\4923.jpg
train,Wood_sorel,4903.jpg,C:\Users\Kushal A\OneDrive\Desktop\MAINPROJECT\PhytoVisionAI_Research\dataset\final_split\train\Wood_sorel\4903.jpg
train,Wood_sorel,4889.jpg,C:\Users\Kushal A\OneDrive\Desktop\MAINPROJECT\PhytoVisionAI_Research\dataset\final_split\train\Wood_sorel\4889.jpg
train,Wood_sorel,4944.jpg,C:\Users\Kushal A\OneDrive\Desktop\MAINPROJECT\PhytoVisionAI_Research\dataset\final_split\train\Wood_sorel\4944.jpg
train,Wood_sorel,4906.jpg,C:\Users\Kushal A\OneDrive\Desktop\MAINPROJECT\PhytoVisionAI_Research\dataset\final_split\train\Wood_sorel\4906.jpg
train,Wood_sorel,4911.jpg,C:\Users\Kushal A\OneDrive\Desktop\MAINPROJECT\PhytoVisionAI_Research\dataset\final_split\train\Wood_sorel\4911.jpg
train,Wood_sorel,4899.jpg,C:\Users\Kushal A\OneDrive\Desktop\MAINPROJECT\PhytoVisionAI_Research\dataset\final_split\train\Wood_sorel\4899.jpg
train,Wood_sorel,4928.jpg,C:\Users\Kushal A\OneDrive\Desktop\MAINPROJECT\PhytoVisionAI_Research\dataset\final_split\train\Wood_sorel\4928.jpg
train,Wood_sorel,4935.jpg,C:\Users\Kushal A\OneDrive\Desktop\MAINPROJECT\PhytoVisionAI_Research\dataset\final_split\train\Wood_sorel\4935.jpg
train,Wood_sorel,4969.jpg,C:\Users\Kushal A\OneDrive\Desktop\MAINPROJECT\PhytoVisionAI_Research\dataset\final_split\train\Wood_sorel\4969.jpg
train,Wood_sorel,406.jpg,C:\Users\Kushal A\OneDrive\Desktop\MAINPROJECT\PhytoVisionAI_Research\dataset\final_split\train\Wood_sorel\406.jpg
train,Wood_sorel,4933.jpg,C:\Users\Kushal A\OneDrive\Desktop\MAINPROJECT\PhytoVisionAI_Research\dataset\final_split\train\Wood_sorel\4933.jpg
train,Wood_sorel,4920.jpg,C:\Users\Kushal A\OneDrive\Desktop\MAINPROJECT\PhytoVisionAI_Research\dataset\final_split\train\Wood_sorel\4920.jpg
train,Wood_sorel,4880.jpg,C:\Users\Kushal A\OneDrive\Desktop\MAINPROJECT\PhytoVisionAI_Research\dataset\final_split\train\Wood_sorel\4880.jpg
train,Wood_sorel,4868.jpg,C:\Users\Kushal A\OneDrive\Desktop\MAINPROJECT\PhytoVisionAI_Research\dataset\final_split\train\Wood_sorel\4868.jpg
train,Wood_sorel,4945.jpg,C:\Users\Kushal A\OneDrive\Desktop\MAINPROJECT\PhytoVisionAI_Research\dataset\final_split\train\Wood_sorel\4945.jpg
train,Wood_sorel,928.jpg,C:\Users\Kushal A\OneDrive\Desktop\MAINPROJECT\PhytoVisionAI_Research\dataset\final_split\train\Wood_sorel\928.jpg
train,Wood_sorel,4964.jpg,C:\Users\Kushal A\OneDrive\Desktop\MAINPROJECT\PhytoVisionAI_Research\dataset\final_split\train\Wood_sorel\4964.jpg
train,Wood_sorel,4897.jpg,C:\Users\Kushal A\OneDrive\Desktop\MAINPROJECT\PhytoVisionAI_Research\dataset\final_split\train\Wood_sorel\4897.jpg
train,Wood_sorel,4884.jpg,C:\Users\Kushal A\OneDrive\Desktop\MAINPROJECT\PhytoVisionAI_Research\dataset\final_split\train\Wood_sorel\4884.jpg
train,Wood_sorel,4892.jpg,C:\Users\Kushal A\OneDrive\Desktop\MAINPROJECT\PhytoVisionAI_Research\dataset\final_split\train\Wood_sorel\4892.jpg
train,Wood_sorel,4908.jpg,C:\Users\Kushal A\OneDrive\Desktop\MAINPROJECT\PhytoVisionAI_Research\dataset\final_split\train\Wood_sorel\4908.jpg
train,Wood_sorel,4968.jpg,C:\Users\Kushal A\OneDrive\Desktop\MAINPROJECT\PhytoVisionAI_Research\dataset\final_split\train\Wood_sorel\4968.jpg
train,Wood_sorel,4875.jpg,C:\Users\Kushal A\OneDrive\Desktop\MAINPROJECT\PhytoVisionAI_Research\dataset\final_split\train\Wood_sorel\4875.jpg
train,Wood_sorel,412.jpg,C:\Users\Kushal A\OneDrive\Desktop\MAINPROJECT\PhytoVisionAI_Research\dataset\final_split\train\Wood_sorel\412.jpg
train,Wood_sorel,4879.jpg,C:\Users\Kushal A\OneDrive\Desktop\MAINPROJECT\PhytoVisionAI_Research\dataset\final_split\train\Wood_sorel\4879.jpg
train,Wood_sorel,4878.jpg,C:\Users\Kushal A\OneDrive\Desktop\MAINPROJECT\PhytoVisionAI_Research\dataset\final_split\train\Wood_sorel\4878.jpg
train,Wood_sorel,4927.jpg,C:\Users\Kushal A\OneDrive\Desktop\MAINPROJECT\PhytoVisionAI_Research\dataset\final_split\train\Wood_sorel\4927.jpg
train,Wood_sorel,4955.jpg,C:\Users\Kushal A\OneDrive\Desktop\MAINPROJECT\PhytoVisionAI_Research\dataset\final_split\train\Wood_sorel\4955.jpg
train,Wood_sorel,4961.jpg,C:\Users\Kushal A\OneDrive\Desktop\MAINPROJECT\PhytoVisionAI_Research\dataset\final_split\train\Wood_sorel\4961.jpg
train,Wood_sorel,405.jpg,C:\Users\Kushal A\OneDrive\Desktop\MAINPROJECT\PhytoVisionAI_Research\dataset\final_split\train\Wood_sorel\405.jpg
train,Wood_sorel,4970.jpg,C:\Users\Kushal A\OneDrive\Desktop\MAINPROJECT\PhytoVisionAI_Research\dataset\final_split\train\Wood_sorel\4970.jpg
train,Wood_sorel,408.jpg,C:\Users\Kushal A\OneDrive\Desktop\MAINPROJECT\PhytoVisionAI_Research\dataset\final_split\train\Wood_sorel\408.jpg
train,Wood_sorel,4881.jpg,C:\Users\Kushal A\OneDrive\Desktop\MAINPROJECT\PhytoVisionAI_Research\dataset\final_split\train\Wood_sorel\4881.jpg
train,Wood_sorel,4979.jpg,C:\Users\Kushal A\OneDrive\Desktop\MAINPROJECT\PhytoVisionAI_Research\dataset\final_split\train\Wood_sorel\4979.jpg
train,Wood_sorel,4873.jpg,C:\Users\Kushal A\OneDrive\Desktop\MAINPROJECT\PhytoVisionAI_Research\dataset\final_split\train\Wood_sorel\4873.jpg
train,Wood_sorel,4939.jpg,C:\Users\Kushal A\OneDrive\Desktop\MAINPROJECT\PhytoVisionAI_Research\dataset\final_split\train\Wood_sorel\4939.jpg
train,Wood_sorel,4936.jpg,C:\Users\Kushal A\OneDrive\Desktop\MAINPROJECT\PhytoVisionAI_Research\dataset\final_split\train\Wood_sorel\4936.jpg
train,Wood_sorel,4915.jpg,C:\Users\Kushal A\OneDrive\Desktop\MAINPROJECT\PhytoVisionAI_Research\dataset\final_split\train\Wood_sorel\4915.jpg
train,Wood_sorel,4902.jpg,C:\Users\Kushal A\OneDrive\Desktop\MAINPROJECT\PhytoVisionAI_Research\dataset\final_split\train\Wood_sorel\4902.jpg
train,Wood_sorel,4957.jpg,C:\Users\Kushal A\OneDrive\Desktop\MAINPROJECT\PhytoVisionAI_Research\dataset\final_split\train\Wood_sorel\4957.jpg
train,Wood_sorel,4981.jpg,C:\Users\Kushal A\OneDrive\Desktop\MAINPROJECT\PhytoVisionAI_Research\dataset\final_split\train\Wood_sorel\4981.jpg
train,Wood_sorel,4913.jpg,C:\Users\Kushal A\OneDrive\Desktop\MAINPROJECT\PhytoVisionAI_Research\dataset\final_split\train\Wood_sorel\4913.jpg
train,Wood_sorel,4951.jpg,C:\Users\Kushal A\OneDrive\Desktop\MAINPROJECT\PhytoVisionAI_Research\dataset\final_split\train\Wood_sorel\4951.jpg
train,Wood_sorel,4917.jpg,C:\Users\Kushal A\OneDrive\Desktop\MAINPROJECT\PhytoVisionAI_Research\dataset\final_split\train\Wood_sorel\4917.jpg
train,Wood_sorel,4983.jpg,C:\Users\Kushal A\OneDrive\Desktop\MAINPROJECT\PhytoVisionAI_Research\dataset\final_split\train\Wood_sorel\4983.jpg
train,Wood_sorel,4914.jpg,C:\Users\Kushal A\OneDrive\Desktop\MAINPROJECT\PhytoVisionAI_Research\dataset\final_split\train\Wood_sorel\4914.jpg
train,Wood_sorel,414.jpg,C:\Users\Kushal A\OneDrive\Desktop\MAINPROJECT\PhytoVisionAI_Research\dataset\final_split\train\Wood_sorel\414.jpg
train,Wood_sorel,4898.jpg,C:\Users\Kushal A\OneDrive\Desktop\MAINPROJECT\PhytoVisionAI_Research\dataset\final_split\train\Wood_sorel\4898.jpg
train,Wood_sorel,4956.jpg,C:\Users\Kushal A\OneDrive\Desktop\MAINPROJECT\PhytoVisionAI_Research\dataset\final_split\train\Wood_sorel\4956.jpg
train,Wood_sorel,4940.jpg,C:\Users\Kushal A\OneDrive\Desktop\MAINPROJECT\PhytoVisionAI_Research\dataset\final_split\train\Wood_sorel\4940.jpg
train,Wood_sorel,4976.jpg,C:\Users\Kushal A\OneDrive\Desktop\MAINPROJECT\PhytoVisionAI_Research\dataset\final_split\train\Wood_sorel\4976.jpg
train,Wood_sorel,936.jpg,C:\Users\Kushal A\OneDrive\Desktop\MAINPROJECT\PhytoVisionAI_Research\dataset\final_split\train\Wood_sorel\936.jpg
train,Wood_sorel,4929.jpg,C:\Users\Kushal A\OneDrive\Desktop\MAINPROJECT\PhytoVisionAI_Research\dataset\final_split\train\Wood_sorel\4929.jpg
train,Wood_sorel,4882.jpg,C:\Users\Kushal A\OneDrive\Desktop\MAINPROJECT\PhytoVisionAI_Research\dataset\final_split\train\Wood_sorel\4882.jpg
train,Wood_sorel,4953.jpg,C:\Users\Kushal A\OneDrive\Desktop\MAINPROJECT\PhytoVisionAI_Research\dataset\final_split\train\Wood_sorel\4953.jpg
train,Wood_sorel,4925.jpg,C:\Users\Kushal A\OneDrive\Desktop\MAINPROJECT\PhytoVisionAI_Research\dataset\final_split\train\Wood_sorel\4925.jpg
train,Wood_sorel,4930.jpg,C:\Users\Kushal A\OneDrive\Desktop\MAINPROJECT\PhytoVisionAI_Research\dataset\final_split\train\Wood_sorel\4930.jpg
train,Wood_sorel,926.jpg,C:\Users\Kushal A\OneDrive\Desktop\MAINPROJECT\PhytoVisionAI_Research\dataset\final_split\train\Wood_sorel\926.jpg
train,Wood_sorel,4954.jpg,C:\Users\Kushal A\OneDrive\Desktop\MAINPROJECT\PhytoVisionAI_Research\dataset\final_split\train\Wood_sorel\4954.jpg
train,Wood_sorel,4931.jpg,C:\Users\Kushal A\OneDrive\Desktop\MAINPROJECT\PhytoVisionAI_Research\dataset\final_split\train\Wood_sorel\4931.jpg
